$MeshFormat
2.2 0 8
$EndMeshFormat
$PhysicalNames
5
1 1 "Inlet"
1 2 "Mirror"
1 3 "Wall"
1 4 "Outlet"
2 5 "InField"
$EndPhysicalNames
$Nodes
7243
1 -0.0005 0 0
2 0.003602754524062539 0 0
3 0.003769926304593397 0.006833310501701467 0
4 0.004041819852359965 0.000496273075820661 0
5 0.4826 0.05925582909174176 0
6 0.4755512301023572 0.1244616007563498 0
7 1.016 0.1161369847336803 0
8 0.99699372377357 0.2544718163009612 0
9 0.98199372377357 0.35 0
10 0.4755512301023572 0.35 0
11 0.003769926304593397 0.35 0
12 0.0004485370603616672 0 0
13 0.001178180943286872 0 0
14 0.001739445454672165 0 0
15 0.002171187377953776 0 0
16 0.002503296536616459 0 0
17 0.002758765122069975 0 0
18 0.002955279405900386 0 0
19 0.003106444245061644 0 0
20 0.003222724878480385 0 0
21 0.003312171513527617 0 0
22 0.00338097662795428 0 0
23 0.003433903629798586 0 0
24 0.003474616706448824 0 0
25 0.003505934463033539 0 0
26 0.003530025043242266 0 0
27 0.003548556259194759 0 0
28 0.00356281104355791 0 0
29 0.003573776259875686 0 0
30 0.003582211039417139 0 0
31 0.003588699329695114 0 0
32 0.003593690321964733 0 0
33 0.003597529544800678 0 0
34 0.003600482795524043 0 0
35 -2.573146981902741e-05 0 0
36 0.0008133590018242598 0 0
37 0.001458813198978933 0 0
38 0.001955316416312686 0 0
39 0.00233724195728516 0 0
40 0.002631030829343185 0 0
41 0.002857022263985162 0 0
42 0.003030861825480994 0 0
43 0.003164584561771047 0 0
44 0.003267448196004001 0 0
45 0.003346574070740948 1.081981805235544e-21 0
46 0.003407440128876434 1.53844287931929e-21 0
47 0.003454260168123705 -1.622972707853317e-21 0
48 0.003490275584741181 -2.163963610471089e-21 0
49 0.003517979753137903 0 0
50 0.003539290651218512 3.318156863177615e-21 0
51 0.003555683651376334 3.318156863177615e-21 0
52 0.003568293651716798 0 0
53 0.003577993649646413 -3.318156863177615e-21 0
54 0.003585455184556126 0 0
55 0.003591194825829923 3.318156863177615e-21 0
56 0.003595609933382706 0 0
57 0.00359900617016236 0 0
58 0.003601618659793291 3.318156863177615e-21 0
59 0.003617256852847394 0.0001195492001005085 0
60 0.003659922569041203 0.0002321634329776781 0
61 0.003728276663667879 0.000331310024107689 0
62 0.003818353962511518 0.0004112375476406109 0
63 0.003924929143156064 0.0004673094626748607 0
64 0.003606393347293259 6.021280757625249e-05 0
65 0.003635186919219411 0.0001771455189985347 0
66 0.003691103767684066 0.000283802140184022 0
67 0.003770900194603276 0.0003739955935825219 0
68 0.003869947263900752 0.0004424938187319252 0
69 0.003982499322919348 0.0004853232805028115 0
70 0.004041724146890544 0.0004985036883032444 0
71 0.00404159685915179 0.000501470390422375 0
72 0.004041427566181894 0.0005054161107051223 0
73 0.004041202406432002 0.0005106639210102603 0
74 0.00404090294393666 0.00051764350936835 0
75 0.004040504659241796 0.0005269263520037849 0
76 0.00403997494053499 0.0005392725341687905 0
77 0.004039270413702579 0.0005556929786449543 0
78 0.004038333393286389 0.0005775321634839841 0
79 0.004037087156011853 0.0006065782821401073 0
80 0.004035429660168826 0.0006452096261965589 0
81 0.004033225190327933 0.0006965893224075194 0
82 0.004030293245857049 0.0007649243086373029 0
83 0.004026393758969159 0.0008558098576077627 0
84 0.004021207440261475 0.0009766876644667682 0
85 0.004014309636071701 0.001137455154780757 0
86 0.004005135555153025 0.0013512759482761 0
87 0.003992934026716659 0.001635657622609096 0
88 0.003976705993040258 0.002013885269423642 0
89 0.003955122706162834 0.002516928088347714 0
90 0.003926416931437977 0.003185975111583793 0
91 0.003888238247696302 0.004075807730743917 0
92 0.003837460592383466 0.005259285252587063 0
93 0.004041771999625255 0.0004973883820619528 0
94 0.004041660503021167 0.0004999870393628097 0
95 0.00404151221266684 0.0005034432505637487 0
96 0.004041314986306947 0.0005080400158576913 0
97 0.004041052675184329 0.0005141537151893054 0
98 0.004040703801589227 0.0005222849306860674 0
99 0.004040239799888395 0.0005330994430862887 0
100 0.004039622677118784 0.000547482756406873 0
101 0.004038801903494484 0.0005666125710644693 0
102 0.00403771027464912 0.0005920552228120458 0
103 0.004036258408090338 0.0006258939541683331 0
104 0.004034327425248379 0.0006708994743020392 0
105 0.004031759218092491 0.0007307568155224114 0
106 0.004028343502413104 0.0008103670831225328 0
107 0.004023800599615317 0.0009162487610372655 0
108 0.004017758538166589 0.001057071409623763 0
109 0.004009722595612361 0.001244365551528483 0
110 0.003999034790934842 0.001493466785442593 0
111 0.003984820009878458 0.001824771446016385 0
112 0.003965914349601552 0.002265406678885555 0
113 0.003940769818800407 0.002851451599965717 0
114 0.003907327589567192 0.003630891421162621 0
115 0.003862849420039874 0.004667546491665712 0
116 0.003803693448488422 0.006046297877144479 0
117 0.002281262050929713 0.005878357481871695 0
118 0.001152487926379189 0.004732462759456988 0
119 0.0003563366477913471 0.0035053847423474 0
120 -0.0001513369086797948 0.002275968769242612 0
121 -0.0004204653366234124 0.001096831473351262 0
122 0.002997730735218355 0.00639926996197041 0
123 0.001686485785471044 0.005335345284469406 0
124 0.0007248332896168524 0.004138115160355046 0
125 7.556225853568195e-05 0.002901800340559799 0
126 -0.0003093857509432673 0.001691760295310861 0
127 -0.0004800902648178281 0.0005498556727935974 0
128 0.004526859101730296 0.0005558284070752717 0
129 0.005065252395188366 0.0006219347912055893 0
130 0.005662869011025071 0.0006953128849693789 0
131 0.006326223749256912 0.0007767626052260369 0
132 0.007062547354354538 0.0008671717757603926 0
133 0.007879866331267138 0.0009675259274582175 0
134 0.008787090384025427 0.001078919034416697 0
135 0.009794109036013106 0.001202565377422039 0
136 0.0109118996858289 0.001339812811541044 0
137 0.01215264733414951 0.001492157466731402 0
138 0.01352987704667458 0.001661260012246226 0
139 0.01505860203292569 0.001848963838424367 0
140 0.01675548703573055 0.002057315118396486 0
141 0.01863902947728063 0.002288585050024198 0
142 0.02072976153225122 0.002545294667359389 0
143 0.02305047406588169 0.002830242336783074 0
144 0.02562646472880171 0.00314653421921969 0
145 0.02848581443268183 0.003497618217078461 0
146 0.03165969291874014 0.003887321493348306 0
147 0.03518269806680972 0.004319892133512701 0
148 0.03909323357927466 0.004800045519305925 0
149 0.04343392805491211 0.005333015784510732 0
150 0.04825209898517449 0.005924612786538139 0
151 0.05360026860182525 0.006581285444552857 0
152 0.05953673691635453 0.007310192099866341 0
153 0.06612621663754785 0.008119278474011659 0
154 0.07344053914800668 0.009017364351760575 0
155 0.08155943733117822 0.01001423970019668 0
156 0.090571414262674 0.0111207713305975 0
157 0.100574708383635 0.0123490214068223 0
158 0.1116783649903382 0.01371237900769299 0
159 0.1240034240725271 0.01522570597520191 0
160 0.1376842397355186 0.0169054989191759 0
161 0.152869944763336 0.01877006904301749 0
162 0.1697260771567826 0.02083974185746805 0
163 0.1884363841869411 0.0231370786905246 0
164 0.209204825184156 0.02568712259900552 0
165 0.2322577946292185 0.02851767132982559 0
166 0.2578465906569658 0.03165958041412653 0
167 0.2862501542552889 0.03514709949862435 0
168 0.3177781095853009 0.03901824564998627 0
169 0.3527741399980596 0.04331521787756155 0
170 0.3916197338923543 0.04808485706688506 0
171 0.4347383433650406 0.05337915659773267 0
172 0.00428433947704513 0.0005260507414479663 0
173 0.00479605574845933 0.0005888815991404303 0
174 0.005364060703106721 0.0006586238380874845 0
175 0.005994546380140984 0.000736037745097707 0
176 0.006694385551805728 0.000821967190493215 0
177 0.00747120684281084 0.0009173488516093051 0
178 0.008333478357646269 0.001023222480937456 0
179 0.009290599710019262 0.001140742205919368 0
180 0.010353004360921 0.001271189094481541 0
181 0.0115322735099892 0.001415985139136223 0
182 0.01284126219041202 0.001576708739488811 0
183 0.01429423953980011 0.001755111925335294 0
184 0.0159070445343281 0.001953139478410424 0
185 0.01769725825650566 0.002172950084210351 0
186 0.01968439550476601 0.002416939858691804 0
187 0.02189011779906634 0.002687768502071218 0
188 0.02433846939734166 0.002988388278001377 0
189 0.02705613958074182 0.003322076218149081 0
190 0.03007275367571096 0.003692469855213381 0
191 0.03342119549277442 0.004103606813430441 0
192 0.03713796582304204 0.004559968826409295 0
193 0.0412635808170934 0.005066530651908331 0
194 0.04584301352004336 0.005628814285524443 0
195 0.0509261837934997 0.006252949115545477 0
196 0.05656850275908992 0.006945738772209603 0
197 0.06283147677695305 0.007714735286939227 0
198 0.06978337789277685 0.008568321412886066 0
199 0.07749998823959202 0.009515802025978577 0
200 0.08606542579692635 0.01056750551539712 0
201 0.09557306132315452 0.0117348963687099 0
202 0.1061265366869876 0.01303070020725777 0
203 0.1178408945314323 0.01446904249144741 0
204 0.1308438319040252 0.01606560244718919 0
205 0.1452770922494211 0.01783778398109593 0
206 0.1612980109600525 0.01980490545024194 0
207 0.1790812306718562 0.02198841027399564 0
208 0.1988206046855503 0.02441210064476527 0
209 0.2207313099066908 0.02710239696441599 0
210 0.2450521926430652 0.03008862587197275 0
211 0.2720483724561126 0.03340333995637364 0
212 0.3020141319202949 0.03708267257430532 0
213 0.3352761247916836 0.04116673176377432 0
214 0.3721969369452069 0.0457000374722233 0
215 0.4131790386286803 0.05073200683230677 0
216 0.4586691716825442 0.05631749284474016 0
217 0.4825975188604605 0.05927878126930317 0
218 0.4825942189587576 0.05930930753701728 0
219 0.4825898300823026 0.05934990753959234 0
220 0.4825839928740266 0.05940390556698251 0
221 0.4825762293862941 0.05947572295012305 0
222 0.4825659039586004 0.05957123996802969 0
223 0.482552171138144 0.05969827761686732 0
224 0.4825339064622471 0.0598672379182178 0
225 0.4825096144503278 0.06009195505404245 0
226 0.4824773060713382 0.06039082887370763 0
227 0.4824343359203371 0.06078833111810764 0
228 0.4823771856099218 0.06131700919181599 0
229 0.4823011757078934 0.06202015092972045 0
230 0.4822000825189696 0.06295532961898632 0
231 0.48206562854797 0.06419911755073975 0
232 0.481886804758542 0.0658533555739646 0
233 0.4816489690837005 0.06805349246772197 0
234 0.4813326476150455 0.07097967473175579 0
235 0.480911940039541 0.07487149734822203 0
236 0.4803523989099946 0.08004762192881912 0
237 0.4796082091253118 0.08693186838313821 0
238 0.4786184366246373 0.09608791697261962 0
239 0.4773020390448413 0.1082654630202963 0
240 0.4825987594302302 0.05926730518052246 0
241 0.482595868909609 0.05929404440316021 0
242 0.4825920245205301 0.0593296075383048 0
243 0.4825869114781646 0.05937690655328744 0
244 0.4825801111301604 0.05943981425855277 0
245 0.4825710666724473 0.05952348145907636 0
246 0.4825590375483722 0.05963475879244848 0
247 0.4825430388001956 0.05978275776754259 0
248 0.4825217604562875 0.05997959648613019 0
249 0.482493460260833 0.06024139196387502 0
250 0.4824558209958376 0.06058957999590787 0
251 0.4824057607651294 0.06105267015496213 0
252 0.4823391806589076 0.06166858006076813 0
253 0.4822506291134314 0.06248774027435414 0
254 0.4821328555334698 0.06357722358486297 0
255 0.4819762166532561 0.06502623656235154 0
256 0.4817678869211213 0.06695342402084264 0
257 0.4814908083493731 0.06951658359973739 0
258 0.481122293827293 0.07292558603999129 0
259 0.4806321694747681 0.07745955963851785 0
260 0.4799803040176526 0.08348974515598445 0
261 0.4791133228749763 0.09150989267786244 0
262 0.4779602378347394 0.1021766899964569 0
263 0.4764266345735991 0.1163635318883237 0
264 0.428367344106465 0.1126973366946137 0
265 0.3858593384821003 0.1020989005474441 0
266 0.3475638381423413 0.09255075992985169 0
267 0.3130633875072489 0.08394883147581435 0
268 0.2819819004459644 0.07619934638142811 0
269 0.2539805605169495 0.06921782821999384 0
270 0.2287541281554552 0.06292817222044389 0
271 0.2060276124719802 0.05726181545349883 0
272 0.1855532739500258 0.05215698952028475 0
273 0.1671079241091828 0.0475580472827236 0
274 0.150490491885628 0.04341485609404273 0
275 0.1355198320628505 0.03968225137918499 0
276 0.1220327508155025 0.03631954434759999 0
277 0.1098822272491405 0.03329007857329996 0
278 0.09893580983674238 0.03056083018157892 0
279 0.08907417264899553 0.02810204787679395 0
280 0.0801898145798895 0.02588692862288004 0
281 0.07218588834561618 0.02389132567998453 0
282 0.06497514416511713 0.02209348523444762 0
283 0.05847897825455822 0.02047380916183002 0
284 0.05262657643757723 0.01901464150496635 0
285 0.04735414240387442 0.01770007605722081 0
286 0.04260420173008578 0.01651578283540149 0
287 0.0383249759532584 0.01544885201875007 0
288 0.03446981764626944 0.01448765309742422 0
289 0.03099670187513626 0.01362170807856443 0
290 0.02786776877339137 0.01284157743727646 0
291 0.02504891040276669 0.01213875710943083 0
292 0.02250939841763083 0.01150558565798057 0
293 0.02022154956090122 0.01093516087172512 0
294 0.0181604244226965 0.01042126465740667 0
295 0.01630355487986979 0.009958295082753352 0
296 0.01463069951445634 0.009541205395449309 0
297 0.01312362284678437 0.009165448979767107 0
298 0.0117658961239262 0.00882692968755007 0
299 0.01054271873884605 0.008521957313005091 0
300 0.009440757154687451 0.008247207432016915 0
301 0.008447998922916033 0.007999685004783222 0
302 0.007553622096187373 0.007776691816785739 0
303 0.006747877196940921 0.007575797050255545 0
304 0.006021980691744699 0.007394810724344128 0
305 0.005368019739139751 0.007231759946093722 0
306 0.004778865989510828 0.00708486741833117 0
307 0.004248096899086506 0.006952531821044772 0
308 0.4519592871044283 0.1185794687254861 0
309 0.4071133412942963 0.1073981186210323 0
310 0.3667115883122196 0.09732483023864762 0
311 0.3303136128247967 0.08824979570283342 0
312 0.2975226439766302 0.08007408892862711 0
313 0.2679812304814509 0.0727085873007095 0
314 0.2413673443362359 0.06607300022022722 0
315 0.2173908703137192 0.06009499383697173 0
316 0.1957904432110071 0.05470940248689281 0
317 0.1763305990296042 0.04985751840150415 0
318 0.1587992079974065 0.04548645168838344 0
319 0.1430051619742388 0.04154855373661377 0
320 0.1287762914391745 0.03800089786339199 0
321 0.1159574890323219 0.03480481146045007 0
322 0.1044090185429397 0.03192545437743899 0
323 0.09400499124287132 0.02933143902918701 0
324 0.08463199361444251 0.026994488249837 0
325 0.0761878514627527 0.02488912715143227 0
326 0.06858051625536687 0.02299240545721615 0
327 0.06172706120983962 0.02128364719813931 0
328 0.05555277734606678 0.01974422533339795 0
329 0.04999035942072483 0.01835735878109333 0
330 0.0449791720669791 0.01710792944631091 0
331 0.04046458884167137 0.01598231742707559 0
332 0.03639739679976317 0.01496825255808695 0
333 0.03273325976070374 0.01405468058799454 0
334 0.02943223532426303 0.01323164275792024 0
335 0.02645833958807947 0.01249016727335375 0
336 0.02377915441019823 0.01182217138370556 0
337 0.02136547398926636 0.01122037326485292 0
338 0.01919098699179889 0.0106782127645659 0
339 0.01723198965128314 0.01018977987008 0
340 0.0154671271971627 0.00974975023910124 0
341 0.01387716118062055 0.009353327187608257 0
342 0.01244475948535495 0.008996189333658505 0
343 0.01115430743138596 0.008674443500277532 0
344 0.009991737946766721 0.008384582372510996 0
345 0.00894437803880177 0.008123446218400068 0
346 0.008000810509551703 0.00788818841078448 0
347 0.007150749646563981 0.007676244433520593 0
348 0.006384928944342838 0.007485303887299843 0
349 0.005695000215442392 0.007313285335218953 0
350 0.005073442864325317 0.007158313682212453 0
351 0.004513481444298695 0.007018699619687971 0
352 0.004009011601839918 0.006892921161373119 0
353 0.5180979302682019 0.0636071182535259 0
354 0.553601866278317 0.06790907411363907 0
355 0.5891152162465454 0.07213273531352639 0
356 0.6246379346616846 0.07627664442269254 0
357 0.6601699152132597 0.08034055175886294 0
358 0.6957111290417246 0.08432273842616939 0
359 0.7312616172878643 0.08822138559706295 0
360 0.7668213656741291 0.09203454803300462 0
361 0.8023903995164983 0.09576015033022189 0
362 0.8379687215078685 0.09939596491250646 0
363 0.8735563389797817 0.1029395952405459 0
364 0.9091532739940462 0.1063884532784253 0
365 0.9447595134309006 0.1097397272283987 0
366 0.9803751008285863 0.1129903579421988 0
367 0.5003487166704099 0.06143351017567741 0
368 0.5358487166132894 0.06576784730486192 0
369 0.5713573066369394 0.07003128677879755 0
370 0.6068754208867617 0.07421458715541099 0
371 0.6424027691948017 0.07831870321337155 0
372 0.6779393651668464 0.08234197117243301 0
373 0.7134852149701204 0.08628262326480503 0
374 0.7490403321207756 0.09013877871901732 0
375 0.7846047220091068 0.0939084295162561 0
376 0.8201783987259422 0.09758942674115391 0
377 0.8557613671896249 0.1011794602685077 0
378 0.8913536422924466 0.1046760408518187 0
379 0.9269552282547916 0.1080764728614177 0
380 0.9625661404611229 0.1113778258069592 0
381 0.998186383063374 0.1145768944346668 0
382 1.015993309864824 0.1161856780553909 0
383 1.015984412022477 0.1162504399007738 0
384 1.015972577872769 0.1163365732962458 0
385 1.015956838446671 0.1164511307630667 0
386 1.015935905008005 0.1166034922081773 0
387 1.015908063564213 0.1168061327144798 0
388 1.015871034439593 0.1170756446197306 0
389 1.015821785637274 0.1174340959382588 0
390 1.015756284749127 0.1179108360540642 0
391 1.015669168559434 0.1185449004696499 0
392 1.015553304008416 0.1193882062786793 0
393 1.015399204129721 0.1205098031927668 0
394 1.015194251320241 0.1220015268760842 0
395 1.01492166403179 0.123985519752226 0
396 1.014559122857988 0.1266242308609467 0
397 1.014076943075263 0.1301337167925315 0
398 1.01343564387013 0.1348013337664921 0
399 1.012582715870364 0.1410092647562852 0
400 1.011448321570834 0.1492658134082602 0
401 1.009939577006513 0.1602470241776346 0
402 1.007932946513824 0.1748520361177384 0
403 1.005264127723833 0.1942767037064173 0
404 1.001714598318174 0.2201115146196732 0
405 1.015996654932412 0.1161613313945356 0
406 1.01598886094365 0.1162180589780824 0
407 1.015978494947623 0.1162935065985097 0
408 1.01596470815972 0.1163938520296561 0
409 1.015946371727338 0.116527311485622 0
410 1.015921984286109 0.1167048124613284 0
411 1.015889549001903 0.1169408886671049 0
412 1.015846410038433 0.1172548702789946 0
413 1.0157890351932 0.117672465996162 0
414 1.015712726654281 0.1182278682618573 0
415 1.015611236283925 0.1189665533741646 0
416 1.015476254069068 0.1199490047357225 0
417 1.015296727724981 0.1212556650344252 0
418 1.015057957676015 0.1229935233141573 0
419 1.014740393444888 0.1253048753065905 0
420 1.014318032966626 0.1283789738267357 0
421 1.013756293472696 0.1324675252795106 0
422 1.013009179870246 0.1379052992613939 0
423 1.0120155187206 0.1451375390822639 0
424 1.010693949288675 0.1547564187929384 0
425 1.008936261760168 0.1675495301476906 0
426 1.006598537118832 0.1845643699120471 0
427 1.003489363021003 0.2071941091630469 0
428 0.9993541610458789 0.2372916654602661 0
429 0.9622308908622371 0.2458044685980074 0
430 0.9274680579508991 0.2371371208950523 0
431 0.8927052250395536 0.2284697731920953 0
432 0.8579423921282323 0.2198024254891444 0
433 0.8231795592169774 0.21113507778621 0
434 0.788416726305724 0.202467730083276 0
435 0.7536538933944726 0.1938003823803425 0
436 0.7188910604830405 0.1851330346773639 0
437 0.6841282275715067 0.17646568697436 0
438 0.6493653946599822 0.1677983392713584 0
439 0.6146025617484605 0.1591309915683575 0
440 0.5798397288369319 0.1504636438653549 0
441 0.5450768959254007 0.1417962961623516 0
442 0.5103140630138776 0.1331289484593504 0
443 0.9796123073178793 0.2501381424494782 0
444 0.9448494744065585 0.2414707947465274 0
445 0.9100866414952516 0.2328034470435801 0
446 0.8753238085839273 0.2241360993406284 0
447 0.8405609756725884 0.215468751637673 0
448 0.8057981427613486 0.2068014039347425 0
449 0.7710353098501449 0.1981340562318208 0
450 0.7362724769388369 0.1894667085288733 0
451 0.7015096440272743 0.1807993608258622 0
452 0.6667468111157122 0.1721320131228511 0
453 0.6319839782042013 0.1634646654198529 0
454 0.5972211452927059 0.1547973177168586 0
455 0.5624583123811716 0.1461299700138546 0
456 0.5276954794696208 0.1374626223108464 0
457 0.4929326465581292 0.128795274607853 0
458 0.4755512301023572 0.1648083630444097 0
459 0.4755512301023572 0.233397858103371 0
460 0.4755512301023572 0.1446349819004087 0
461 0.4755512301023572 0.199103110573879 0
462 0.4755512301023572 0.2916989290517063 0
463 0.4283673441064658 0.35 0
464 0.3858593384820997 0.35 0
465 0.3475638381423409 0.35 0
466 0.3130633875072483 0.35 0
467 0.2819819004459647 0.35 0
468 0.2539805605169494 0.35 0
469 0.2287541281554548 0.35 0
470 0.2060276124719796 0.35 0
471 0.1855532739500261 0.35 0
472 0.1671079241091835 0.35 0
473 0.1504904918856289 0.35 0
474 0.1355198320628511 0.35 0
475 0.1220327508155022 0.35 0
476 0.1098822272491389 0.35 0
477 0.09893580983674122 0.35 0
478 0.08907417264899442 0.35 0
479 0.08018981457988883 0.35 0
480 0.07218588834561579 0.35 0
481 0.06497514416511679 0.35 0
482 0.05847897825455811 0.35 0
483 0.05262657643757729 0.35 0
484 0.04735414240387398 0.35 0
485 0.04260420173008522 0.35 0
486 0.03832497595325779 0.35 0
487 0.03446981764626911 0.35 0
488 0.03099670187513603 0.35 0
489 0.02786776877339114 0.35 0
490 0.02504891040276652 0.35 0
491 0.02250939841763078 0.35 0
492 0.020221549560901 0.35 0
493 0.01816042442269622 0.35 0
494 0.01630355487986962 0.35 0
495 0.01463069951445617 0.35 0
496 0.01312362284678414 0.35 0
497 0.01176589612392598 0.35 0
498 0.01054271873884588 0.35 0
499 0.00944075715468734 0.35 0
500 0.008447998922915978 0.35 0
501 0.007553622096187373 0.35 0
502 0.006747877196940921 0.35 0
503 0.006021980691744644 0.35 0
504 0.00536801973913964 0.35 0
505 0.004778865989510772 0.35 0
506 0.004248096899086451 0.35 0
507 0.4519592871044167 0.35 0
508 0.4071133412942743 0.35 0
509 0.3667115883122072 0.35 0
510 0.3303136128247735 0.35 0
511 0.2975226439766133 0.35 0
512 0.2679812304814595 0.35 0
513 0.2413673443362254 0.35 0
514 0.2173908703137197 0.35 0
515 0.1957904432110029 0.35 0
516 0.1763305990296019 0.35 0
517 0.1587992079974026 0.35 0
518 0.1430051619742384 0.35 0
519 0.1287762914391766 0.35 0
520 0.115957489032323 0.35 0
521 0.1044090185429424 0.35 0
522 0.09400499124286621 0.35 0
523 0.08463199361444435 0.35 0
524 0.07618785146275237 0.35 0
525 0.0685805162553651 0.35 0
526 0.06172706120983618 0.35 0
527 0.05555277734606562 0.35 0
528 0.04999035942072461 0.35 0
529 0.0449791720669796 0.35 0
530 0.0404645888416717 0.35 0
531 0.03639739679976345 0.35 0
532 0.03273325976070218 0.35 0
533 0.02943223532426359 0.35 0
534 0.02645833958807908 0.35 0
535 0.02377915441019807 0.35 0
536 0.02136547398926592 0.35 0
537 0.01919098699179772 0.35 0
538 0.01723198965128281 0.35 0
539 0.01546712719716326 0.35 0
540 0.01387716118062038 0.35 0
541 0.01244475948535484 0.35 0
542 0.01115430743138596 0.35 0
543 0.009991737946766888 0.35 0
544 0.008944378038801437 0.35 0
545 0.008000810509551759 0.35 0
546 0.007150749646563981 0.35 0
547 0.006384928944342672 0.35 0
548 0.005695000215442114 0.35 0
549 0.005073442864325095 0.35 0
550 0.004513481444298584 0.35 0
551 0.004009011601839918 0.35 0
552 0.003769926304593397 0.153904747478795 0
553 0.003769926304593397 0.05585712178569746 0
554 0.003769926304593397 0.2519523737394255 0
555 0.003769926304593397 0.104880934632214 0
556 0.003769926304593397 0.0313452161436828 0
557 0.9928728446443301 0.280715822864932 0
558 0.9879277897034541 0.312208630651188 0
559 0.9949332842089454 0.2675938195829756 0
560 0.9904003171738708 0.2964622267581962 0
561 0.9849607567385097 0.331104315325609 0
562 0.948230890862176 0.35 0
563 0.9144680579508905 0.35 0
564 0.8807052250395528 0.35 0
565 0.8469423921282602 0.35 0
566 0.8131795592169182 0.35 0
567 0.7794167263056181 0.35 0
568 0.7456538933943267 0.35 0
569 0.7118910604829269 0.35 0
570 0.678128227571458 0.35 0
571 0.6443653946599555 0.35 0
572 0.6106025617484256 0.35 0
573 0.5768397288368727 0.35 0
574 0.5430768959253616 0.35 0
575 0.5093140630138708 0.35 0
576 0.9651123073178969 0.35 0
577 0.9313494744065196 0.35 0
578 0.8975866414952343 0.35 0
579 0.8638238085839371 0.35 0
580 0.8300609756726027 0.35 0
581 0.7962981427612705 0.35 0
582 0.7625353098499756 0.35 0
583 0.7287724769387003 0.35 0
584 0.6950096440271678 0.35 0
585 0.6612468111156495 0.35 0
586 0.6274839782042088 0.35 0
587 0.5937211452926572 0.35 0
588 0.55995831238103 0.35 0
589 0.5261954794696148 0.35 0
590 0.4924326465580857 0.35 0
591 0.0005138155300597506 0.0008527330652825461 0
592 0.0007313658396265812 0.001767139912877068 0
593 0.001138249823604255 0.002717087596158962 0
594 0.00177193917158829 0.003660794491852651 0
595 0.002665164798338674 0.004536571977436338 0
596 0.001232297810942943 0.0006695169141103693 0
597 0.001409977346003046 0.001384836810567376 0
598 0.001739135591270063 0.002124360741687973 0
599 0.002247658925702071 0.002854641707111672 0
600 0.002959498103339933 0.003527188558124893 0
601 0.001784829633126198 0.0005320038638297083 0
602 0.001931692500713817 0.001097602402643662 0
603 0.002200914875997878 0.001678684360165695 0
604 0.002613009822244656 0.002248213984272295 0
605 0.003185174123878839 0.002767852028927082 0
606 0.002209743696149193 0.00042879786203309 0
607 0.002332791028222087 0.0008817993935730911 0
608 0.002555798481888656 0.001343576177834451 0
609 0.00289360733922616 0.001792024192009018 0
610 0.003358219023518997 0.002196613345811229 0
611 0.002536517641915815 0.0003513434191986551 0
612 0.002641162319103098 0.0007196666578218184 0
613 0.00282853682156118 0.001091605021687677 0
614 0.003109119522932376 0.00144884812577342 0
615 0.003490915415012261 0.001766872922441909 0
616 0.002787819801617269 0.0002932178065497489 0
617 0.00287824617452553 0.0005978586247277045 0
618 0.003038148298513218 0.0009021452392896129 0
619 0.003274648463786624 0.001190685448145792 0
620 0.003592677484050536 0.001443577005730106 0
621 0.00298108221383704 0.0002495995748045645 0
622 0.003060524501381768 0.0005063476939773594 0
623 0.003199247098977709 0.0007596882798396654 0
624 0.003401790694354537 0.0009964738862594537 0
625 0.003670721348991998 0.001200356730572915 0
626 0.003129710328120303 0.0002168694790526003 0
627 0.00320066803383978 0.0004375994506165387 0
628 0.003323063402383165 0.00065257317363581 0
629 0.003499451273349658 0.0008503699373926324 0
630 0.003730578667980368 0.001017376161554246 0
631 0.003244013104846276 0.0001923108226118406 0
632 0.003308417679773869 0.000385952867338844 0
633 0.00341822711259315 0.0005720319596827379 0
634 0.003574468667577158 0.0007404556467985989 0
635 0.003776490104390462 0.0008797135806973316 0
636 0.003331918364411659 0.0001738844638741738 0
637 0.003391262122480521 0.000347154557382536 0
638 0.00349137011957601 0.0005114719264182824 0
639 0.003632094562107377 0.0006577658548927261 0
640 0.003811706854753041 0.0007761438657410328 0
641 0.003399522806933636 0.0001600599052014635 0
642 0.003454958630085323 0.0003180088302070146 0
643 0.003547588984897318 0.0004659359751226554 0
644 0.003676362186975894 0.0005955565753310943 0
645 0.003838721675498626 0.0006982226700538001 0
646 0.003451514938449396 0.0001496884582075734 0
647 0.003503933381627014 0.0002961146980896561 0
648 0.003590800428201682 0.0004316968075507575 0
649 0.003710369093283556 0.0005487545999228088 0
650 0.003859445919622449 0.000639597434480143 0
651 0.003491500405446539 0.0001419080349945591 0
652 0.003541589308541063 0.0002796682839084377 0
653 0.0036240145626102 0.0004059518252498704 0
654 0.003736494336250849 0.0005135435322924079 0
655 0.003875345251904131 0.000595489164320451 0
656 0.00352225208712374 0.0001360716773608021 0
657 0.003570542660924685 0.0002673143625597775 0
658 0.003649544775868756 0.0003865937422949026 0
659 0.003756565180088216 0.0004870524283170744 0
660 0.003887543634184303 0.0005623026415530393 0
661 0.003545902431889147 0.0001316938880959367 0
662 0.003592804882327512 0.0002580347793909488 0
663 0.003669169020284796 0.0003720380591794491 0
664 0.00377198511663615 0.0004671215226361197 0
665 0.003896903038281247 0.000537333130380401 0
666 0.003564091401241786 0.0001284103551263574 0
667 0.003609922460510992 0.000251064632951317 0
668 0.003684253781413213 0.0003610933715383119 0
669 0.003783832190774316 0.0004521260456234351 0
670 0.003904084560334014 0.0005185458002124894 0
671 0.003578080209228855 0.0001259477153355472 0
672 0.003623084411571476 0.0002458292913840193 0
673 0.003695849317024889 0.0003528638452797224 0
674 0.003792934487724081 0.0004408436822232876 0
675 0.003909595260635914 0.0005044097814156255 0
676 0.003588838790897693 0.0001241008651500814 0
677 0.003633204912109406 0.0002418970818460423 0
678 0.003704762845386687 0.0003466759049539567 0
679 0.003799928103134141 0.0004323548938502682 0
680 0.003913824072522508 0.0004937733616882951 0
681 0.003597113088897241 0.0001227159145462306 0
682 0.00364098684674603 0.0002389437120970604 0
683 0.003711614808280354 0.000342023061144457 0
684 0.00380530167844935 0.0004259678704052693 0
685 0.003917069344607563 0.0004857700175710492 0
686 0.003603476780155915 0.0001216774111994731 0
687 0.003646970645342914 0.0002367255757928837 0
688 0.003716882092471658 0.0003385244804355429 0
689 0.003809430590009107 0.0004211621487023786 0
690 0.003919559948548296 0.000479747815591712 0
691 0.003608371061030222 0.000120898746435766 0
692 0.003651571835106829 0.0002350596850319781 0
693 0.003720931251335332 0.0003358938164141848 0
694 0.003812603211661251 0.0004175461755837283 0
695 0.003921471467633343 0.0004752162723857346 0
696 0.003612135239398975 0.0001203149496482442 0
697 0.003655109907767276 0.0002338085828590037 0
698 0.003724044033936822 0.0003339157571456638 0
699 0.003815041084093515 0.0004148253624302667 0
700 0.003922938610545184 0.0004718063507118513 0
701 0.003615030273941104 0.0001198772864637456 0
702 0.003657830525079503 0.0002328690190550401 0
703 0.003726437015163985 0.0003324284067542898 0
704 0.003816914413610906 0.0004127780740651999 0
705 0.00392406473482173 0.0004692403900714736 0
706 0.0004811762952107089 0.0004263665326412731 0
707 4.66750967181691e-05 0.0009747822693169039 0
708 5.430151965098878e-07 0.0004881111027174353 0
709 0.0006225906848431659 0.001309936489079807 0
710 0.0002900144654733932 0.00202155434105984 0
711 0.0001566024669499493 0.001500848392195334 0
712 0.000934807831615418 0.002242113754518015 0
713 0.0007472932356978009 0.003111236169253181 0
714 0.00050518504507555 0.002571957047538907 0
715 0.001455094497596272 0.003188941044005807 0
716 0.00146221354898374 0.00419662862565482 0
717 0.001089963893606562 0.003663528102180426 0
718 0.002218551984963482 0.004098683234644494 0
719 0.002473213424634193 0.005207464729654016 0
720 0.001952518885217263 0.00471701425955695 0
721 0.00325131269536107 0.004897928615011701 0
722 0.003124521715289708 0.005648599288491162 0
723 0.001205239377114907 0.0003347584570551847 0
724 0.0008730566705013467 0.0007611249896964578 0
725 0.0008432078361628032 0.0003805624948482289 0
726 0.001321137578472995 0.001027176862338873 0
727 0.001070671592814814 0.001575988361722222 0
728 0.0009718641316580803 0.00116855667570934 0
729 0.001574556468636554 0.001754598776127675 0
730 0.001438692707437159 0.002420724168923467 0
731 0.001254682150125986 0.001998356265322845 0
732 0.001993397258486067 0.002489501224399822 0
733 0.00200979904864518 0.003257718099482162 0
734 0.001724245878041169 0.002839221134202815 0
735 0.002603578514521002 0.003190915132618283 0
736 0.002812331450839304 0.004031880267780615 0
737 0.002411065249742242 0.003644799183631388 0
738 0.003423868175518117 0.003801498144434405 0
739 0.003337590435439589 0.004349713379723163 0
740 0.001762137543899181 0.0002660019319148541 0
741 0.00150856372203457 0.0006007603889700388 0
742 0.001483688460506752 0.0003003801944850194 0
743 0.001858261066920007 0.0008148031332366852 0
744 0.001670834923358432 0.001241219606605519 0
745 0.001589699322696501 0.0009209899977877789 0
746 0.002066303688355847 0.001388143381404678 0
747 0.00197002523363397 0.001901522550926834 0
748 0.001820430078496201 0.001571371078766177 0
749 0.002406962349121267 0.001963449172218995 0
750 0.002430334373973363 0.002551427845691984 0
751 0.002200179803803667 0.002226475198309408 0
752 0.002899091973061747 0.002508033006599688 0
753 0.003072336113609386 0.003147520293525988 0
754 0.002751335243791375 0.002849474069608986 0
755 0.003555795527658408 0.002976913570255438 0
756 0.003489831851588289 0.003389205857344304 0
757 0.002190465537051484 0.000214398931016545 0
758 0.001997286664637695 0.0004804008629313992 0
759 0.001976301540475191 0.0002402004314656996 0
760 0.00227126736218564 0.0006552986278030906 0
761 0.002132241764467952 0.0009897008981083766 0
762 0.002064764214552824 0.000735050880519888 0
763 0.002444294755055372 0.001112687785703771 0
764 0.002378356678943267 0.001511130269000073 0
765 0.00225529922170561 0.001250415583554225 0
766 0.002724702910557408 0.001567800184921734 0
767 0.002753308580735408 0.002020119088140656 0
768 0.002565832629839337 0.001765624678570365 0
769 0.003125913181372579 0.001994318768910123 0
770 0.003271696573698918 0.002482232687369156 0
771 0.003012502577217163 0.002251175887754906 0
772 0.003656670864840916 0.002356770717079471 0
773 0.003606233196249663 0.002666842143667436 0
774 0.002519907089266137 0.0001756717095993276 0
775 0.002373130669032504 0.0003900706406158726 0
776 0.002355186313158833 0.0001950353203079363 0
777 0.002588839980509457 0.0005355050385102368 0
778 0.002486976673662593 0.0008007330256974547 0
779 0.002430053671347548 0.0005954018331566636 0
780 0.002734849570332139 0.0009056358397547477 0
781 0.002692167651724918 0.001217590599761064 0
782 0.002589572162693756 0.001009161812729259 0
783 0.002968828172246778 0.001270226573730549 0
784 0.003001363431079268 0.001620436158891219 0
785 0.002846765541402094 0.001419013379326142 0
786 0.003300017468972319 0.001607860524107664 0
787 0.003424567219265629 0.001981743134126569 0
788 0.003212965325172449 0.001801089646508894 0
789 0.00373381070402626 0.001890379095932775 0
790 0.003695240784433591 0.002123574906506062 0
791 0.002773292461843622 0.0001466089032748744 0
792 0.002662168721766542 0.000322280612874202 0
793 0.002646599775554864 0.000161140306437101 0
794 0.002833032988071399 0.0004455382156387267 0
795 0.002759704246814314 0.0006587626412747614 0
796 0.002710936484290428 0.0004905216270744816 0
797 0.002958197236519374 0.0007500019320086588 0
798 0.002933342560037199 0.000996875130488645 0
799 0.002846523403425756 0.0008278188858817032 0
800 0.003156398381149921 0.001046415343717702 0
801 0.0031918839933595 0.001319766786959606 0
802 0.00306261327669835 0.001158320958724125 0
803 0.00343366297391858 0.001317131226937949 0
804 0.003541796449531399 0.001605224964086007 0
805 0.00336684022144545 0.001462495875522807 0
806 0.003792805755383598 0.001539617314169601 0
807 0.003763308229704929 0.001714998205051196 0
808 0.002968180809868713 0.0001247997874022822 0
809 0.002884451007727154 0.0002714086906771567 0
810 0.002870736635856157 0.0001357043453385783 0
811 0.003020803357609404 0.0003779736343909619 0
812 0.002969385337953649 0.000552103159352532 0
813 0.002926918172840401 0.0004117559250148443 0
814 0.003129885800179738 0.0006330179869085124 0
815 0.003118697698745464 0.0008309167595646392 0
816 0.003044041518349556 0.0006915099594585856 0
817 0.003300518896666123 0.0008780810830495596 0
818 0.00333821957907058 0.001093579667202623 0
819 0.003228458638908022 0.0009622482133836309 0
820 0.003536256021673267 0.001098415308416185 0
821 0.003631699416521267 0.001321966868151511 0
822 0.003484959497795924 0.001207773267677067 0
823 0.003837928452072511 0.001275816339424508 0
824 0.003815367103728055 0.001407716826797052 0
825 0.003118077286590974 0.0001084347395263001 0
826 0.003055396270978672 0.0002332345269285824 0
827 0.003043129048229833 0.0001166172634642912 0
828 0.003165189180980041 0.0003272344648345695 0
829 0.003130596267610774 0.000471973572296949 0
830 0.003092996269294723 0.0003526040496127657 0
831 0.003261865718111472 0.0005450863121261743 0
832 0.003261155250680437 0.0007061307267377377 0
833 0.003195875759145606 0.0005890521495173434 0
834 0.003411257337866412 0.0007514715555142213 0
835 0.003450620983852098 0.0009234219118260431 0
836 0.003355888117266267 0.0008147763192818903 0
837 0.003615014970665014 0.000933873049473439 0
838 0.003700650008486183 0.001108866446063581 0
839 0.00357563549616914 0.001016144178944812 0
840 0.003872444152026035 0.001077415658167501 0
841 0.003855186302049272 0.001176615998796032 0
842 0.00323336899166333 9.615541130592032e-05 0
843 0.003186861716483289 0.0002045901508322205 0
844 0.003175723139127168 0.0001022950754161102 0
845 0.003276215392310072 0.0002891318449753423 0
846 0.003254542856806824 0.0004117761589776913 0
847 0.003220702286645057 0.0003081831549049559 0
848 0.003362607221350573 0.000479485472602893 0
849 0.003370645257488158 0.0006123025666592739 0
850 0.003312236217779478 0.0005122860660661159 0
851 0.003495762700853344 0.0006569033040357455 0
852 0.003536959970463409 0.0007954127920956157 0
853 0.003453509806795613 0.0007041876693321959 0
854 0.003675062255992238 0.0008108774474541116 0
855 0.003753534386185415 0.0009485448711257886 0
856 0.003645038536089904 0.0008723753952704382 0
857 0.003898630310954426 0.0009290822841529612 0
858 0.003885537231751092 0.001003248970107455 0
859 0.003321193798443137 8.704548247951865e-05 0
860 0.003287965734628967 0.0001830976432430072 0
861 0.003277281380170039 9.160044869817674e-05 0
862 0.003360783321932799 0.0002608252258421019 0
863 0.003349839901127195 0.00036655371236069 0
864 0.003318499260168888 0.0002749785721407569 0
865 0.003440056810652105 0.0004301814413981394 0
866 0.00345479861608458 0.0005417519430505101 0
867 0.00340133157931913 0.0004548337580599548 0
868 0.003560704341015774 0.0005857774333382447 0
869 0.003603281614842268 0.0006991107508456625 0
870 0.003528233119566553 0.0006213408210236145 0
871 0.003721168947957282 0.000718345708204788 0
872 0.003794098479571751 0.0008279287232191822 0
873 0.003698115429803473 0.0007646119050732393 0
874 0.003918667383869475 0.0008175222538137543 0
875 0.003908648837480463 0.0008733023090646333 0
876 0.003388744228158824 8.021258118023821e-05 0
877 0.003365720585672648 0.0001669721845378187 0
878 0.003354968992322679 8.362903437472375e-05 0
879 0.003425815596656901 0.0002395742980749132 0
880 0.003423110376282922 0.0003325816937947753 0
881 0.003393299309735118 0.0002501998186216213 0
882 0.003499600329276502 0.0003931261396410974 0
883 0.003519479552236664 0.0004887039507704689 0
884 0.003469828279731085 0.0004116539906135263 0
885 0.003610612490089436 0.0005322824668485015 0
886 0.003654228374541635 0.0006266612151119102 0
887 0.003585658134108926 0.0005590302672768062 0
888 0.003756572909563547 0.0006487314299478036 0
889 0.003825214265125833 0.0007371832678974165 0
890 0.003738870800414136 0.0006835388130224466 0
891 0.003934000743902941 0.0007336184856971186 0
892 0.003926334055220308 0.0007755704047290836 0
893 0.003440700703444362 7.508788692318593e-05 0
894 0.003425518872691516 0.0001548741817045185 0
895 0.003414722454633874 7.765023540645081e-05 0
896 0.003475825229718238 0.0002236210184895864 0
897 0.003479446005856168 0.0003070617641483354 0
898 0.003450820329200311 0.0002315976901021758 0
899 0.003545376907115448 0.0003652777061703852 0
900 0.0035691947065495 0.0004488163913367064 0
901 0.003522488512522483 0.0003792019957596415 0
902 0.003648966961725688 0.0004920489425797787 0
903 0.003693365640129725 0.0005721555876269516 0
904 0.003629789614942094 0.0005121658297708052 0
905 0.003783759106258739 0.0005963587669450868 0
906 0.003849083797560537 0.0006689100522669716 0
907 0.003770165953374027 0.0006225452021044563 0
908 0.003945735628197242 0.0006705145496639195 0
909 0.003939868182026231 0.0007020665339199264 0
910 0.003480663103723805 7.124460610607402e-05 0
911 0.003471507671947967 0.0001457982466010662 0
912 0.003460681901042752 7.31662468229149e-05 0
913 0.003514282276823657 0.0002116453743961268 0
914 0.003522761345084038 0.0002878914909990469 0
915 0.003495053731904784 0.000217633204537772 0
916 0.003580568888936335 0.0003443495717683594 0
917 0.003607407495405941 0.000418824316400314 0
918 0.003562972902943085 0.0003548136355793387 0
919 0.003678441957643755 0.0004617903338807409 0
920 0.003723431714767203 0.0005311490661076084 0
921 0.00366370445806876 0.0004769196400514277 0
922 0.003804635286146195 0.0005569577963066146 0
923 0.00386739558576329 0.000617543299400297 0
924 0.003794197192470267 0.0005766582887195954 0
925 0.003954717312782723 0.0006230539445784625 0
926 0.003950226470025321 0.0006467842489964666 0
927 0.003511400272502854 6.836252266273118e-05 0
928 0.00350687624628514 0.0001389898561776806 0
929 0.003496031689343241 6.980356423520384e-05 0
930 0.003543855320221522 0.0002026561179925587 0
931 0.003556065984732874 0.0002734913232341076 0
932 0.003529068806399502 0.0002071507432100481 0
933 0.003607623416170198 0.0003286226682167432 0
934 0.003636779669239478 0.0003962727837723865 0
935 0.003594096189344868 0.0003364860946275184 0
936 0.003701093031275434 0.0004390341741986473 0
937 0.003746529758169532 0.0005002979803047412 0
938 0.00368976752831651 0.0004504122158833831 0
939 0.003820666320542044 0.0005273158535915358 0
940 0.003881444443044217 0.0005788959029367452 0
941 0.003812650817742904 0.0005421367975814886 0
942 0.003961592334282717 0.0005873585746911215 0
943 0.003958154824373187 0.0006052062562428524 0
944 0.003535041863374838 6.620139209236441e-05 0
945 0.003534077259506444 0.0001338827827283694 0
946 0.003523221069453396 6.728195719381997e-05 0
947 0.003566596665935285 0.0001959088642608269 0
948 0.003581673771626098 0.0002626745709753632 0
949 0.0035552260042968 0.0001992824868764225 0
950 0.003628422229431335 0.0003168046015265962 0
951 0.003659356898076776 0.0003793159007371759 0
952 0.003618022846309773 0.0003227136186639828 0
953 0.003718500212347197 0.0004219203812390966 0
954 0.003764275148362183 0.0004770869754765971 0
955 0.003709796645585697 0.0004304772509254465 0
956 0.003832977066640179 0.0005050156554409684 0
957 0.003892223336232775 0.0005498178859667201 0
958 0.003826821704453313 0.0005161657338706017 0
959 0.003966855266954844 0.0005605117389397627 0
960 0.003964223801139604 0.0005739351547135134 0
961 0.003553225911165713 6.458098133779299e-05 0
962 0.003554996916565466 0.0001300521216111471 0
963 0.003544133887656235 6.539118666825858e-05 0
964 0.003584084630663464 0.0001908446545488901 0
965 0.003601363671419252 0.0002545497061711329 0
966 0.00357534065158779 0.0001933767581589887 0
967 0.003644412133472713 0.000307923893733204 0
968 0.003676711400849004 0.0003665657153588805 0
969 0.003636417178555724 0.0003123642496266798 0
970 0.003731877871972621 0.0004090497645605541 0
971 0.003777908653705233 0.0004596237841297774 0
972 0.003725189040959254 0.0004154850742529484 0
973 0.003842431257178828 0.0004882384975246848 0
974 0.003900493799307631 0.0005279394652964452 0
975 0.003837704161456379 0.0004966270773440749 0
976 0.003970884474280498 0.0005403198126945139 0
977 0.003968869870219996 0.0005504157774220616 0
978 0.003567212304610793 6.33660869383984e-05 0
979 0.00357108580523532 0.0001271790352309523 0
980 0.003560219107063633 6.397353423812901e-05 0
981 0.003597532932688831 0.0001870438092271583 0
982 0.003616503436041234 0.0002484469621676681 0
983 0.00359080877586983 0.0001889442340878413 0
984 0.003656705359630457 0.0003012504174630179 0
985 0.003690051549219051 0.0003569786084090172 0
986 0.003650558721967576 0.0003045871725469295 0
987 0.003742159190707407 0.0003993700013026594 0
988 0.003788383339249198 0.0004464848639233614 0
989 0.003737018508591376 0.0004042099085690327 0
990 0.003849692062308387 0.0004756161554773843 0
991 0.003906839910484964 0.0005114777908140574 0
992 0.003846061649096597 0.0004819273467376749 0
993 0.003973969435520392 0.0005251330008192904 0
994 0.003972426953690733 0.0005327264116390309 0
995 0.003577970070162372 6.245529411261662e-05 0
996 0.003583459500063274 0.0001250242902428143 0
997 0.003572591185793732 6.291069071873372e-05 0
998 0.003607874860592689 0.0001841912616984966 0
999 0.003628144661840441 0.0002438631866150308 0
1000 0.003602703884844925 0.0001856175399318698 0
1001 0.003666156840402419 0.0002962355230579781 0
1002 0.003700306081205788 0.0003497698751168396 0
1003 0.00366143106394417 0.0002987429951296049 0
1004 0.003750061176211732 0.0003920897741469019 0
1005 0.003796431295429111 0.0004365992880367779 0
1006 0.003746110148824519 0.0003957299267580413 0
1007 0.003855268626468227 0.0004661194092723144 0
1008 0.003911709666579211 0.0004990915715519603 0
1009 0.003852480327958077 0.0004708678136035789 0
1010 0.003976331640311888 0.0005137105522826478 0
1011 0.003975150536269626 0.0005194217831959332 0
1012 0.003586244531587816 6.177253286971679e-05 0
1013 0.003592975939897467 0.000123408389848156 0
1014 0.003582107299001212 6.211391371848451e-05 0
1015 0.003615828058205363 0.0001820504856804669 0
1016 0.003637095879427718 0.0002404203969715513 0
1017 0.003611851445276933 0.0001831208790398647 0
1018 0.003673423714173037 0.0002924669392096364 0
1019 0.00370818882683352 0.0003443494830492068 0
1020 0.003669790238749591 0.0002943512577029457 0
1021 0.003756134720927332 0.0003866140459052257 0
1022 0.003802614890791745 0.0004291613821277688 0
1023 0.003753097910999066 0.0003893519523674996 0
1024 0.003859551843315686 0.0004589740365250427 0
1025 0.003915446708565036 0.0004897716896296721 0
1026 0.003857410216941306 0.0004625467570172518 0
1027 0.003978140575465175 0.0005051192913567829 0
1028 0.003977236106165375 0.0005094149287739964 0
1029 0.003592608949282773 6.126075053075047e-05 0
1030 0.003600294934526578 0.0001221966628728519 0
1031 0.003589426738626401 6.151664191966772e-05 0
1032 0.003621944345266705 0.0001804439346932697 0
1033 0.003643978746044472 0.000237834643944972 0
1034 0.003618886187970653 0.000181247215402105 0
1035 0.003679011086956058 0.0002896348950808594 0
1036 0.003714248450376006 0.00034027377079 0
1037 0.00367621736527572 0.0002910509414742314 0
1038 0.003760803088823329 0.0003824954000067925 0
1039 0.003807366134229228 0.000423565009553824 0
1040 0.003758468870190134 0.0003845547620457825 0
1041 0.003862841825475492 0.00045359766189889 0
1042 0.003918314646577929 0.0004827589165813806 0
1043 0.003861196817755477 0.0004562858808396182 0
1044 0.003979525944139465 0.0004986574001399472 0
1045 0.003978833258238375 0.0005018883520600963 0
1046 0.003597504244313264 6.087716107815987e-05 0
1047 0.003605923920593068 0.0001212880788176196 0
1048 0.003595056595237209 6.106895599379464e-05 0
1049 0.003626648039980357 0.0001792383424237769 0
1050 0.003649271240224872 0.0002358926304124309 0
1051 0.003624296180673113 0.0001798411430861319 0
1052 0.003683307222920411 0.0002875066374409149 0
1053 0.003718906671903495 0.0003372091484248639 0
1054 0.003681159125530958 0.000288570786534985 0
1055 0.003764391501613464 0.0003793974132560768 0
1056 0.003811016900835179 0.0004193541621430535 0
1057 0.003762597266177558 0.0003809464393600878 0
1058 0.003865369000792714 0.0004495522145725808 0
1059 0.00392051570809082 0.0004774820439887232 0
1060 0.003864105399170739 0.000451574964775723 0
1061 0.003980587013329285 0.0004937970644083127 0
1062 0.003980056477438596 0.0004962272375036079 0
1063 0.003601269547253152 6.058967802860541e-05 0
1064 0.003610253150214598 0.0001206068480420051 0
1065 0.003599386894531762 6.073341970519354e-05 0
1066 0.003630265422998209 0.0001783336768319692 0
1067 0.003653340871437052 0.0002344341339454909 0
1068 0.003628456721868841 0.0001787860132727324 0
1069 0.003686610587028156 0.0002859072678548822 0
1070 0.003722487642636077 0.0003349047867799243 0
1071 0.00368495888198843 0.0002867069684949096 0
1072 0.003767149865076022 0.0003770670953177776 0
1073 0.003813822147877383 0.0004161857690069975 0
1074 0.003765770660583513 0.000378232279938544 0
1075 0.00386731030441112 0.0004465081425621549 0
1076 0.003922205039089263 0.0004735113115487929 0
1077 0.003866339641646656 0.0004480301993898936 0
1078 0.003981399763433846 0.0004901413104028209 0
1079 0.003980993387373824 0.000491969191472582 0
1080 0.00360416570693278 6.037424100517083e-05 0
1081 0.00361358275667004 0.0001200961180559949 0
1082 0.003602717626140194 6.048195963246733e-05 0
1083 0.00363304740294669 0.0001776548555031118 0
1084 0.003656470216423389 0.0002333388009570219 0
1085 0.003631656405628372 0.0001779942689499627 0
1086 0.00368915063511533 0.0002847053594337952 0
1087 0.003725240524550403 0.0003331720819499768 0
1088 0.003687880593915795 0.0002853063254720706 0
1089 0.00376927023166194 0.0003753141887385511 0
1090 0.003815977748852211 0.0004138017182477333 0
1091 0.003768210031355401 0.0003761906612022511 0
1092 0.003868801610847865 0.0004442175227218182 0
1093 0.003923501672683457 0.0004705233703916625 0
1094 0.003868055949438642 0.0004453628482102314 0
1095 0.003982022357740433 0.0004873915729352678 0
1096 0.003981711059838707 0.0004887664446895537 0
1097 0.003616143563394249 0.000119713243282127 0
1098 0.00360527952641497 6.0293524375391e-05 0
1099 0.003658876547060353 0.0002325162260163591 0
1100 0.003634117155692843 0.0001774001892929902 0
1101 0.003727356839415932 0.0003318692154309894 0
1102 0.003690127189031672 0.0002842537583357293 0
1103 0.003817634188061212 0.0004120078108529054 0
1104 0.003770085200858553 0.0003746549049932396 0
1105 0.003924496938988897 0.0004682749263731672 0
1106 0.003869374431466714 0.000443355681955364 0
1107 0.003982260839793007 0.0004863574288857819 0
1108 0.004526760978521121 0.0005580800217531828 0
1109 0.004526630475202026 0.0005610746566745688 0
1110 0.004526456905503265 0.0005650575276451801 0
1111 0.00452622605770146 0.0005703547483871062 0
1112 0.004525919030096369 0.0005774000526322664 0
1113 0.004525510683816247 0.0005867702973044716 0
1114 0.004524967583199465 0.0005992327241921276 0
1115 0.004524245258402731 0.000615807774358409 0
1116 0.004523284566700828 0.0006378525847058432 0
1117 0.004522006846613243 0.0006671721853146973 0
1118 0.004520307478622093 0.0007061672604270682 0
1119 0.004518047318814854 0.0007580307190235254 0
1120 0.004515041306699281 0.0008270091091343991 0
1121 0.004511043309825218 0.0009187503854294509 0
1122 0.004505725972806952 0.001040766309881828 0
1123 0.004498653914256311 0.001203047496662707 0
1124 0.00448924807500367 0.001418881506754453 0
1125 0.004476738307962554 0.001705940759339405 0
1126 0.00446010031692021 0.002087729585416912 0
1127 0.004437971786693341 0.00259550877321888 0
1128 0.004408540838233439 0.003270855167759938 0
1129 0.004369397673339333 0.004169065951492511 0
1130 0.004317337257943797 0.005363686433519726 0
1131 0.005065151588289431 0.0006242097183084791 0
1132 0.005065017515677968 0.0006272353586246282 0
1133 0.005064839198812588 0.0006312594668378338 0
1134 0.005064602037276373 0.0006366115331367523 0
1135 0.005064286612403731 0.0006437297819795282 0
1136 0.005063867097769657 0.0006531970428632968 0
1137 0.005063309143240363 0.0006657885013275901 0
1138 0.005062567062713279 0.0006825351637227796 0
1139 0.005061580095897613 0.0007048082182686708 0
1140 0.005060267429905324 0.0007344313836909467 0
1141 0.005058521583853409 0.0007738302000704216 0
1142 0.005056199608214987 0.0008262306346421757 0
1143 0.005053111381055648 0.0008959232026984945 0
1144 0.005049004038152576 0.0009886143358416332 0
1145 0.005043541270883575 0.001111893570181313 0
1146 0.005036275790090802 0.001275854959187457 0
1147 0.005026612699218377 0.001493923638566743 0
1148 0.00501376078750011 0.001783955001502524 0
1149 0.004996667744013147 0.002169696734555158 0
1150 0.004973933993976386 0.002682733289142602 0
1151 0.004943698103080225 0.003365071982282429 0
1152 0.004903484364651736 0.00427258252396924 0
1153 0.004850000086289009 0.005479571685521603 0
1154 0.005662765225230203 0.0006976136888665982 0
1155 0.005662627190703824 0.0007006737451743969 0
1156 0.00566244360448297 0.0007047436267314869 0
1157 0.005662199434700865 0.0007101565716047904 0
1158 0.005661874688860318 0.0007173557889590654 0
1159 0.005661442777352128 0.0007269307378485034 0
1160 0.005660868334978307 0.0007396654213772715 0
1161 0.005660104325588357 0.0007566025733657129 0
1162 0.005659088193393517 0.0007791289789973783 0
1163 0.005657736737443154 0.0008090891013964498 0
1164 0.005655939300738669 0.0008489360706274942 0
1165 0.005653548709520819 0.0009019325485917895 0
1166 0.005650369223653835 0.0009724178542473016 0
1167 0.005646140506646518 0.001066163328597882 0
1168 0.005640516311783169 0.001190844837053536 0
1169 0.005633036132280313 0.001356671250717345 0
1170 0.005623087492081574 0.001577220413255335 0
1171 0.005609855799733954 0.001870550819012419 0
1172 0.005592257647983307 0.002260680279248849 0
1173 0.005568852103890869 0.002779552511555235 0
1174 0.005537722726801735 0.003469652656920493 0
1175 0.005496320651632088 0.004387485930974972 0
1176 0.005441255885218846 0.005608204328181404 0
1177 0.006326116656886106 0.0007790921323777238 0
1178 0.006325974224632231 0.0007821903904532259 0
1179 0.006325784789424227 0.0007863110804446018 0
1180 0.006325532840485757 0.0007917916005654964 0
1181 0.006325197748366284 0.0007990806930074671 0
1182 0.00632475207632176 0.0008087751756363056 0
1183 0.006324159332432456 0.0008216688390572764 0
1184 0.00632337098199401 0.0008388174345881705 0
1185 0.006322322476214027 0.0008616250600499906 0
1186 0.006320927963391253 0.000891959204859482 0
1187 0.006319073261037192 0.0009323036239767848 0
1188 0.006316606506492641 0.0009859617104007511 0
1189 0.006313325723415572 0.001057326955182322 0
1190 0.006308962281093215 0.001152242748793133 0
1191 0.006303158901521246 0.001278480782209077 0
1192 0.006295440406345263 0.00144637737416267 0
1193 0.00628517480625475 0.001669679874230121 0
1194 0.006271521557222931 0.00196667221914584 0
1195 0.006253362735052726 0.002361672058720178 0
1196 0.006229211499230139 0.002887021896172573 0
1197 0.006197090352030112 0.003585737257335777 0
1198 0.006154369222496975 0.004515028769409228 0
1199 0.006097550113575189 0.005750986624962528 0
1200 0.007062436591685194 0.0008695331857178519 0
1201 0.007062289277954805 0.000872673847746612 0
1202 0.007062093350372397 0.0008768509350882175 0
1203 0.00706183276657214 0.0008824064637182077 0
1204 0.007061486190085412 0.0008897953174865983 0
1205 0.007061025243848706 0.0008996224825383451 0
1206 0.007060412185281391 0.0009126926136026506 0
1207 0.007059596816284674 0.0009300759114164454 0
1208 0.007058512375832574 0.0009531956908242716 0
1209 0.007057070069891246 0.0009839450004222607 0
1210 0.007055151802679235 0.001024841588797508 0
1211 0.007052600506859436 0.001079234060457693 0
1212 0.007049207283902292 0.001151576037464348 0
1213 0.007044694296511 0.001247790885181575 0
1214 0.007038692021953365 0.001375756660941095 0
1215 0.007030708996434615 0.001545951150314428 0
1216 0.007020091570936589 0.001772309854398629 0
1217 0.007005970394081546 0.002073366950927968 0
1218 0.006987189227873619 0.002473772910433602 0
1219 0.006962210274400795 0.003006312888090138 0
1220 0.006928988262604089 0.003714591136783516 0
1221 0.006884802983028591 0.004656601290390651 0
1222 0.006826036554322813 0.005909474941161362 0
1223 0.007879751494567551 0.0009699227273203564 0
1224 0.007879598762399739 0.0009731104577242951 0
1225 0.007879395628283751 0.0009773501461074476 0
1226 0.007879125459789584 0.0009829889341596478 0
1227 0.007878766135658756 0.0009904885229699259 0
1228 0.007878288235073449 0.001000462965470619 0
1229 0.007877652627219829 0.001013728975565183 0
1230 0.007876807267631777 0.001031372792841388 0
1231 0.007875682939704746 0.001054839063034038 0
1232 0.007874187583416601 0.001086049205420588 0
1233 0.007872198759231919 0.00112755870150368 0
1234 0.007869553622622734 0.001182766340551998 0
1235 0.007866035591433481 0.001256192490030483 0
1236 0.007861356609061917 0.001353849287409475 0
1237 0.007855133561131699 0.001483732856643211 0
1238 0.007846856907014274 0.001656478011451339 0
1239 0.007835848955422709 0.001886229101061649 0
1240 0.007821208378828584 0.002191798070641899 0
1241 0.007801736410931237 0.002598204821621802 0
1242 0.007775838691122611 0.003138725852711138 0
1243 0.007741394719964006 0.003857618903645256 0
1244 0.007695584234294261 0.004813746745474173 0
1245 0.007634656281230424 0.006085396923774998 0
1246 0.008786971025152336 0.001081355117072529 0
1247 0.008786812278519063 0.001084595093372249 0
1248 0.008786601145150921 0.001088904268910632 0
1249 0.008786320337646656 0.001094635474920304 0
1250 0.008785946863631081 0.001102257979625508 0
1251 0.008785450143719085 0.001112395900092443 0
1252 0.008784789506158014 0.00112587933590782 0
1253 0.008783910857014054 0.001143812329783607 0
1254 0.008782742253990457 0.001167663204742502 0
1255 0.008781188011818181 0.001199384871517822 0
1256 0.008779120869394932 0.001241574695147935 0
1257 0.008776371569510989 0.001297687169985529 0
1258 0.008772715001186031 0.001372316750892379 0
1259 0.008767851764388936 0.001471574112375494 0
1260 0.008761383658018575 0.001603586432338429 0
1261 0.008752781076161198 0.001779162825743031 0
1262 0.008741339640611863 0.002012679463239242 0
1263 0.00872612253031543 0.00232325661184206 0
1264 0.008705883772553555 0.002736324241273351 0
1265 0.008678966222126458 0.003285704241559982 0
1266 0.008643165876095132 0.004016379722830886 0
1267 0.008595551411686012 0.004988178198385894 0
1268 0.008532224166618314 0.006280670321979033 0
1269 0.009793984657527658 0.001205045063976854 0
1270 0.009793819234838059 0.001208343033218212 0
1271 0.009793599222300432 0.001212729339495335 0
1272 0.00979330660549552 0.001218563129433061 0
1273 0.00979291742510862 0.001226322070775329 0
1274 0.009792399815744996 0.001236641451776405 0
1275 0.00979171139520997 0.00125036623013073 0
1276 0.009790795794660703 0.001268620210017218 0
1277 0.009789578046282259 0.001292897996246916 0
1278 0.00978795844078168 0.001325187455067532 0
1279 0.009785804365117754 0.001368132442239938 0
1280 0.00978293944400431 0.001425249284757209 0
1281 0.009779129099466018 0.001501214674487811 0
1282 0.009774061340266297 0.001602248662044395 0
1283 0.009767321219040292 0.00173662389520754 0
1284 0.009758356857408711 0.001915342963308988 0
1285 0.009746434254689096 0.002153039358765382 0
1286 0.00973057719201346 0.002469175585826337 0
1287 0.009709487297542346 0.002889636789996977 0
1288 0.009681437735182465 0.003448850245638151 0
1289 0.009644131813113851 0.004192604223978458 0
1290 0.009594514932399037 0.005181797102165547 0
1291 0.009528524473333414 0.006497423783963991 0
1292 0.01091176973557402 0.0013423408984214 0
1293 0.01091159690246224 0.001345703239824872 0
1294 0.01091136703404698 0.001350175161217873 0
1295 0.010911061308919 0.001356122819310254 0
1296 0.0109106546944608 0.001364033205312364 0
1297 0.01091011389780701 0.001374554007496636 0
1298 0.01090939463817242 0.001388546676056287 0
1299 0.01090843802156529 0.001407156950397488 0
1300 0.01090716572184566 0.001431908608114948 0
1301 0.01090547356305426 0.001464828316075478 0
1302 0.01090322299149795 0.001508611534739448 0
1303 0.01090022973082611 0.001566843225327452 0
1304 0.01089624869469946 0.001644291362780987 0
1305 0.01089095391564405 0.001747297405184116 0
1306 0.01088391185794321 0.001884295471873135 0
1307 0.01087454592078213 0.002066502908720028 0
1308 0.01086208922252991 0.002308838835288711 0
1309 0.01084552181274849 0.002631145639140924 0
1310 0.01082348715657685 0.003059813710876869 0
1311 0.01079418106103372 0.003629942301435739 0
1312 0.01075520394964637 0.004388213410823713 0
1313 0.01070336438694217 0.005396714075002239 0
1314 0.01063441776048505 0.006738020115171446 0
1315 0.01215251119923043 0.001494739277974279 0
1316 0.01215233014054987 0.001498173072479258 0
1317 0.01215208933211022 0.001502740026652958 0
1318 0.01215176905674334 0.001508814078399762 0
1319 0.01215134309046557 0.001516892567977966 0
1320 0.01215077655591918 0.001527636947680462 0
1321 0.01215002306488337 0.001541926974374512 0
1322 0.01214902092045109 0.001560932735569075 0
1323 0.0121476880687415 0.001586210390649424 0
1324 0.01214591537579563 0.001619829675170523 0
1325 0.01214355769379657 0.001664543330810428 0
1326 0.01214042197621199 0.001724012502783944 0
1327 0.01213625147241837 0.001803106490245839 0
1328 0.01213070470131796 0.00190830151357639 0
1329 0.01212332749412316 0.002048210925542646 0
1330 0.0121135158081152 0.002234290451781459 0
1331 0.01210046626380961 0.002481776257997136 0
1332 0.01208311036872456 0.002810932402237077 0
1333 0.01206002702704379 0.003248710097169252 0
1334 0.01202932617963859 0.003830954487751093 0
1335 0.01198849404806934 0.00460533961295353 0
1336 0.01193418730830622 0.005635271920050124 0
1337 0.01186195933597713 0.007005082048632743 0
1338 0.01352973404677913 0.001663901457523835 0
1339 0.01352954385771842 0.001667414564961292 0
1340 0.01352929090585327 0.001672087005508003 0
1341 0.01352895447972329 0.00167830135419318 0
1342 0.01352850703292861 0.001686566438716858 0
1343 0.01352791192932512 0.001697558989432675 0
1344 0.0135271204414389 0.001712179083613473 0
1345 0.01352606776112723 0.001731623835158826 0
1346 0.01352466769671751 0.001757485347236919 0
1347 0.01352280561087179 0.001791881161640411 0
1348 0.0135203290362967 0.001837627602190822 0
1349 0.01351703519155948 0.001898470378325656 0
1350 0.0135126543786828 0.001979391259061955 0
1351 0.01350682789644873 0.002087016050909556 0
1352 0.01349907867336391 0.002230157055718069 0
1353 0.01348877220620008 0.002420534600629329 0
1354 0.0134750646028606 0.002673736772518232 0
1355 0.01345683348920208 0.003010495683611087 0
1356 0.01343258610675718 0.003458385058991047 0
1357 0.01340033708498593 0.004054077985869346 0
1358 0.01335744588128187 0.004846349666326218 0
1359 0.01330040057533862 0.005900071094003364 0
1360 0.01322453030956412 0.007301520756657071 0
1361 0.01505845141290645 0.001851671477480763 0
1362 0.01505825108912373 0.001855272622273579 0
1363 0.01505798465805624 0.001860062152694747 0
1364 0.01505763030457919 0.001866432230982069 0
1365 0.01505715901441068 0.001874904435895954 0
1366 0.01505653219915376 0.001886172456437532 0
1367 0.01505569853476346 0.001901158925529915 0
1368 0.01505458975962557 0.001921090956366368 0
1369 0.01505311508911853 0.001947600549714248 0
1370 0.01505115377715373 0.001982858312290243 0
1371 0.01504854523181896 0.002029751144095366 0
1372 0.01504507586594192 0.002092118620854652 0
1373 0.01504046160998253 0.002175067353132704 0
1374 0.01503432464838939 0.002285389188043762 0
1375 0.0150261624876657 0.002432117260919857 0
1376 0.01501530681341762 0.002627265606574393 0
1377 0.0150008687645489 0.002886812944383006 0
1378 0.01498166615827162 0.003232010926712417 0
1379 0.01495612669057561 0.003691124267429089 0
1380 0.01492215919525416 0.004301745069649214 0
1381 0.0148769824214753 0.00511387082650867 0
1382 0.01481689730706524 0.006193998178123557 0
1383 0.01473698409555723 0.007630567723720285 0
1384 0.01675532795737256 0.002060096232558946 0
1385 0.01675511638404668 0.002063795098831651 0
1386 0.01675483499106224 0.002068714599034004 0
1387 0.01675446073822682 0.002075257537207019 0
1388 0.01675396298190921 0.002083959645790361 0
1389 0.01675330096671145 0.002095533437886848 0
1390 0.0167524204863943 0.002110926583195348 0
1391 0.01675124944598952 0.002131399494130386 0
1392 0.01674969196270147 0.002158628457801393 0
1393 0.01674762050972724 0.002194842983000046 0
1394 0.01674486547682624 0.002243008309298963 0
1395 0.01674120128245344 0.002307068204018807 0
1396 0.01673632790463159 0.002392267851863869 0
1397 0.01672984631089585 0.002505583405048397 0
1398 0.01672122578932114 0.002656293124108643 0
1399 0.01670976049511392 0.002856737059424964 0
1400 0.01669451165158057 0.003123327532517325 0
1401 0.01667423068832737 0.003477892885399439 0
1402 0.01664725700577769 0.003949464829608421 0
1403 0.01661138200451636 0.004576655576076161 0
1404 0.01656366824755662 0.005410819361224688 0
1405 0.01650020894521922 0.006520257293041777 0
1406 0.0164158080632432 0.007995809914864916 0
1407 0.01863886101016624 0.002291447721558219 0
1408 0.01863863694984684 0.002295255058678699 0
1409 0.01863833894913382 0.002300318825344945 0
1410 0.01863794260800961 0.002307053638000095 0
1411 0.01863741547426515 0.002316010939668527 0
1412 0.01863671438713126 0.002327924138206911 0
1413 0.01863578194113295 0.002343768694136512 0
1414 0.01863454178627876 0.002364841982009188 0
1415 0.0186328923807996 0.00239286944677639 0
1416 0.0186306986712993 0.002430145978536091 0
1417 0.01862778103719235 0.002479723773789492 0
1418 0.01862390058317939 0.002545662252533826 0
1419 0.01861873958007707 0.002633360416775671 0
1420 0.01861187544464555 0.002749998997399894 0
1421 0.01860274614250296 0.002905128343932216 0
1422 0.01859060417011018 0.003111450384049321 0
1423 0.01857445534445797 0.003385858737673993 0
1424 0.01855297740490677 0.00375082187235818 0
1425 0.01852441174379679 0.00423622286709343 0
1426 0.01848641941084544 0.004881806252540265 0
1427 0.01843588960242621 0.005740432250239092 0
1428 0.01836868495131832 0.006882404927609382 0
1429 0.01827930275489517 0.008401228766077075 0
1430 0.02072958264361748 0.002548247867573458 0
1431 0.02072934472273567 0.002552175607331797 0
1432 0.02072902828744446 0.002557399509768746 0
1433 0.02072860742832036 0.002564347303093456 0
1434 0.020728047685633 0.002573587869078874 0
1435 0.02072730322865122 0.002585877808757838 0
1436 0.02072631310074838 0.002602223430463662 0
1437 0.02072499622885748 0.002623963136719563 0
1438 0.02072324478974898 0.002652876937680191 0
1439 0.02072091537550851 0.002691332296691603 0
1440 0.02071781725406794 0.002742477932443176 0
1441 0.02071369675186101 0.002810501639399763 0
1442 0.02070821648470617 0.002900973156768974 0
1443 0.02070092772800405 0.003021300297754091 0
1444 0.0206912336794467 0.003181335430651185 0
1445 0.02067834059428868 0.003394182166925276 0
1446 0.02066119278851211 0.003677268367712211 0
1447 0.0206383862053068 0.004053773039892655 0
1448 0.02060805344804366 0.004554524280307688 0
1449 0.02056771087698124 0.005220523494483494 0
1450 0.02051405525152825 0.006106302547397848 0
1451 0.02044269326339982 0.007284388791380842 0
1452 0.02034778180809297 0.008851243679058689 0
1453 0.02305028360936173 0.002833296023829951 0
1454 0.02305003030325599 0.002837357410513587 0
1455 0.02304969340558342 0.002842759063652392 0
1456 0.02304924533148002 0.002849943265515494 0
1457 0.02304864939286683 0.002859498254886357 0
1458 0.02304785679535492 0.002872206377222841 0
1459 0.02304680264053945 0.002889108181928934 0
1460 0.02304540061273963 0.002911587612575134 0
1461 0.02304353591630503 0.002941485246690407 0
1462 0.02304105586980619 0.002981249103924544 0
1463 0.02303775740742963 0.003034135042593612 0
1464 0.02303337045173315 0.003104473352818614 0
1465 0.02302753580148768 0.003198023292096449 0
1466 0.02301977571518538 0.003322444734998692 0
1467 0.02300945479812114 0.003487925290649671 0
1468 0.02299572797781171 0.003708014439510377 0
1469 0.02297747130412102 0.004000733050451058 0
1470 0.02295318992649149 0.004390048828991185 0
1471 0.02292089569254065 0.004907838841763428 0
1472 0.02287794435723125 0.00559649962536642 0
1473 0.02282081907494568 0.006512418568955592 0
1474 0.02274484244282406 0.007730590871061497 0
1475 0.02264379351028874 0.009350760222275767 0
1476 0.0256262614319293 0.003149699446640186 0
1477 0.02562599104822666 0.003153909181396544 0
1478 0.02562563143731299 0.003159508137795314 0
1479 0.02562515315458556 0.003166954753110633 0
1480 0.02562451703849862 0.003176858752405562 0
1481 0.02562367100500352 0.003190031057446967 0
1482 0.02562254578032198 0.003207550225223604 0
1483 0.02562104922947255 0.003230850749863566 0
1484 0.02561905881741827 0.0032618404386748 0
1485 0.02561641156912904 0.003303056728795585 0
1486 0.02561289072833535 0.003357874403516108 0
1487 0.02560820800929444 0.003430781923120386 0
1488 0.02560197999385693 0.003527748910386069 0
1489 0.02559369673174971 0.003656715027976457 0
1490 0.02558267999071106 0.003828240002299234 0
1491 0.02556802772447427 0.004056368228353008 0
1492 0.02554854020751954 0.00435977881352951 0
1493 0.02552262180823959 0.004763314918752551 0
1494 0.02548815033537885 0.005300017967010773 0
1495 0.02544230327203915 0.006013833090243347 0
1496 0.02538132667104692 0.006963207309243548 0
1497 0.02530022778459497 0.008225875131559333 0
1498 0.02519236625300385 0.009905223531571299 0
1499 0.02848559688301788 0.003500907254316623 0
1500 0.02848530754318227 0.003505281655437628 0
1501 0.02848492272057043 0.003511099618460179 0
1502 0.02848441090626952 0.003518837512714398 0
1503 0.02848373019318573 0.003529128913034271 0
1504 0.02848282484574794 0.003542816460890416 0
1505 0.0284816207335133 0.003561020901691689 0
1506 0.02848001926207639 0.003585232840686444 0
1507 0.02847788930568115 0.003617434710239081 0
1508 0.02847505646340041 0.003660263200902464 0
1509 0.02847128878255808 0.003717225102691196 0
1510 0.02846627776619747 0.003792984444774429 0
1511 0.02845961311538691 0.003893744355397007 0
1512 0.02845074912812309 0.004027755062011448 0
1513 0.02843896002245539 0.004205989341219799 0
1514 0.02842328051121601 0.004443040943170521 0
1515 0.02840242675820738 0.004758319620031596 0
1516 0.02837469126485439 0.005177640288248812 0
1517 0.02833780305674902 0.005735336806396736 0
1518 0.02828874173522306 0.006477073247283494 0
1519 0.02822349017036983 0.00746358282287486 0
1520 0.02813670558148273 0.008775640673800546 0
1521 0.02802128206476878 0.0105206778195433 0
1522 0.03165945954847602 0.003890747959497713 0
1523 0.03165914916733074 0.003895305140301609 0
1524 0.0316587363597312 0.003901366200700669 0
1525 0.03165818732538012 0.003909427414609147 0
1526 0.03165745710962496 0.003920148830109367 0
1527 0.03165648592370432 0.003934408297546612 0
1528 0.03165519424627718 0.00395337339148069 0
1529 0.03165347631297678 0.003978597000509628 0
1530 0.03165119146234787 0.004012144390818709 0
1531 0.0316481526107164 0.004056762424261907 0
1532 0.03164411093739328 0.004116104418332472 0
1533 0.03163873551097211 0.004195029283681382 0
1534 0.03163158619485003 0.004299999339647786 0
1535 0.0316220776025993 0.00443960954063443 0
1536 0.03160943117210942 0.004625291149004587 0
1537 0.03159261141880555 0.004872247699183547 0
1538 0.03157024114362858 0.005200699959121397 0
1539 0.03154048867565709 0.00563754149400032 0
1540 0.03150091789116758 0.006218540766037584 0
1541 0.03144828874270561 0.006991269872595148 0
1542 0.03137829196750214 0.008018999698091998 0
1543 0.03128519624829419 0.009385880486213437 0
1544 0.03116137892727222 0.01120383214695091 0
1545 0.03518244713567932 0.004323471145754832 0
1546 0.03518211339868011 0.004328231212008384 0
1547 0.03518166952774398 0.00433456211049757 0
1548 0.03518107917913694 0.00434298220922519 0
1549 0.03518029401541618 0.00435418094157948 0
1550 0.0351792497487791 0.004369075239756905 0
1551 0.03517786087398757 0.00438888465867527 0
1552 0.03517601366801782 0.004415231221451288 0
1553 0.03517355688478835 0.004450272139812164 0
1554 0.03517028936277593 0.00449687656575712 0
1555 0.03516594355779701 0.004558860462282008 0
1556 0.0351601636362058 0.004641299058484405 0
1557 0.03515247634158417 0.00475094237582047 0
1558 0.03514225223779297 0.004896768015610816 0
1559 0.03512865417674384 0.005090716159417823 0
1560 0.03511056875473954 0.005348667202219564 0
1561 0.03508651513994396 0.005691742139491578 0
1562 0.03505452383013029 0.006148031836523198 0
1563 0.0350119753858336 0.006754897165588036 0
1564 0.03495538594944497 0.007562028131320034 0
1565 0.03488012199071596 0.008635512434584165 0
1566 0.03478002091680293 0.0100632466834879 0
1567 0.03464688647293394 0.01196213345652788 0
1568 0.03909296315558369 0.00480379385770224 0
1569 0.03909260349358806 0.004808779126793296 0
1570 0.03909212514235016 0.004815409545547065 0
1571 0.03909148893492135 0.00482422800640338 0
1572 0.03909064277896201 0.004835956560438348 0
1573 0.03908951739273395 0.004851555520701024 0
1574 0.03908802062887366 0.004872302140303588 0
1575 0.03908602993024847 0.004899895181674553 0
1576 0.03908338230184248 0.00493659391608739 0
1577 0.03907986095572061 0.004985403237595535 0
1578 0.03907517756462158 0.005050319645693419 0
1579 0.03906894865341533 0.005136658482941957 0
1580 0.03906066420269074 0.005251489120130706 0
1581 0.0390496458811315 0.005404213896637208 0
1582 0.03903499151021739 0.005607337894305693 0
1583 0.03901550119602977 0.00587749282328907 0
1584 0.03898957907435618 0.00623679893156457 0
1585 0.03895510265022887 0.006714676087471891 0
1586 0.03890924900372068 0.007350252738355992 0
1587 0.03884826364796553 0.008195569765801424 0
1588 0.03876715311583182 0.009319841536766876 0
1589 0.03865927609860664 0.01081512312365391 0
1590 0.03851579964892346 0.01280384786671453 0
1591 0.04343363599447868 0.005336952074940659 0
1592 0.04343324755573661 0.005342187319184622 0
1593 0.04343273093136325 0.005349150205436438 0
1594 0.04343204382064174 0.00535841084826141 0
1595 0.04343112996329677 0.00537072750436965 0
1596 0.04342991453432165 0.005387108639557213 0
1597 0.0434282980135936 0.005408895551932886 0
1598 0.04342614803811901 0.005437872184562395 0
1599 0.04342328857156452 0.005476411094817051 0
1600 0.04341948548067782 0.005527667850432441 0
1601 0.04341442736898102 0.005595839346419064 0
1602 0.04340770007929614 0.005686507451285611 0
1603 0.04339875278528933 0.005807096013586387 0
1604 0.04338685288199715 0.005967478831948289 0
1605 0.04337102600711887 0.006180788027536645 0
1606 0.04334997626258925 0.006464489270359359 0
1607 0.04332198009825639 0.006841811978685103 0
1608 0.04328474519720808 0.007343651214258826 0
1609 0.04323522277620146 0.008011097432780431 0
1610 0.0431693579498914 0.008898800989283868 0
1611 0.04308175772120119 0.01007944685013741 0
1612 0.04296524940679683 0.01164970598316956 0
1613 0.04281029333052321 0.01373815087426139 0
1614 0.04825178290795663 0.00592875770372808 0
1615 0.04825136252702566 0.005934270420395366 0
1616 0.04825080341947151 0.005941602345574803 0
1617 0.04825005980609443 0.005951353810391347 0
1618 0.04824907080021047 0.005964323259809384 0
1619 0.04824775542378495 0.00598157260917483 0
1620 0.04824600597293217 0.006004514246543629 0
1621 0.04824367920015265 0.006035026665490038 0
1622 0.04824058459325064 0.006075608170955604 0
1623 0.04823646876567135 0.006129581578465271 0
1624 0.04823099471410613 0.00620136622205524 0
1625 0.04822371422430351 0.0062968398140401 0
1626 0.04821403117424492 0.006423819673298106 0
1627 0.04820115271521776 0.006592702918229742 0
1628 0.04818402436092413 0.006817317683655763 0
1629 0.04816124364869467 0.007116055335035135 0
1630 0.04813094529698323 0.007513376469675993 0
1631 0.04809064848651699 0.008041813614024347 0
1632 0.04803705372576967 0.008744635053082327 0
1633 0.04796577268708058 0.009679387657450297 0
1634 0.0478709688951288 0.01092260875889109 0
1635 0.04774487984074392 0.01257609296922362 0
1636 0.04757718137880653 0.01477522722606553 0
1637 0.05359992586597728 0.006585661937441403 0
1638 0.05359947002921745 0.006591482648491913 0
1639 0.05359886376533365 0.006599224206872145 0
1640 0.05359805743401035 0.006609520484087542 0
1641 0.05359698501325009 0.00662321453406377 0
1642 0.05359555869515718 0.006641427601145808 0
1643 0.05359366169186926 0.006665650983229242 0
1644 0.05359113867408583 0.006697868124950514 0
1645 0.05358778306140401 0.006740716911051122 0
1646 0.05358332009610389 0.006797705802098171 0
1647 0.05357738435129538 0.006873501039441064 0
1648 0.05356948980937619 0.006974308722011806 0
1649 0.05355899007011882 0.007108382920738801 0
1650 0.05354502541425071 0.007286701638958636 0
1651 0.05352645241783925 0.007523865586632874 0
1652 0.05350175033150704 0.007839293651148922 0
1653 0.05346889655186399 0.008258813038519136 0
1654 0.05342520102202183 0.008816773860968378 0
1655 0.05336708596426611 0.009558861793971932 0
1656 0.05328979292997424 0.01054583884033928 0
1657 0.05318699318298557 0.01185851845732871 0
1658 0.05305026950746637 0.01360438250146534 0
1659 0.05286842699776678 0.01592638195163078 0
1660 0.05953636458942696 0.007314825641782081 0
1661 0.0595358693966969 0.007320988226600287 0
1662 0.0595352107892869 0.007329184477836479 0
1663 0.05953433484104284 0.007340085496818703 0
1664 0.05953316982976938 0.007354583853419972 0
1665 0.05953162036642495 0.007373866647174681 0
1666 0.05952955957993319 0.007399512765900998 0
1667 0.05952681873019411 0.007433622149915192 0
1668 0.05952317340109509 0.007478987617537749 0
1669 0.05951832511292266 0.007539323695333979 0
1670 0.05951187688861117 0.007619570691772784 0
1671 0.05950330074883872 0.007726299214933987 0
1672 0.05949189448456559 0.007868248130524927 0
1673 0.05947672415019724 0.008057040224165635 0
1674 0.05945654760102583 0.008308133764229798 0
1675 0.05942971278942758 0.008642088187453109 0
1676 0.05939402248476437 0.009086247635519899 0
1677 0.05934655437639357 0.009676979740883213 0
1678 0.05928342178893005 0.01046265348246173 0
1679 0.05919945543948133 0.01150759965984124 0
1680 0.05908778018235146 0.01289737822961215 0
1681 0.05893925207730633 0.01474578388996627 0
1682 0.05874170967450177 0.01720416370564507 0
1683 0.06612581146452255 0.008124197340342922 0
1684 0.06612527258666624 0.008130739405037064 0
1685 0.06612455587794318 0.008139440365335128 0
1686 0.06612360265491851 0.008151012647667558 0
1687 0.06612233486817716 0.008166403784608032 0
1688 0.06612064871360596 0.008186873974949993 0
1689 0.06611840612776107 0.008214099331324103 0
1690 0.06611542348455555 0.008250309104249112 0
1691 0.06611145657023909 0.008298468088315377 0
1692 0.06610618057368602 0.008362519543342471 0
1693 0.06609916349713617 0.008447707992296973 0
1694 0.06608983078375992 0.008561008648406171 0
1695 0.06607741827673705 0.00871169849957322 0
1696 0.06606090963925698 0.008912116039741102 0
1697 0.06603895314655345 0.009178671427105368 0
1698 0.06600975100995153 0.009533190108157636 0
1699 0.06597091216257145 0.01000470002315059 0
1700 0.06591925649210763 0.010631808251954 0
1701 0.06585055444676663 0.01146586224025998 0
1702 0.06575918071762428 0.01257515415201133 0
1703 0.06563765364441131 0.01405051255797093 0
1704 0.06547602262282323 0.01601273941046616 0
1705 0.06526105333897921 0.01862250142939057 0
1706 0.07344009751581279 0.009022599928193938 0
1707 0.07343951014746634 0.009029563215551539 0
1708 0.0734387289462857 0.009038824402909823 0
1709 0.07343768994825436 0.009051141787563038 0
1710 0.0734363080807435 0.009067523910682766 0
1711 0.07343447019891039 0.009089312111240226 0
1712 0.07343202581578324 0.009118290421408213 0
1713 0.07342877478182951 0.009156831626030671 0
1714 0.07342445090792117 0.009208091413358006 0
1715 0.07341870015506471 0.009276266937122742 0
1716 0.07341105165252954 0.009366940398384812 0
1717 0.07340087914245177 0.009487536122086412 0
1718 0.07338734970597496 0.009647928411769738 0
1719 0.07336935555203872 0.009861250197618392 0
1720 0.07334542332201155 0.01014496823553315 0
1721 0.07331359345465166 0.01052231324283858 0
1722 0.07327125972485053 0.0110241821762034 0
1723 0.0732149558604565 0.01169166790213675 0
1724 0.07314007171686218 0.01257942396445848 0
1725 0.0730404757962476 0.01376013964155971 0
1726 0.0729080132071659 0.01533049166595101 0
1727 0.07273183794819335 0.01741906004207162 0
1728 0.07249752482636648 0.02019685630706252 0
1729 0.0815589552293063 0.0100198268248519 0
1730 0.08155831403651451 0.01002725766937728 0
1731 0.08155746124870436 0.01003714070878748 0
1732 0.08155632704041341 0.01005028515703682 0
1733 0.08155481854324553 0.0100677672748422 0
1734 0.08155281224414777 0.01009101846677431 0
1735 0.08155014386603217 0.0101219425557007 0
1736 0.08154659491834106 0.01016307164957005 0
1737 0.08154187481927666 0.01021777332860063 0
1738 0.08153559708691142 0.01029052656877515 0
1739 0.08152724770151625 0.01038728839384623 0
1740 0.08151614301707845 0.01051598164277174 0
1741 0.08150137378887935 0.01068714363946924 0
1742 0.08148173071163875 0.01091478913837085 0
1743 0.08145560541313189 0.01121755771885855 0
1744 0.08142085876456358 0.01162023994891928 0
1745 0.08137464571518603 0.0121558073934939 0
1746 0.08131318235541082 0.01286811214232817 0
1747 0.08123143608259759 0.01381547750825263 0
1748 0.08112271352923905 0.01507547356681446 0
1749 0.08097811251726404 0.01675126851022145 0
1750 0.08078579315442357 0.01898007598096641 0
1751 0.08053000837194217 0.02194439026361335 0
1752 0.09057088723945976 0.01112674867377675 0
1753 0.09057018630153407 0.01113469850675539 0
1754 0.09056925405256563 0.01114527180193928 0
1755 0.09056801416088735 0.01115933429077506 0
1756 0.09056636510480109 0.01117803740267452 0
1757 0.09056417186254087 0.01120291251502324 0
1758 0.09056125484998982 0.01123599641835909 0
1759 0.0905573752180526 0.01127999806927609 0
1760 0.09055221530906798 0.01133852024807543 0
1761 0.09054535262945208 0.01141635475343575 0
1762 0.09053622526408775 0.01151987466229622 0
1763 0.09052408586611749 0.01165755616416887 0
1764 0.0905079404691161 0.01184067253558378 0
1765 0.09048646708702046 0.01208421735588328 0
1766 0.0904579074825181 0.01240813203850606 0
1767 0.09041992320683094 0.01283893858566444 0
1768 0.09036940411275342 0.01341191137746813 0
1769 0.09030221371314504 0.01417396524143803 0
1770 0.09021285047695175 0.01518749693398331 0
1771 0.09009399736131782 0.01653549421546334 0
1772 0.08993592270002489 0.01832833079830875 0
1773 0.08972568338201568 0.02071280366319695 0
1774 0.08944606505637347 0.02388415294425864 0
1775 0.1005741314977322 0.01235543189255142 0
1776 0.1005733642427099 0.01236395780269748 0
1777 0.1005723437918582 0.01237529728176928 0
1778 0.1005709865916233 0.01239037879562825 0
1779 0.100569181515142 0.0124104372109352 0
1780 0.1005667807659775 0.01243711487489722 0
1781 0.100563587769211 0.01247259617216223 0
1782 0.100559341077771 0.0125197863613152 0
1783 0.1005536929797888 0.01258254929474229 0
1784 0.1005461810087432 0.01266602400430512 0
1785 0.1005361900856377 0.01277704538596733 0
1786 0.1005229021556791 0.0129247038483394 0
1787 0.1005052292113508 0.01312108957532896 0
1788 0.100481724190924 0.01338228264189909 0
1789 0.1004504625068437 0.01372966949725207 0
1790 0.1004088844651571 0.01419169403553794 0
1791 0.1003535856615989 0.01480618676163423 0
1792 0.1002800382479568 0.01562346214189958 0
1793 0.1001822201826527 0.01671043845499216 0
1794 0.1000521221432137 0.01815611709124901 0
1795 0.09987909173160427 0.02007886989033004 0
1796 0.09964896126392478 0.0226361313380077 0
1797 0.09934288770612826 0.02603728946104612 0
1798 0.1116777327568517 0.01371927028165849 0
1799 0.1116768918898526 0.01372843563746841 0
1800 0.1116757735349117 0.01374062558066648 0
1801 0.1116742861221801 0.01375683821231538 0
1802 0.1116723078630623 0.01377840101442354 0
1803 0.1116696767812361 0.01380707951070143 0
1804 0.1116661774419935 0.01384522191526122 0
1805 0.1116615233145094 0.01389595138190057 0
1806 0.1116553333267454 0.01396342155302354 0
1807 0.11164710064222 0.01405315688932976 0
1808 0.1116361511700314 0.01417250490590646 0
1809 0.1116215883695784 0.0143312377945719 0
1810 0.1116022198477341 0.01454235250643425 0
1811 0.1115764597087821 0.01482313512661073 0
1812 0.1115421987164 0.01519657609402133 0
1813 0.1114966315944936 0.01569325260289378 0
1814 0.1114360273134646 0.01635383245663346 0
1815 0.1113554236143152 0.01723240372075633 0
1816 0.1112482206887915 0.01840090356367993 0
1817 0.1111056407840528 0.01995500850510033 0
1818 0.1109160094897571 0.02202196830601342 0
1819 0.110663799846163 0.02477102508299533 0
1820 0.1103283609809671 0.0284272710238305 0
1821 0.1240027304032191 0.01523313092412 0
1822 0.1240018078269212 0.01524300606463036 0
1823 0.1240005807984348 0.0152561400230266 0
1824 0.1239989488498236 0.0152736081954463 0
1825 0.1239967783579679 0.01529684086693568 0
1826 0.1239938916068725 0.01532774028712659 0
1827 0.1239900522274616 0.01536883652083998 0
1828 0.1239849458459425 0.01542349458556421 0
1829 0.1239781543604856 0.01549618979062938 0
1830 0.1239691216839509 0.01559287442275345 0
1831 0.1239571082222182 0.01572146500426168 0
1832 0.1239411303154342 0.01589249050634749 0
1833 0.1239198797024377 0.01611995439173077 0
1834 0.1238916163817771 0.01642248141682546 0
1835 0.1238540261569866 0.01682484244917217 0
1836 0.1238040311557788 0.0173599826461301 0
1837 0.1237375377944147 0.01807171921253068 0
1838 0.1236491016178969 0.01901832890903441 0
1839 0.1235314814969235 0.02027731987179818 0
1840 0.1233750467208967 0.02195177801424798 0
1841 0.1231669884457477 0.02417880759025081 0
1842 0.1228902709154635 0.02714075718682515 0
1843 0.1225222365571589 0.03108015061082078 0
1844 0.1376834778724511 0.01691351624729561 0
1845 0.1376824645988348 0.0169241792488291 0
1846 0.1376811169427172 0.01693836106410283 0
1847 0.1376793245592853 0.01695722288678811 0
1848 0.1376769406890982 0.01698230911330394 0
1849 0.1376737701451242 0.017015673759056 0
1850 0.13766955332114 0.01706004874315342 0
1851 0.1376639449376598 0.01711906755178315 0
1852 0.1376564857897877 0.01719756254456576 0
1853 0.1376465651221546 0.01730196089510297 0
1854 0.1376333706320701 0.0174408107237588 0
1855 0.1376158219573149 0.01762548102683908 0
1856 0.137592482223214 0.0178710924949608 0
1857 0.1375614403709563 0.01819775580968785 0
1858 0.1375201546983243 0.01863221811434395 0
1859 0.1374652447512677 0.01921005300538303 0
1860 0.1373922145109653 0.01997857352324457 0
1861 0.1372950842848793 0.02100070588023286 0
1862 0.1371659010773701 0.02236014198673976 0
1863 0.1369940873947631 0.02416819218329057 0
1864 0.1367655751715981 0.02657289921091763 0
1865 0.1364616538880601 0.02977115983893484 0
1866 0.1360574385336981 0.03402484697149323 0
1867 0.1528691072051942 0.01877874391203472 0
1868 0.1528679932575528 0.01879028143928227 0
1869 0.1528665117047623 0.0188056263756612 0
1870 0.1528645412386764 0.01882603515010301 0
1871 0.1528619205185375 0.01885317882264728 0
1872 0.1528584349644626 0.01888927986870447 0
1873 0.152853799176995 0.01893729426563809 0
1874 0.1528476335713284 0.01900115349988313 0
1875 0.1528394333181628 0.01908608625687279 0
1876 0.1528285269803936 0.01919904683463667 0
1877 0.1528140215488162 0.01934928442734452 0
1878 0.1527947293215831 0.01954910045915383 0
1879 0.1527690706630168 0.01981485574361666 0
1880 0.1527349446406335 0.02016831033917257 0
1881 0.1526895570208275 0.02063840505521022 0
1882 0.1526291914837854 0.0212636310555065 0
1883 0.1525489053077375 0.02209518175792976 0
1884 0.1524421246864658 0.02320114426598117 0
1885 0.1523001064526825 0.0246720744792836 0
1886 0.1521112221834796 0.02662841185221656 0
1887 0.1518600060776288 0.02923034084626546 0
1888 0.151525888627463 0.03269090671269244 0
1889 0.1510815123667907 0.03729345985312141 0
1890 0.169725155577111 0.02084914659687386 0
1891 0.1697239298813052 0.02086165484765378 0
1892 0.1697222997032126 0.02087829084844596 0
1893 0.1697201315653873 0.02090041673931943 0
1894 0.1697172479418102 0.02092984417693127 0
1895 0.1697134127265347 0.02096898262729525 0
1896 0.1697083118896154 0.02102103677243457 0
1897 0.169701527767342 0.0210902688790561 0
1898 0.1696925048873271 0.02118234755424045 0
1899 0.1696805044557421 0.02130481220412607 0
1900 0.1696645438791546 0.02146769021479875 0
1901 0.1696433163087334 0.02168431800532055 0
1902 0.1696150836440935 0.02197243292568695 0
1903 0.1695775341929815 0.0223556258426503 0
1904 0.1695275934119592 0.02286527253490567 0
1905 0.1694611721702286 0.02354310266592445 0
1906 0.1693728319057632 0.02444461687247573 0
1907 0.1692553393461809 0.02564363084722902 0
1908 0.1690990742336932 0.02723831951777348 0
1909 0.1688912416139804 0.0293592556547603 0
1910 0.1686148241991614 0.03218010102923613 0
1911 0.1682471890051203 0.03593182570723716 0
1912 0.1677582341398823 0.04092162011233166 0
1913 0.1884353693433713 0.02314729358606493 0
1914 0.1884340196071027 0.02316087933997005 0
1915 0.1884322244549244 0.02317894842226658 0
1916 0.1884298369014675 0.02320298031238677 0
1917 0.1884266614550732 0.02323494272923363 0
1918 0.1884224381158641 0.02327745269839148 0
1919 0.188416821074052 0.02333399096405688 0
1920 0.1884093503983431 0.02340918695903996 0
1921 0.1883994144025229 0.02350919760345178 0
1922 0.1883861995267992 0.02364221177343425 0
1923 0.1883686237392458 0.02381912064810345 0
1924 0.1883452479378799 0.02405440949086996 0
1925 0.1883141581264905 0.02436734360718759 0
1926 0.1882728086694787 0.02478354606104379 0
1927 0.1882178138794925 0.02533709544707459 0
1928 0.188144670805539 0.02607331616342645 0
1929 0.1880473905029052 0.02705248985986718 0
1930 0.1879180076917652 0.02835479096306834 0
1931 0.1877459285438716 0.03008685152169513 0
1932 0.1875170632550344 0.0323904922875048 0
1933 0.1872126723871832 0.03545433484521621 0
1934 0.1868078324973372 0.03952924580534352 0
1935 0.1862693953808937 0.04494887801591788 0
1936 0.2092037068176608 0.02569823676786423 0
1937 0.2092022193964807 0.02571301855025038 0
1938 0.2092002411230703 0.02573267835303276 0
1939 0.2091976100182666 0.02575882590233811 0
1940 0.2091941106485506 0.02579360214616419 0
1941 0.2091894564917823 0.02583985450122092 0
1942 0.2091832664625486 0.02590137014072041 0
1943 0.2091750337125389 0.02598318605185146 0
1944 0.2091640841581918 0.02609200118219451 0
1945 0.2091495212494962 0.02623672531960241 0
1946 0.2091301525778007 0.02642920845346461 0
1947 0.2091043922401258 0.02668521106443141 0
1948 0.2090701309958969 0.02702569448853235 0
1949 0.2090245635324065 0.02747853752870871 0
1950 0.2089639587925631 0.02808081890532108 0
1951 0.2088833544849662 0.02888185317204548 0
1952 0.2087761507401301 0.02994722890313178 0
1953 0.2086335697499802 0.03136417872006488 0
1954 0.2084439370230771 0.03324872207599894 0
1955 0.2081917254718993 0.03575516498184472 0
1956 0.2078562840716976 0.03908873441566444 0
1957 0.2074101469701932 0.0435223821525653 0
1958 0.206816784555823 0.0494191343320281 0
1959 0.2322565613522713 0.02852978369206372 0
1960 0.232254921100833 0.02854589306605851 0
1961 0.232252739562846 0.02856731856857313 0
1962 0.2322498381160355 0.02859581449956462 0
1963 0.2322459791914171 0.02863371409132516 0
1964 0.2322408468271375 0.02868412049471307 0
1965 0.2322340207818385 0.02875116101914632 0
1966 0.2322249421293185 0.02884032503717227 0
1967 0.2322128675249581 0.02895891314685991 0
1968 0.2321968082995995 0.02911663534805814 0
1969 0.2321754495264204 0.02932640590955549 0
1970 0.2321470423533285 0.02960540080313274 0
1971 0.2321092608184964 0.02997646395875102 0
1972 0.2320590113676133 0.03046997804958028 0
1973 0.2319921795831607 0.0311263519355221 0
1974 0.2319032933058628 0.03199932924287261 0
1975 0.2317850745397083 0.03316038923203325 0
1976 0.2316278435702268 0.0347045991207004 0
1977 0.2314187263697851 0.03675839838096935 0
1978 0.2311406004662938 0.03948995166135591 0
1979 0.2307706929736997 0.04312291792645979 0
1980 0.2302787159652821 0.04795476348398851 0
1981 0.2296243864675896 0.05438111882680179 0
1982 0.2578452298294199 0.0316728007710141 0
1983 0.2578434199363993 0.03169038377169221 0
1984 0.2578410127747379 0.03171376920090661 0
1985 0.2578378112483076 0.0317448718355657 0
1986 0.2578335532177576 0.03178623834352814 0
1987 0.2578278900431538 0.03184125574055657 0
1988 0.2578203580200402 0.03191442888725684 0
1989 0.2578103404157574 0.03201174930392356 0
1990 0.2577970170059132 0.03214118542066698 0
1991 0.2577792968691006 0.03231333547265023 0
1992 0.2577557290833303 0.03254229507879307 0
1993 0.2577243839229994 0.0328468114060286 0
1994 0.2576826948656959 0.03325181806357881 0
1995 0.2576272484089376 0.03379047702056322 0
1996 0.2575535046051424 0.03450689359176823 0
1997 0.2574554253417077 0.0354597276740907 0
1998 0.2573249799021971 0.03672699718955019 0
1999 0.2571514874560663 0.03841246575762451 0
2000 0.2569207424905401 0.04065413907141573 0
2001 0.2566138516567042 0.0436355648671576 0
2002 0.2562056868025162 0.04760086161447488 0
2003 0.255662827498704 0.05287470675221952 0
2004 0.254940824540225 0.05988892160544611 0
2005 0.2862486518465786 0.03516154972957316 0
2006 0.2862466536514014 0.0351807684558702 0
2007 0.286243996047462 0.03520632940372199 0
2008 0.2862404614326539 0.03524032547945296 0
2009 0.2862357603945198 0.03528554026440063 0
2010 0.2862295080204565 0.03534567586437148 0
2011 0.286221192361969 0.03542565622179013 0
2012 0.2862101325212301 0.03553203024095071 0
2013 0.2861954229373004 0.03567350764552955 0
2014 0.2861758591887743 0.03586167261188882 0
2015 0.2861498393990293 0.03611193205759427 0
2016 0.286115233072865 0.03644477717619869 0
2017 0.286069206665621 0.03688746112090426 0
2018 0.2860079915323442 0.03747623087933537 0
2019 0.2859265753870832 0.03825929483120181 0
2020 0.2858182919090428 0.03930076993376874 0
2021 0.2856742748621145 0.04068593202345405 0
2022 0.2854827321769136 0.04252819772571566 0
2023 0.2852279803921575 0.04497841123897689 0
2024 0.2848891604856575 0.04823719552684329 0
2025 0.284438529960125 0.05257137910952411 0
2026 0.2838391913084573 0.05833584378145028 0
2027 0.2830420708085486 0.06600258269142423 0
2028 0.3177764500214996 0.03903406104113166 0
2029 0.3177742428109311 0.03905509542285059 0
2030 0.3177713072160654 0.0390830711963697 0
2031 0.3177674028731614 0.03912027899166363 0
2032 0.3177622100966136 0.03916976536402924 0
2033 0.3177553037111563 0.03923558216921878 0
2034 0.317746118217412 0.03932311853047174 0
2035 0.3177339014942177 0.03943954204831664 0
2036 0.3177176532570672 0.03959438528228122 0
2037 0.3176960430995587 0.03980032680344945 0
2038 0.3176673015854274 0.04007422907087205 0
2039 0.3176290753652223 0.04043851914763344 0
2040 0.3175782344995893 0.04092302488073233 0
2041 0.3175106161354376 0.04156741762830497 0
2042 0.3174206836912299 0.042424460172088 0
2043 0.3173010735350833 0.04356432680630501 0
2044 0.3171419920040637 0.0450803496522886 0
2045 0.3169304135536833 0.04709666017204521 0
2046 0.3166490141998333 0.04977835330478583 0
2047 0.3162747530230097 0.0533450055163405 0
2048 0.3157769856027287 0.05808865348285674 0
2049 0.3151149548755319 0.06439770583317835 0
2050 0.3142344539054215 0.07278874644009564 0
2051 0.3527723059921077 0.04333254859652504 0
2052 0.3527698667744547 0.04335559835576212 0
2053 0.3527666226096613 0.04338625458577177 0
2054 0.3527623078685712 0.04342702738978035 0
2055 0.3527565692623849 0.04348125522417957 0
2056 0.3527489369242813 0.04355337816716139 0
2057 0.3527387859134032 0.04364930169266987 0
2058 0.3527252850506851 0.04377688015405358 0
2059 0.3527073289084617 0.04394655945863529 0
2060 0.3526834472369856 0.04417223295564017 0
2061 0.3526516846087892 0.04447237875516701 0
2062 0.3526094403062038 0.04487157273548022 0
2063 0.352553255391766 0.04540250065369252 0
2064 0.3524785294413519 0.04610863491920804 0
2065 0.3523791439053249 0.04704779370001288 0
2066 0.3522469611364968 0.04829687493435393 0
2067 0.3520711580281563 0.04995815321981868 0
2068 0.351837339878455 0.05216765348698151 0
2069 0.3515263617229476 0.05510628899732668 0
2070 0.3511127607361141 0.05901467460415188 0
2071 0.3505626713627277 0.06421282803669431 0
2072 0.3498310524317809 0.07112637270999345 0
2073 0.3488579991398629 0.08032138820046281 0
2074 0.3916177062556144 0.04810386979973258 0
2075 0.3916150095100971 0.04812915662802272 0
2076 0.3916114228326831 0.0481627881647474 0
2077 0.3916066525496054 0.04820751812844325 0
2078 0.3916003080725193 0.04826700898571838 0
2079 0.3915918699269762 0.04834613174167439 0
2080 0.3915806471920769 0.04845136501953939 0
2081 0.391565720934484 0.04859132546829501 0
2082 0.391545869017625 0.04877747281131994 0
2083 0.391519465965639 0.04902504880158091 0
2084 0.3914843499008221 0.04935432492184647 0
2085 0.3914376455267836 0.04979226223523921 0
2086 0.3913755287181581 0.0503747187791096 0
2087 0.391292913346974 0.051149386129784 0
2088 0.3911830348790026 0.05217969393400535 0
2089 0.3910368965100639 0.05355000337491275 0
2090 0.3908425324508527 0.05537251519877167 0
2091 0.3905840282348454 0.05779645608631362 0
2092 0.3902402176094192 0.06102029763680825 0
2093 0.3897829494333697 0.06530800731372506 0
2094 0.3891747826918964 0.07101066181534037 0
2095 0.3883659208546007 0.07859519296951706 0
2096 0.3872901344852284 0.08868262058388465 0
2097 0.4347361007981252 0.05340003636600236 0
2098 0.4347331181966773 0.05342780634095589 0
2099 0.4347291513302528 0.05346474046815354 0
2100 0.4347238753955667 0.05351386287912786 0
2101 0.4347168584017782 0.0535791956918293 0
2102 0.4347075258099732 0.05366608824023202 0
2103 0.4346951134614052 0.05378165534327307 0
2104 0.4346786050154938 0.0539353597980916 0
2105 0.43465664878878 0.05413978666389519 0
2106 0.434627447004415 0.05441167442181228 0
2107 0.4345886086249326 0.05477328519828642 0
2108 0.4345369535715587 0.05525422761164836 0
2109 0.4344682523603545 0.05589388093033286 0
2110 0.4343768797320756 0.05674462000597743 0
2111 0.4342553541095925 0.05787610322678134 0
2112 0.4340937250244606 0.05938097597776243 0
2113 0.4338787583096888 0.06138245703028293 0
2114 0.4335928525599571 0.06404442700783437 0
2115 0.4332125978927545 0.06758484726474179 0
2116 0.432706859136454 0.07229360666191652 0
2117 0.4320342265161099 0.07855625735346969 0
2118 0.4311396250523758 0.08688558350576545 0
2119 0.4299498049665086 0.09796358858343894 0
2120 0.004526810040125709 0.0005569542144142272 0
2121 0.004284242562705832 0.0005282918550282136 0
2122 0.004284291019875481 0.0005271712982380899 0
2123 0.004526695726861573 0.0005595773392138759 0
2124 0.004284113667176908 0.0005312725235484719 0
2125 0.00428417811494137 0.0005297821892883427 0
2126 0.004526543690352646 0.0005630660921598744 0
2127 0.00428394223584258 0.0005352368191751512 0
2128 0.004284027951509744 0.0005332546713618116 0
2129 0.004526341481602363 0.0005677061380161432 0
2130 0.004283714232066731 0.0005405093346986833 0
2131 0.004283828233954655 0.0005378730769369173 0
2132 0.004526072543898915 0.0005738774005096864 0
2133 0.004283410987016514 0.0005475217810003083 0
2134 0.004283562609541622 0.0005440155578494959 0
2135 0.004525714856956308 0.000582085174968369 0
2136 0.004283007671529022 0.0005568483246541282 0
2137 0.004283209329272768 0.000552185052827218 0
2138 0.004525239133507856 0.0005930015107482997 0
2139 0.004282471261867227 0.0005692526291804591 0
2140 0.004282739466698124 0.0005630504769172946 0
2141 0.004524606420801098 0.0006075202492752682 0
2142 0.004281757836052655 0.0005857503765016817 0
2143 0.004282114548959942 0.0005775015028410698 0
2144 0.00452376491255178 0.000626830179532126 0
2145 0.004280808979993608 0.0006076923740949136 0
2146 0.004281283408023133 0.0005967213752982991 0
2147 0.004522645706657035 0.0006525123850102703 0
2148 0.004279547001312548 0.0006368752337274023 0
2149 0.004280177990653078 0.0006222838039111576 0
2150 0.004521157162617668 0.0006866697228708827 0
2151 0.004277868569395459 0.0006756884433118135 0
2152 0.004278707785354004 0.000656281838519608 0
2153 0.004519177398718473 0.0007320989897252968 0
2154 0.004275636254571393 0.0007273100207155224 0
2155 0.004276752411983427 0.0007014992320136684 0
2156 0.004516544312757068 0.0007925199140789623 0
2157 0.004272667276278165 0.000795966708885851 0
2158 0.004274151765424779 0.0007616383648006856 0
2159 0.004513042308262249 0.0008728797472819249 0
2160 0.004268718534397188 0.0008872801215186069 0
2161 0.004270692905337676 0.0008416234152022315 0
2162 0.004508384641316084 0.0009797583476556394 0
2163 0.004263466706534214 0.001008726987174298 0
2164 0.004266092620465701 0.0009480035543464495 0
2165 0.004502189943531631 0.001121906903272268 0
2166 0.004256481775164006 0.001170251325721732 0
2167 0.00425997424084911 0.001089489156448017 0
2168 0.004493950994629991 0.00131096450170858 0
2169 0.004247191815078348 0.001385078727515277 0
2170 0.004251836795121177 0.001277665026618531 0
2171 0.004482993191483112 0.001562411133046929 0
2172 0.004234836167339606 0.001670799190974251 0
2173 0.004241013991208977 0.001527938959244761 0
2174 0.004468419312441382 0.001896835172378159 0
2175 0.004218403154980234 0.002050807427420277 0
2176 0.00422661966115992 0.001860803309197272 0
2177 0.004449036051806776 0.002341619179317896 0
2178 0.004196547246428088 0.002556218430783297 0
2179 0.004207475200704164 0.002303512929101726 0
2180 0.004423256312463391 0.002933181970489409 0
2181 0.004167478884835709 0.003228415139671866 0
2182 0.004182013065631899 0.002892316785227563 0
2183 0.004388969255786386 0.003719960559626225 0
2184 0.004128817960517817 0.004122436841118213 0
2185 0.004148148422676788 0.003675425990394423 0
2186 0.004343367465641564 0.004766376192506118 0
2187 0.004077398925163631 0.005311485843053394 0
2188 0.004103108442840718 0.004716961342085914 0
2189 0.004282717078515151 0.006158109127282249 0
2190 0.00404320526350177 0.006102203502213363 0
2191 0.005065201991738898 0.0006230722547570342 0
2192 0.004795956283405275 0.000591144870030831 0
2193 0.004796006015932302 0.0005900132345856306 0
2194 0.005065084551983699 0.0006257225384665537 0
2195 0.004795823995439997 0.0005941550076495985 0
2196 0.004795890139422637 0.0005926499388402148 0
2197 0.005064928357245278 0.000629247412731231 0
2198 0.004795648052157927 0.000598158497241507 0
2199 0.004795736023798962 0.0005961567524455527 0
2200 0.00506472061804448 0.0006339354999872931 0
2201 0.004795414047488917 0.0006034831407619293 0
2202 0.004795531049823422 0.0006008208190017182 0
2203 0.005064444324840052 0.0006401706575581403 0
2204 0.00479510282125005 0.0006105649173058973 0
2205 0.004795258434369483 0.0006070240290339134 0
2206 0.005064076855086694 0.0006484634124214125 0
2207 0.004794688890792952 0.0006199836700838842 0
2208 0.004794895856021501 0.0006152742936948907 0
2209 0.00506358812050501 0.0006594927720954434 0
2210 0.004794138363219914 0.0006325106127598589 0
2211 0.004794413627006433 0.0006262471414218715 0
2212 0.005062938102976821 0.0006741618325251848 0
2213 0.004793406160558005 0.0006491714690405944 0
2214 0.004793772261888958 0.0006408410409002265 0
2215 0.005062073579305446 0.0006936716909957252 0
2216 0.004792432331299221 0.000671330401487257 0
2217 0.004792919245928613 0.0006602509352639256 0
2218 0.005060923762901469 0.0007196198009798087 0
2219 0.004791137138259283 0.000700801784502822 0
2220 0.004791784734779252 0.0006860660929950394 0
2221 0.005059394506879367 0.0007541307918806841 0
2222 0.00478941453123775 0.0007399987302487449 0
2223 0.004790275834748517 0.0007204002573757834 0
2224 0.005057360596034198 0.0008000304173562986 0
2225 0.00478712346351492 0.0007921306768328506 0
2226 0.004788268997376336 0.0007660647035407976 0
2227 0.005054655494635317 0.000861076918670335 0
2228 0.004784076343877465 0.0008614661559164468 0
2229 0.004785599903696192 0.0008267984163746486 0
2230 0.005051057709604112 0.0009422687692700639 0
2231 0.004780023673988897 0.000953682360635542 0
2232 0.00478205000893318 0.0009075742582759944 0
2233 0.005046272654518075 0.001050253953011473 0
2234 0.004774633621845263 0.00107632994003157 0
2235 0.00477732864791708 0.001015006150333556 0
2236 0.005039908530487188 0.001193874264684385 0
2237 0.004767464852173556 0.001239451227925082 0
2238 0.00477104923700941 0.001157890583978326 0
2239 0.005031444244654589 0.0013848892988771 0
2240 0.004757930387111023 0.001456402572660598 0
2241 0.00476269761964229 0.00134792690029284 0
2242 0.005020186743359243 0.001638939320034633 0
2243 0.004745249547731333 0.001744947880420965 0
2244 0.004751589967421177 0.001600675226540781 0
2245 0.005005214265756629 0.001976825868028841 0
2246 0.004728384030466678 0.002128713159986036 0
2247 0.004736816789099005 0.0019368305202035 0
2248 0.004985300868994767 0.00242621501184888 0
2249 0.004705952890334864 0.002639121031180741 0
2250 0.004717168460400771 0.002383917095583388 0
2251 0.004958816048528306 0.003023902635712515 0
2252 0.004676119470656832 0.003317963575021184 0
2253 0.004691036180495848 0.002978542303100963 0
2254 0.00492359123386598 0.003818827253125834 0
2255 0.004636441018995534 0.004220824237730876 0
2256 0.004656280244826183 0.00376939390637603 0
2257 0.004876742225470372 0.004876077104745422 0
2258 0.004583668672116403 0.005421629059520664 0
2259 0.004610054845555968 0.00482122664862577 0
2260 0.004814433037899918 0.006282219551926387 0
2261 0.004548575058207549 0.006220164339604319 0
2262 0.005662817118127637 0.0006964632869179885 0
2263 0.005363958406759817 0.0006609117035875386 0
2264 0.005364009554933268 0.0006597677708375116 0
2265 0.005662696207967013 0.0006991437170204976 0
2266 0.005363822353190896 0.0006639545518995125 0
2267 0.005363890379975356 0.0006624331277435256 0
2268 0.005662535397593397 0.0007027086859529418 0
2269 0.005363641401647779 0.0006680015467846604 0
2270 0.005363731877419339 0.0006659780493420864 0
2271 0.005662321519591918 0.0007074500991681386 0
2272 0.00536340073598862 0.0006733840523707713 0
2273 0.005363521068818199 0.0006706927995777159 0
2274 0.005662037061780591 0.0007137561802819279 0
2275 0.005363080650632025 0.0006805427854692968 0
2276 0.005363240693310322 0.0006769634189200341 0
2277 0.005661658733106223 0.0007221432634037844 0
2278 0.005362654937560892 0.0006900638903559001 0
2279 0.005362867794096459 0.0006853033379125985 0
2280 0.005661155556165217 0.0007332980796128875 0
2281 0.005362088739109335 0.0007027269613524308 0
2282 0.005362371838335114 0.0006963954258541655 0
2283 0.005660486330283331 0.0007481339973714923 0
2284 0.005361335694150818 0.0007195688685442463 0
2285 0.005361712216630076 0.0007111479149483385 0
2286 0.005659596259490937 0.0007678657761815456 0
2287 0.005360334144645565 0.0007419685986330246 0
2288 0.005360834919398191 0.0007307687335886355 0
2289 0.005658412465418336 0.000794109040196914 0
2290 0.005359002083674239 0.0007717602425436983 0
2291 0.005359668114159903 0.0007568644205883616 0
2292 0.005656838019090912 0.000829012586011972 0
2293 0.005357230442296039 0.0008113831353489579 0
2294 0.005358116262985139 0.000791571688946328 0
2295 0.005654744005129744 0.0008754343096096419 0
2296 0.005354874158867903 0.0008640815916169827 0
2297 0.005356052300581971 0.0008377323634829704 0
2298 0.005651958966587327 0.0009371752014195456 0
2299 0.005351740302354741 0.000934170528472898 0
2300 0.005353307230611322 0.0008991260600449402 0
2301 0.005648254865150176 0.001019290591422592 0
2302 0.005347572272399547 0.001027388832219758 0
2303 0.005349656287377144 0.0009807796803463279 0
2304 0.005643328409214844 0.001128504082825709 0
2305 0.005342028791333372 0.001151369203617424 0
2306 0.005344800531866459 0.001089379017918591 0
2307 0.005636776222031741 0.00127375804388544 0
2308 0.005334655961185557 0.001316263104952401 0
2309 0.005338342376259464 0.001233816154284913 0
2310 0.005628061812180943 0.00146694583198634 0
2311 0.005324850095649975 0.001535572025911039 0
2312 0.005329753028417766 0.00142591756543172 0
2313 0.005616471645907764 0.001723885616133877 0
2314 0.005311808293617032 0.001827252910257472 0
2315 0.005318329194633504 0.001681412468084255 0
2316 0.005601056723858631 0.002065615549130634 0
2317 0.005294462695998228 0.002215188506902004 0
2318 0.00530313549480763 0.002021220708579738 0
2319 0.005580554875937088 0.002520116395402042 0
2320 0.005271393048933627 0.002731142900348918 0
2321 0.005282927872465927 0.002473165703625461 0
2322 0.005553287415346302 0.003124602584237864 0
2323 0.00524071041494098 0.003417362319601461 0
2324 0.005256051731937304 0.00307425260997519 0
2325 0.005517021689216911 0.003928569293947732 0
2326 0.005199902508141912 0.004330034227472105 0
2327 0.005220306461541446 0.003873698273536783 0
2328 0.005468788268425466 0.004997845129578187 0
2329 0.005145627985753928 0.005543888006851504 0
2330 0.00517276524694792 0.004936961117161805 0
2331 0.005404637812179298 0.006419982137137563 0
2332 0.005109535425039622 0.006351100844531978 0
2333 0.006326170203071509 0.0007779273688018804 0
2334 0.005994440941058154 0.0007383529106221611 0
2335 0.005994493660599568 0.000737195327859934 0
2336 0.006326045440759169 0.0007806412614154749 0
2337 0.005994300707668028 0.0007414320678138114 0
2338 0.005994370824363091 0.0007398924892179862 0
2339 0.006325879507028229 0.0007842507354489138 0
2340 0.005994114196953598 0.0007455273535880443 0
2341 0.005994207452310813 0.0007434797107009278 0
2342 0.006325658814954992 0.0007890513405050491 0
2343 0.005993866137593311 0.0007509740860851434 0
2344 0.005993990167273455 0.0007482507198365939 0
2345 0.006325365294426021 0.0007954361467864818 0
2346 0.005993536218613301 0.0007582182409832663 0
2347 0.005993701178103306 0.0007545961635342048 0
2348 0.006324974912344022 0.0008039279343218864 0
2349 0.005993097426836944 0.0007678529567424046 0
2350 0.005993316822725123 0.0007630355988628354 0
2351 0.006324455704377108 0.0008152220073467909 0
2352 0.005992513833705381 0.0007806671302172739 0
2353 0.005992805630271164 0.0007742600434798391 0
2354 0.006323765157213233 0.0008302431368227234 0
2355 0.005991737653791183 0.0007977100039769417 0
2356 0.005992125743748282 0.0007891885670971079 0
2357 0.006322846729104019 0.0008502212473190805 0
2358 0.005990705334803772 0.0008203770195236845 0
2359 0.005991221494297478 0.0008090435117503131 0
2360 0.00632162521980264 0.0008767921324547364 0
2361 0.005989332350417204 0.0008505241531279659 0
2362 0.005990018842610488 0.0008354505863258252 0
2363 0.006320000612214223 0.0009121314144181334 0
2364 0.005987506280887931 0.0008906198473021395 0
2365 0.005988419315652567 0.0008705720002150527 0
2366 0.006317839883764917 0.0009591326671887679 0
2367 0.00598507760800673 0.0009439471294962704 0
2368 0.005986291944447331 0.0009172834883992051 0
2369 0.006314966114954107 0.001021644332791536 0
2370 0.005981847473534703 0.001014872404714812 0
2371 0.005983462540770717 0.0009794097671055411 0
2372 0.006311144002254394 0.001104784851987728 0
2373 0.005977551393869867 0.001109203038695508 0
2374 0.005979699433702286 0.00106203772170516 0
2375 0.006306060591307231 0.001215361765501105 0
2376 0.005971837606652207 0.001234662809631306 0
2377 0.005974694500261038 0.001171932924163407 0
2378 0.006299299653933254 0.001362429078185873 0
2379 0.005964238269312788 0.001401524312440007 0
2380 0.005968037937982497 0.001318093561035657 0
2381 0.006290307606300007 0.001558028624196395 0
2382 0.005954131149168162 0.001623450143742728 0
2383 0.005959184709240475 0.001512487228091367 0
2384 0.006278348181738841 0.001818176046687981 0
2385 0.005940688678478442 0.00191861151907913 0
2386 0.005947409913823302 0.001771030831410929 0
2387 0.006262442146137828 0.002164172138933009 0
2388 0.005922810191518017 0.002311176168984514 0
2389 0.005931749434998229 0.002114893844031821 0
2390 0.006241287117141433 0.002624346977446376 0
2391 0.005899031801560504 0.002833287203863904 0
2392 0.005910920996539261 0.002572231686424209 0
2393 0.006213150925630125 0.003236379576754175 0
2394 0.005867406539415924 0.003527694957128135 0
2395 0.005883219170488214 0.003180491080496019 0
2396 0.006175729787263544 0.004050383013372502 0
2397 0.005825344937064532 0.004451257350192099 0
2398 0.005846375738240228 0.003989476153660117 0
2399 0.006125959668036082 0.005133007697185878 0
2400 0.005769402999397018 0.005679595476571966 0
2401 0.005797373968230775 0.005065426413382032 0
2402 0.006059765402659944 0.006572898674653328 0
2403 0.005732201607419704 0.00649644040589546 0
2404 0.007062491973019866 0.0008683524807391223 0
2405 0.00669427662428565 0.0008243126590477879 0
2406 0.006694331088045688 0.0008231399247705015 0
2407 0.00706236293482 0.0008711035167322319 0
2408 0.006694131751293518 0.000827432119099919 0
2409 0.006694204187789585 0.0008258723890738533 0
2410 0.007062191314163601 0.0008747623914174147 0
2411 0.006693939069898312 0.0008315810077664096 0
2412 0.006694035410595916 0.0008295065634331642 0
2413 0.007061963058472269 0.0008796286994032126 0
2414 0.006693682803528949 0.0008370990321418521 0
2415 0.006693810936713632 0.0008343400199541308 0
2416 0.007061659478328776 0.0008861008906024029 0
2417 0.006693341969225848 0.0008444380052470327 0
2418 0.006693512386377399 0.0008407685186944424 0
2419 0.007061255716967059 0.0008947089000124717 0
2420 0.006692888660085233 0.0008541988290873253 0
2421 0.006693115314655541 0.000849318417167179 0
2422 0.007060718714565048 0.0009061575480704978 0
2423 0.006692285758856924 0.0008671807263299635 0
2424 0.006692587209471078 0.0008606897777086443 0
2425 0.007060004500783033 0.000921384262509548 0
2426 0.006691483899139343 0.000884446673002308 0
2427 0.006691884828998134 0.0008758136996661357 0
2428 0.007059054596058624 0.0009416358011203585 0
2429 0.006690417426023301 0.000907410375437131 0
2430 0.006690950662581322 0.0008959285242197195 0
2431 0.00705779122286191 0.0009685703456232661 0
2432 0.006688999016641249 0.0009379521026408714 0
2433 0.006689708221332275 0.0009226812390390012 0
2434 0.00705611093628524 0.001004393294609884 0
2435 0.006687112531858214 0.0009785726063871465 0
2436 0.006688055774249731 0.000958262354514009 0
2437 0.007053876154769335 0.0010520378246276 0
2438 0.006684603506676039 0.001032597885429222 0
2439 0.006685858019267125 0.001005585245908184 0
2440 0.007050903895380864 0.00111540504896102 0
2441 0.006681266503658932 0.001104451496323335 0
2442 0.006682935005167485 0.001068524690876278 0
2443 0.007046950790206646 0.001199683461322961 0
2444 0.006676828288802107 0.001200016816987354 0
2445 0.006679047396230519 0.001152234156655345 0
2446 0.007041693159232182 0.001311773773061335 0
2447 0.006670925461737306 0.001327118721575086 0
2448 0.006673876875269707 0.00126356776928122 0
2449 0.00703470050919399 0.001460853905627761 0
2450 0.006663074701389939 0.001496164262238549 0
2451 0.006667000081563622 0.001411641491906817 0
2452 0.007025400283685602 0.001659130502356529 0
2453 0.006652633188595669 0.001720994864314375 0
2454 0.006657853944992805 0.001608579563276462 0
2455 0.007013030982509067 0.001922838402663298 0
2456 0.006638745975652238 0.002020019585036904 0
2457 0.006645689582123954 0.00187050722467564 0
2458 0.006996579810977583 0.002273569930680785 0
2459 0.006620275981463173 0.00241772248457689 0
2460 0.006629510978557706 0.002218871034806897 0
2461 0.006974699751137207 0.00274004289926187 0
2462 0.006595710886815467 0.002946667392131356 0
2463 0.00660799343413932 0.002682194938354123 0
2464 0.006945599268502442 0.003360452012436827 0
2465 0.0065630393073171 0.003650164197059646 0
2466 0.006579375097066283 0.003298415794595501 0
2467 0.00690689562281634 0.004185596213587084 0
2468 0.006519586102762783 0.00458581502989994 0
2469 0.006541312705039942 0.004117989613479794 0
2470 0.006855419768675703 0.005283038115776007 0
2471 0.006461793333949001 0.005830230783061945 0
2472 0.006490689718355891 0.005208022906480943 0
2473 0.006786956875631868 0.006742635995708453 0
2474 0.006423361139145919 0.006657767335180895 0
2475 0.007879808912917344 0.0009687243273892869 0
2476 0.007471094043126372 0.0009197279565191041 0
2477 0.007471150442968606 0.0009185384040642046 0
2478 0.007879675128483645 0.0009715165925223258 0
2479 0.007470944020177272 0.0009228921527354535 0
2480 0.007471019031651822 0.0009213100546272788 0
2481 0.007879497195341745 0.0009752303019158713 0
2482 0.007470744489328074 0.0009271005405978325 0
2483 0.007470844254752673 0.000924996346666643 0
2484 0.007879260544036667 0.0009801695401335476 0
2485 0.007470479113180863 0.0009326976989389277 0
2486 0.007470611801254468 0.0009298991197683801 0
2487 0.00787894579772417 0.0009867387285647869 0
2488 0.007470126162872084 0.0009401419202282621 0
2489 0.007470302638026474 0.0009364198095835949 0
2490 0.007878527185366102 0.0009954757442202722 0
2491 0.007469656739461077 0.0009500427240044818 0
2492 0.00746989145116658 0.000945092322116372 0
2493 0.007877970431146639 0.001007095970517901 0
2494 0.00746903240625061 0.0009632107945839169 0
2495 0.007469344572855844 0.0009566267592941993 0
2496 0.007877229947425804 0.001022550884203285 0
2497 0.007468202041958225 0.0009807243521289164 0
2498 0.007468617224104418 0.0009719675733564164 0
2499 0.007876245103668262 0.001043105927937713 0
2500 0.00746709765776866 0.001004017376929155 0
2501 0.007467649849863443 0.0009923708645290358 0
2502 0.007874935261560674 0.001070444134227313 0
2503 0.007465628826653923 0.001034997102921424 0
2504 0.007466363242211293 0.001019507239925289 0
2505 0.007873193171324261 0.001106803953462134 0
2506 0.007463675280955577 0.001076200145150594 0
2507 0.007464652053804751 0.001055598624036009 0
2508 0.007870876190927327 0.001155162521027839 0
2509 0.007461077064741085 0.001131000200504845 0
2510 0.007462376172848331 0.00110360017282772 0
2511 0.007867794607028107 0.001219479415291241 0
2512 0.007457621437667887 0.001203884263747416 0
2513 0.007459349251204486 0.00116744223212613 0
2514 0.007863696100247699 0.001305020888719979 0
2515 0.007453025452786458 0.001300820086295525 0
2516 0.007455323445227173 0.00125235217502147 0
2517 0.007858245085096808 0.001418791072026343 0
2518 0.007446912791542531 0.001429744758792153 0
2519 0.007449969122164495 0.001365282422543839 0
2520 0.007850995234072986 0.001570105434047275 0
2521 0.007438782951724445 0.001601214580882884 0
2522 0.007442847871633488 0.001515479669837518 0
2523 0.007841352931218491 0.001771353556256494 0
2524 0.007427970263179649 0.001829269477730139 0
2525 0.007433376607452046 0.001715242029306511 0
2526 0.007828528667125648 0.002039013585851774 0
2527 0.007413589386455066 0.002132582510784934 0
2528 0.007420779824817357 0.001980925994257536 0
2529 0.007811472394879911 0.002395001446131851 0
2530 0.007394462819402428 0.002535988866027702 0
2531 0.007404026102928747 0.002334285688406318 0
2532 0.007788787551026924 0.00286846533716647 0
2533 0.007369024482761702 0.003072519370400638 0
2534 0.007381743651082065 0.00280425411821417 0
2535 0.007758616705543309 0.003498172378178197 0
2536 0.007335191491284048 0.003786105020214386 0
2537 0.007352107987022875 0.003429312195307512 0
2538 0.007718489477129133 0.004335682824559714 0
2539 0.007290193608661426 0.004735174017932412 0
2540 0.007312692549972737 0.004260639519073399 0
2541 0.007665120257762343 0.005449571834624585 0
2542 0.007230346417776619 0.00599743593246818 0
2543 0.007260270013219022 0.005366304975200296 0
2544 0.007594139188708899 0.006931044370280368 0
2545 0.0071905480321703 0.006836840182994386 0
2546 0.008787030704588882 0.001080137075744613 0
2547 0.008333361259859944 0.001025638922196443 0
2548 0.008333419808753106 0.001024430701566949 0
2549 0.0087868916518357 0.001082975105222389 0
2550 0.008333205520459401 0.001028852775548272 0
2551 0.008333283390159672 0.001027245848872357 0
2552 0.008786706711834992 0.00108674968114144 0
2553 0.008332998386717336 0.001033127207509039 0
2554 0.008333101953588369 0.001030989991528656 0
2555 0.008786460741398789 0.001091769871915468 0
2556 0.00833272289871812 0.001038812204539976 0
2557 0.008332860642717729 0.001035969706024508 0
2558 0.008786133600638868 0.001098446727272906 0
2559 0.008332356499644918 0.001046373251297717 0
2560 0.008332539699181518 0.001042592727918847 0
2561 0.008785698503675082 0.001107326939858975 0
2562 0.008331869189396268 0.00105642943278153 0
2563 0.008332112844520592 0.001051401342039624 0
2564 0.008785119824938549 0.001119137618000131 0
2565 0.008331221066688922 0.001069804155736502 0
2566 0.008331545128042593 0.001063116794259016 0
2567 0.008784350181586034 0.001134845832845713 0
2568 0.008330359062322917 0.001087592561312497 0
2569 0.008330790064505919 0.001078698358524499 0
2570 0.008783326555502256 0.001155737767263054 0
2571 0.008329212596847602 0.00111125113388827 0
2572 0.008329785829585259 0.001099421847600384 0
2573 0.008781965132904319 0.001183524038130162 0
2574 0.008327687797617391 0.001142717038469205 0
2575 0.008328450197232497 0.001126984086178738 0
2576 0.008780154440606557 0.001220479783332879 0
2577 0.008325659814313425 0.001184566698325808 0
2578 0.008326673805965409 0.001163641868397506 0
2579 0.00877774621945296 0.001269630932566732 0
2580 0.008322962596066862 0.001240226755268763 0
2581 0.008324311205190144 0.001212396726797285 0
2582 0.00877454328534851 0.001335001960438954 0
2583 0.008319375296309755 0.001314254620461431 0
2584 0.008321168946188309 0.001277240687865097 0
2585 0.008770283382787483 0.001421945431633936 0
2586 0.008314604186725427 0.001412711699892484 0
2587 0.008316989741517591 0.001363483160176958 0
2588 0.008764617711203754 0.001537580272356961 0
2589 0.008308258609575136 0.00154365964449082 0
2590 0.008311431398150281 0.001478185672191652 0
2591 0.008757082367089886 0.00169137462904073 0
2592 0.008299818991587736 0.001717820418597185 0
2593 0.008304038800581436 0.001630740031544003 0
2594 0.00874706035838653 0.001895921144491136 0
2595 0.008288594298017286 0.001949454282150445 0
2596 0.008294206644802508 0.001833637350373815 0
2597 0.008733731085463646 0.00216796803754065 0
2598 0.008273665454572008 0.00225752734124198 0
2599 0.008281129876294648 0.002103490811696212 0
2600 0.008716003151434493 0.002529790426557705 0
2601 0.008253810091742395 0.002667264531447576 0
2602 0.008263737773157202 0.002462395936344778 0
2603 0.008692424997340006 0.003011014241416667 0
2604 0.008227402456624535 0.00321221504713556 0
2605 0.008240606274183465 0.002939739789291568 0
2606 0.008661066049110794 0.003651041982195434 0
2607 0.008192280298029569 0.003936999313238071 0
2608 0.008209841377327051 0.003574607180186816 0
2609 0.008619358643890572 0.00450227896060839 0
2610 0.008145567822990137 0.004900962471930033 0
2611 0.008168924060509852 0.004418980892584052 0
2612 0.008563887789152163 0.005634424260182463 0
2613 0.008083440223924369 0.006183033622877016 0
2614 0.008114504023457253 0.005541998047403525 0
2615 0.008490111544767174 0.007140177663381127 0
2616 0.008042125366738036 0.007035611016830748 0
2617 0.009794046846770382 0.001203805220699447 0
2618 0.009290477841339996 0.001143200090524692 0
2619 0.009290538775679629 0.00114197114822203 0
2620 0.009793901946182858 0.001206694048597533 0
2621 0.00929031575667856 0.00114646906329523 0
2622 0.009290396799009278 0.001144834576909961 0
2623 0.009793709228569245 0.001210536186356774 0
2624 0.009290100183725676 0.001150816804202983 0
2625 0.009290207970202118 0.001148642933749107 0
2626 0.009793452913897976 0.001215646234464198 0
2627 0.009289813471571089 0.001156599302176683 0
2628 0.009289956827648382 0.001153708053189833 0
2629 0.00979311201530207 0.001222442600104195 0
2630 0.00928943214436985 0.001164290025200419 0
2631 0.009289622807970469 0.001160444663688551 0
2632 0.009792658620426808 0.001231481761275867 0
2633 0.009288924979732041 0.001174518675934424 0
2634 0.009289178562050944 0.001169404350567421 0
2635 0.009792055605477483 0.001243503840953568 0
2636 0.009288250450683991 0.001188122783019275 0
2637 0.009288587715208015 0.00118132072947685 0
2638 0.009791253594935337 0.001259493220073974 0
2639 0.00928735332583738 0.001206216269900413 0
2640 0.009287801888260686 0.001197169526459844 0
2641 0.009790186920471481 0.001280759103132067 0
2642 0.009286160150136358 0.001230280600494709 0
2643 0.009286756737986868 0.001218248435197561 0
2644 0.009788768243531969 0.001309042725657224 0
2645 0.009284573226299931 0.001262286163292677 0
2646 0.009285366688218145 0.001246283381893693 0
2647 0.009786881402949716 0.001346659948653735 0
2648 0.009282462617256343 0.001304853568693937 0
2649 0.009283517921778135 0.001283569865993307 0
2650 0.009784371904561032 0.001396690863498574 0
2651 0.009279655506757649 0.001361468227371369 0
2652 0.009281059062006996 0.001333160898032653 0
2653 0.009781034271735163 0.00146323197962251 0
2654 0.009275922050326024 0.001436765712690095 0
2655 0.009277788778541836 0.001399116970030732 0
2656 0.009776595219866157 0.001551731668266103 0
2657 0.009270956552327616 0.001536911387209944 0
2658 0.009273439301326821 0.00148683854995002 0
2659 0.009770691279653295 0.001669436278625968 0
2660 0.009264352438529433 0.001670105163772985 0
2661 0.009267654495428525 0.001603508275491465 0
2662 0.009762839038224502 0.001825983429258264 0
2663 0.009255568966784955 0.001847252894526009 0
2664 0.009259960702657194 0.001758679029149497 0
2665 0.009752395556048904 0.002034191161037185 0
2666 0.009243886947650479 0.002082859411002311 0
2667 0.009249727957217716 0.00196505615276416 0
2668 0.009738505723351278 0.002311107472295859 0
2669 0.009228349861164446 0.002396216098834198 0
2670 0.009236118404407464 0.002239537754918255 0
2671 0.009720032244777903 0.002679406187911657 0
2672 0.009207685535047951 0.002812980515635164 0
2673 0.009218017698106198 0.002604598307234681 0
2674 0.009695462516362406 0.003169243517817564 0
2675 0.009180201978654462 0.003367277243599066 0
2676 0.009193943756851206 0.003090128879617115 0
2677 0.009662784774148158 0.003820727234808304 0
2678 0.009143648844604491 0.004104491973404672 0
2679 0.009161925411629475 0.003735884608501869 0
2680 0.009619323372756443 0.004687200663072003 0
2681 0.009095033172042525 0.00508498765027572 0
2682 0.009119341008323508 0.004594739811840196 0
2683 0.009561519702866225 0.005839610443064769 0
2684 0.009030374319975864 0.006389047052971513 0
2685 0.009062703746009194 0.005737017351623616 0
2686 0.009484640814010433 0.007372315607990453 0
2687 0.008987376179388816 0.00725624663568579 0
2688 0.01091183471070146 0.001341076854981222 0
2689 0.01035287719655084 0.001273692981199127 0
2690 0.01035294077873592 0.001272441037840334 0
2691 0.01091168331901813 0.001344022069123136 0
2692 0.01035270806865015 0.001277023136521542 0
2693 0.01035279263260049 0.001275358058860334 0
2694 0.01091148196825461 0.001347939200521372 0
2695 0.01035248312817371 0.001281452250356604 0
2696 0.01035259559841193 0.001279237693439073 0
2697 0.01091121417148299 0.001353148990264063 0
2698 0.01035218395720726 0.001287342974371658 0
2699 0.01035233354269048 0.001284397612364131 0
2700 0.0109108580016899 0.001360078012311309 0
2701 0.01035178605978471 0.001295177638043846 0
2702 0.01035198500849598 0.001291260306207752 0
2703 0.0109103842961339 0.0013692936064045 0
2704 0.010351256856776 0.001305597729636521 0
2705 0.01035152145828036 0.001300387683840184 0
2706 0.01090975426798971 0.001381550341776462 0
2707 0.0103505530166912 0.001319456453093509 0
2708 0.0103509049367336 0.001312527091365015 0
2709 0.01090891632986885 0.001397851813226888 0
2710 0.010349616908113 0.001337888580207353 0
2711 0.01035008496240209 0.001328672516650431 0
2712 0.01090780187170548 0.001419532779256218 0
2713 0.01034837188406396 0.001362403302180932 0
2714 0.01034899439608848 0.001350145941194143 0
2715 0.01090631964244996 0.001448368462095213 0
2716 0.01034671600191797 0.001395007885571505 0
2717 0.01034754394299097 0.001378705593876219 0
2718 0.01090434827727611 0.001486719925407463 0
2719 0.01034451367830785 0.001438371988489693 0
2720 0.01034561484011291 0.001416689937030599 0
2721 0.01090172636116203 0.00153772738003345 0
2722 0.01034158458741521 0.001496046255042331 0
2723 0.01034304913286153 0.001467209121766012 0
2724 0.01089823921276279 0.00160556729405422 0
2725 0.01033768889708274 0.001572753018634399 0
2726 0.01033963674224898 0.001534399636838365 0
2727 0.01089360130517175 0.001695794383982551 0
2728 0.01033250762795517 0.001674773033614255 0
2729 0.01033509826251896 0.001623763026124327 0
2730 0.01088743288679363 0.001815796438528625 0
2731 0.01032561653849175 0.001810459683540338 0
2732 0.01032906208322346 0.001742616358577297 0
2733 0.01087922888936267 0.001975399190296582 0
2734 0.01031645138909542 0.001990922936014508 0
2735 0.01032103396379359 0.001900691309777423 0
2736 0.01086831757165602 0.002187670872004369 0
2737 0.0103042617386095 0.002230939097027046 0
2738 0.01031035656385246 0.002110931016520777 0
2739 0.0108538055176392 0.002469992237214817 0
2740 0.01028804950238097 0.00255016061248363 0
2741 0.01029615562049524 0.002390549854755338 0
2742 0.01083450448466267 0.002845479675008897 0
2743 0.0102664872270596 0.002974725250436923 0
2744 0.01027726836472029 0.002762442931460276 0
2745 0.01080883410880528 0.003344878006156304 0
2746 0.01023780939810809 0.003539396273536945 0
2747 0.01025214831258385 0.003257060761986934 0
2748 0.01077469250534005 0.004009077856129726 0
2749 0.01019966788138011 0.004290408817401085 0
2750 0.0102187386397441 0.003914902545469015 0
2751 0.01072928416829427 0.004892463742912976 0
2752 0.0101489396596706 0.005289255588583893 0
2753 0.01017430377052536 0.004789832202992489 0
2754 0.01066889107371361 0.006067367095086843 0
2755 0.01008147111690923 0.006617721949567719 0
2756 0.01011520538828992 0.005953488769075805 0
2757 0.01058856824966555 0.007629988714088268 0
2758 0.01003660453183798 0.007501152161039358 0
2759 0.01215257926668997 0.00149344837235284 0
2760 0.01153214046740223 0.001418540088197839 0
2761 0.01153220698869572 0.001417262613667031 0
2762 0.01215242066989015 0.001496456175226769 0
2763 0.01153196352150606 0.001421938156152065 0
2764 0.01153205199445414 0.001420239122174952 0
2765 0.01215220973633005 0.001500456549566108 0
2766 0.0115317281830786 0.001426457593935415 0
2767 0.01153184585229233 0.00142419787504374 0
2768 0.01215192919442678 0.00150577705252636 0
2769 0.01153141518283117 0.001432468448855008 0
2770 0.01153157168295488 0.001429463021395212 0
2771 0.01215155607360445 0.001512853323188864 0
2772 0.01153099889246318 0.001440462886645165 0
2773 0.01153120703764718 0.001436465667750087 0
2774 0.01215105982319238 0.001522264757829214 0
2775 0.01153044522686309 0.001451095477588549 0
2776 0.01153072205966314 0.001445779182116857 0
2777 0.01215039981040128 0.001534781961027487 0
2778 0.0115297088515279 0.0014652368252154 0
2779 0.0115300770391955 0.001458166151401974 0
2780 0.01214952199266723 0.001551429854971793 0
2781 0.01152872947100819 0.001484044842983281 0
2782 0.01152921916126804 0.001474640834099341 0
2783 0.01214835449459629 0.00157357156310925 0
2784 0.01152742689529358 0.001509059499382186 0
2785 0.01152807818315089 0.001496552171182734 0
2786 0.01214680172226857 0.001603020032909973 0
2787 0.01152569446942495 0.001542328995623 0
2788 0.01152656068235926 0.001525694247502593 0
2789 0.0121447365347961 0.001642186502990475 0
2790 0.01152339034264726 0.001586577432774938 0
2791 0.0115245424060361 0.001564453214198969 0
2792 0.01214198983500428 0.001694277916797186 0
2793 0.01152032585351905 0.001645427864055698 0
2794 0.01152185809808316 0.001616002648415318 0
2795 0.01213833672431518 0.001763559496514892 0
2796 0.01151625008355892 0.001723698926513413 0
2797 0.01151828796853898 0.001684563395284556 0
2798 0.01213347808686816 0.001855704001911115 0
2799 0.011510829308481 0.001827799459380253 0
2800 0.01151353969601996 0.001775749192946833 0
2801 0.01212701609772056 0.001978256219559518 0
2802 0.01150361967603318 0.001966253198707891 0
2803 0.01150722449225709 0.001897026329044072 0
2804 0.01211842165111918 0.002141250688662053 0
2805 0.01149403086444867 0.002150396680250743 0
2806 0.01149882527024092 0.002058324939479317 0
2807 0.0121069910359624 0.002358033354889297 0
2808 0.01148127774316976 0.002395307546642923 0
2809 0.01148765430380921 0.002272852113446833 0
2810 0.01209178831626708 0.002646354330117106 0
2811 0.01146431609073653 0.002721039020689001 0
2812 0.01147279691695314 0.002558173283665962 0
2813 0.01207156869788418 0.003029821249703165 0
2814 0.01144175709181032 0.003154261904023061 0
2815 0.01145303659127342 0.002937650462356031 0
2816 0.01204467660334119 0.003539832292460173 0
2817 0.01141175362033615 0.003730448394593416 0
2818 0.01142675535607324 0.003442355149308239 0
2819 0.01200891011385397 0.004218147050352311 0
2820 0.01137184899885786 0.004496776511888621 0
2821 0.01139180130959701 0.004113612453241018 0
2822 0.01196134067818778 0.005120305766501827 0
2823 0.01131877584762419 0.005515992997526181 0
2824 0.01134531242324103 0.005006384754707401 0
2825 0.01189807332214167 0.006320176984341433 0
2826 0.01124818854823109 0.006871551081902095 0
2827 0.01128348219792764 0.006193772039714138 0
2828 0.01181392772995167 0.007916005868091406 0
2829 0.01120124798980852 0.007772997291089813 0
2830 0.01352980554672686 0.001662580734885031 0
2831 0.01284112262300478 0.001579320367749057 0
2832 0.0128411924067084 0.001578014553618934 0
2833 0.01352963895224878 0.001665658011242564 0
2834 0.01284093699913415 0.001582793818720275 0
2835 0.01284102981106947 0.001581057093234666 0
2836 0.01352941738178584 0.001669750785234647 0
2837 0.01284069011898174 0.00158741351608048 0
2838 0.01284081355905795 0.001585103667400378 0
2839 0.01352912269278828 0.001675194179850591 0
2840 0.01284036176823331 0.001593557716296471 0
2841 0.01284052594360753 0.001590485616188476 0
2842 0.01352873075632595 0.001682433896455019 0
2843 0.01283992506169709 0.001601729503347412 0
2844 0.0128401434149652 0.001597643609821942 0
2845 0.01352820948112687 0.001692062714074766 0
2846 0.01283934424262215 0.001612597968556568 0
2847 0.01283963465215962 0.00160716373595199 0
2848 0.01352751618538201 0.001704869036523074 0
2849 0.01283857175316114 0.001627053028993992 0
2850 0.01283895799789164 0.00161982549877528 0
2851 0.01352659410128306 0.001721901459386149 0
2852 0.01283754434078916 0.001646278285363951 0
2853 0.01283805804697515 0.001636665657178971 0
2854 0.01352536772892237 0.001744554591197873 0
2855 0.01283617788272951 0.001671847868943172 0
2856 0.01283686111175933 0.001659063077153561 0
2857 0.01352373665379465 0.001774683254438665 0
2858 0.01283436049333371 0.001705855418405467 0
2859 0.01283526918803161 0.001688851643674319 0
2860 0.01352156732358424 0.001814754381915617 0
2861 0.01283194336504664 0.001751085466500625 0
2862 0.01283315192919017 0.001728470442453046 0
2863 0.01351868211392809 0.001868048990258239 0
2864 0.01282872858388573 0.0018112414405548 0
2865 0.01283033597446618 0.001781163453527712 0
2866 0.01351484478512114 0.001938930818693805 0
2867 0.01282445292555059 0.001891248874653897 0
2868 0.01282659075471816 0.001851245157604348 0
2869 0.01350974113756577 0.002033203654985755 0
2870 0.01281876629888334 0.001997658782242973 0
2871 0.01282160961221697 0.001944453828448435 0
2872 0.01350295328490632 0.002158586553313812 0
2873 0.01281120308374354 0.002139183990630357 0
2874 0.01281498469131344 0.002068421386436665 0
2875 0.01349392543978199 0.002325345828173698 0
2876 0.01280114400715764 0.002327412526205394 0
2877 0.01280617354545059 0.002233298258417876 0
2878 0.01348191840453034 0.00254713568657378 0
2879 0.0127877654333351 0.002577756515257684 0
2880 0.01279445472024637 0.002452584520731539 0
2881 0.01346594904603134 0.00284211622806466 0
2882 0.01276997192896332 0.002910714042924082 0
2883 0.01277886868114921 0.002744235279090883 0
2884 0.01344470979797963 0.003234440371301067 0
2885 0.01274630656690048 0.00335354757808015 0
2886 0.0127581392479319 0.003132130810502116 0
2887 0.01341646159587155 0.003756231522430197 0
2888 0.01271483163231226 0.003942516236810219 0
2889 0.01273056909960637 0.003648031907445184 0
2890 0.0133788914831339 0.004450213826097782 0
2891 0.01267296996467561 0.004725844639639874 0
2892 0.01269390079849393 0.004334180438225047 0
2893 0.01332892322831025 0.005373210380164791 0
2894 0.01261729394182242 0.005767671507026744 0
2895 0.01264513195324901 0.005246758073333309 0
2896 0.01326246544245137 0.006600795925330217 0
2897 0.01254324482277063 0.007153301402644907 0
2898 0.01258026938229652 0.006460486454835825 0
2899 0.01317407657817424 0.008233484868212088 0
2900 0.01249400215406279 0.008074745368151705 0
2901 0.01505852672291607 0.001850317657952565 0
2902 0.01429409272984279 0.001757786467502299 0
2903 0.01429416613482145 0.001756449196418796 0
2904 0.01505835125101509 0.001853472049877171 0
2905 0.01429389747342108 0.001761343593617435 0
2906 0.01429399510163193 0.001759565030559867 0
2907 0.01505811787358998 0.001857667387484163 0
2908 0.01429363778195475 0.001766074579101375 0
2909 0.01429376762768791 0.001763709086359405 0
2910 0.01505780748131771 0.001863247191838408 0
2911 0.01429329239215124 0.001772366792587624 0
2912 0.014293465087053 0.001769220685844499 0
2913 0.01505739465949493 0.001870668333439011 0
2914 0.01429283302366964 0.001780735437306406 0
2915 0.01429306270791044 0.001776551114947015 0
2916 0.01505684560678222 0.001880538446166743 0
2917 0.01429222206423944 0.001791865722935103 0
2918 0.01429252754395454 0.001786300580120755 0
2919 0.01505611536695861 0.001893665690983723 0
2920 0.01429140948810118 0.001806669004571694 0
2921 0.01429181577617031 0.001799267363753399 0
2922 0.01505514414719452 0.001911124940948141 0
2923 0.0142903287603764 0.001826357395762597 0
2924 0.01429086912423879 0.001816513200167145 0
2925 0.01505385242437205 0.001934345753040308 0
2926 0.01428889139291802 0.001852542948475584 0
2927 0.01428961007664721 0.001839450172119091 0
2928 0.01505213443313613 0.001965229431002245 0
2929 0.01428697969401276 0.001887369736965327 0
2930 0.01428793554346539 0.001869956342720455 0
2931 0.01504984950448635 0.002006304728192804 0
2932 0.01428443713405783 0.001933689373143094 0
2933 0.01428570841403529 0.00191052955505421 0
2934 0.01504681054888044 0.002060934882475009 0
2935 0.0142810555287507 0.001995294499590154 0
2936 0.01428274633140426 0.001964491936366624 0
2937 0.01504276873796222 0.002133592986993678 0
2938 0.01427655799433267 0.002077229306097329 0
2939 0.01427880676154168 0.002036261902843742 0
2940 0.01503739312918596 0.002230228270588233 0
2941 0.01427057627241906 0.002186202619476659 0
2942 0.01427356713337586 0.002131715962786994 0
2943 0.01503024356802755 0.002358753224481809 0
2944 0.01426262058051481 0.002331137158318963 0
2945 0.01426659842646693 0.00225866988889781 0
2946 0.01502073465054166 0.002529691433747125 0
2947 0.01425203950980885 0.002523900103601861 0
2948 0.01425733004516183 0.002427518630960412 0
2949 0.01500808778898326 0.002757039275478699 0
2950 0.01423796668370475 0.002780274858450619 0
2951 0.0142450030967568 0.00265208748102624 0
2952 0.01499126746141026 0.003059411935547712 0
2953 0.01421924982373685 0.003121253305161752 0
2954 0.0142286082537208 0.002950764081806185 0
2955 0.01496889642442361 0.003461567597070753 0
2956 0.01419435639866639 0.003574754663210068 0
2957 0.01420680311120162 0.00334800398418591 0
2958 0.01493914294291488 0.003996434668539151 0
2959 0.01416124814012004 0.00417791152775928 0
2960 0.01417780226939322 0.003876333095484674 0
2961 0.01489957080836473 0.004707807948078942 0
2962 0.01411721415137859 0.004980110246417444 0
2963 0.01413923114574931 0.004579010887088362 0
2964 0.01484693986427027 0.005653934502316113 0
2965 0.01405864894120193 0.00604703463606346 0
2966 0.01408793154629026 0.005513572441240452 0
2967 0.01477694070131123 0.006912282950921921 0
2968 0.01398075720256068 0.007466044240188678 0
2969 0.0140197030718813 0.006756539438126069 0
2970 0.01468384180500678 0.008585886559584796 0
2971 0.01392895919159061 0.008409685713898465 0
2972 0.01675540749655156 0.002058705675477716 0
2973 0.01590688968513951 0.001955883855019855 0
2974 0.0159069671097338 0.00195451166671514 0
2975 0.01675522217070962 0.002061945665695299 0
2976 0.01590668373658521 0.001959533860552615 0
2977 0.01590678671086235 0.001957708857786235 0
2978 0.01675497568755446 0.002066254848932828 0
2979 0.01590640982455924 0.001964388375864375 0
2980 0.01590654678057222 0.001961961118208496 0
2981 0.01675464786464453 0.002071986068120511 0
2982 0.015906045521403 0.001970844884094544 0
2983 0.01590622767298112 0.00196761662997946 0
2984 0.01675421186006801 0.00207960859149869 0
2985 0.01590556099815994 0.001979432040843158 0
2986 0.01590580325978147 0.001975138462468851 0
2987 0.01675363197431032 0.002089746541838604 0
2988 0.0159049165829326 0.00199085294716219 0
2989 0.01590523879054627 0.001985142494002674 0
2990 0.01675286072655287 0.002103230010541098 0
2991 0.01590405951057888 0.002006042754362631 0
2992 0.01590448804675574 0.001998447850762411 0
2993 0.01675183496619191 0.002121163038662867 0
2994 0.01590291960280755 0.002026245225248377 0
2995 0.01590348955669321 0.002016143989805504 0
2996 0.0167504707043455 0.00214501397596589 0
2997 0.01590140352591 0.002053114503757821 0
2998 0.01590216156435878 0.002039679864503099 0
2999 0.01674865623621436 0.00217673572040072 0
3000 0.01589938714344049 0.002088850647645144 0
3001 0.01590039533467525 0.002070982575701482 0
3002 0.01674624299327674 0.002218925646149505 0
3003 0.0158967053543226 0.002136379726697164 0
3004 0.01589804624888154 0.002112615187171154 0
3005 0.01674303337963984 0.002275038256658885 0
3006 0.01589313857419768 0.002199593412436729 0
3007 0.01589492196426014 0.002167986569566947 0
3008 0.01673876459354252 0.002349668027941338 0
3009 0.01588839475730706 0.002283667602498286 0
3010 0.01589076666575237 0.002241630507467508 0
3011 0.01673308710776372 0.002448925628456133 0
3012 0.01588208547964262 0.002395486296546079 0
3013 0.01588524011847484 0.002339576949522183 0
3014 0.0167255360501085 0.00258093826457852 0
3015 0.01587369413849342 0.00254420519251425 0
3016 0.01587788980906802 0.002469845744530165 0
3017 0.01671549314221753 0.002756515091766804 0
3018 0.01586253365426577 0.002742001332999678 0
3019 0.01586811389637959 0.002643103262756964 0
3020 0.01670213607334724 0.002990032295971144 0
3021 0.01584769020806473 0.003005070238450165 0
3022 0.01585511193116525 0.002873535785724922 0
3023 0.01668437116995397 0.003300610208958383 0
3024 0.01582794842329949 0.003354951906055928 0
3025 0.01583781931568212 0.003180011072253047 0
3026 0.01666074384705253 0.00371367885750393 0
3027 0.01580169184817665 0.003820294548518755 0
3028 0.01581482013573807 0.003587623227287342 0
3029 0.01662931950514703 0.004263060202842291 0
3030 0.01576677059988526 0.004439200322862688 0
3031 0.01578423122403096 0.004129747435690721 0
3032 0.01658752512603649 0.004993737468650425 0
3033 0.01572032533451596 0.005262345093866679 0
3034 0.01574354796720061 0.004850772708364683 0
3035 0.01653193859638792 0.005965538327133233 0
3036 0.01565855312614223 0.006357127735582667 0
3037 0.0156894392303291 0.005809736414724672 0
3038 0.01645800850423121 0.007258033603953346 0
3039 0.01557639607940021 0.007813188819292601 0
3040 0.01561747460277122 0.007085158277437635 0
3041 0.01635968147155649 0.008977052498809134 0
3042 0.01552176163828145 0.008781469529196919 0
3043 0.01863894524372343 0.002290016385791209 0
3044 0.0176970944837694 0.002175771977058582 0
3045 0.01769717637013753 0.002174361030634467 0
3046 0.01863874898000654 0.002293351390118459 0
3047 0.01769687666694676 0.002179525078755175 0
3048 0.01769698557535808 0.002177648527906879 0
3049 0.01863848794949034 0.002297786942011822 0
3050 0.01769658697009803 0.002184516712189474 0
3051 0.0176967318185224 0.002182020895472325 0
3052 0.01863814077857172 0.00230368623167252 0
3053 0.01769620167311822 0.002191155587603557 0
3054 0.01769639432160813 0.002187836149896516 0
3055 0.01863767904113738 0.002311532288834311 0
3056 0.01769568922808718 0.002199985292729444 0
3057 0.0176959454506027 0.002195570440166501 0
3058 0.01863706493069821 0.002321967538937719 0
3059 0.01769500767692135 0.00221172878804688 0
3060 0.01769534845250427 0.002205857040388162 0
3061 0.01863624816413211 0.002335846416171712 0
3062 0.01769410121376363 0.00222734763866593 0
3063 0.01769455444534249 0.002219538213356405 0
3064 0.01863516186370586 0.00235430533807285 0
3065 0.01769289561613414 0.002248120738069787 0
3066 0.01769349841494889 0.002237734188367859 0
3067 0.01863371708353918 0.002378855714392789 0
3068 0.01769129217175053 0.002275748952288892 0
3069 0.01769209389394234 0.002261934845179339 0
3070 0.01863179552604945 0.002411507712656241 0
3071 0.01768915959051327 0.002312494480768069 0
3072 0.0176902258811319 0.00229412171652848 0
3073 0.01862923985424583 0.002454934876162791 0
3074 0.0176863232570093 0.002361366041544227 0
3075 0.01768774142376128 0.002336930261156148 0
3076 0.01862584081018587 0.002512693013161659 0
3077 0.01768255093281642 0.002426365228276316 0
3078 0.01768443709491286 0.002393865634910272 0
3079 0.01862132008162823 0.002589511334654748 0
3080 0.01767753374235433 0.00251281413431977 0
3081 0.01768004233758537 0.002469589681298043 0
3082 0.01861530751236131 0.002691679707087782 0
3083 0.0176708608777707 0.002627791201224145 0
3084 0.01767419731006251 0.002570302667771958 0
3085 0.01860731079357425 0.002827563670666055 0
3086 0.01766198596591205 0.00278071073402043 0
3087 0.01766642342184137 0.002704250967622288 0
3088 0.01859667515630656 0.003008289363990768 0
3089 0.01765018233261205 0.002984093721737142 0
3090 0.01765608414926205 0.002882402227878786 0
3091 0.01858252975728407 0.003248654560861657 0
3092 0.01763448349801927 0.00325459313509566 0
3093 0.01764233291531566 0.003119343428416401 0
3094 0.01856371637468237 0.003568340305016087 0
3095 0.01761360404661707 0.00361435737887881 0
3096 0.01762404377231817 0.003434475256987235 0
3097 0.01853869457435178 0.003993522369725805 0
3098 0.01758583437478724 0.004092843848350926 0
3099 0.01759971921070215 0.003853600613614868 0
3100 0.01850541557732111 0.004559014559816848 0
3101 0.0175489007076809 0.004729230914308213 0
3102 0.01756736754123407 0.004411037381329568 0
3103 0.01846115450663582 0.005311119251389679 0
3104 0.01749977892499142 0.00557562580573189 0
3105 0.01752433981633616 0.005152428360020052 0
3106 0.01840228727687226 0.006311418588924237 0
3107 0.01743444694826877 0.00670133111032558 0
3108 0.01746711293663009 0.006138478458028735 0
3109 0.01832399385310674 0.007641816846843228 0
3110 0.01734755540906918 0.008198519340470996 0
3111 0.01739100117866897 0.007449925225398288 0
3112 0.01821986358879583 0.009411246711741872 0
3113 0.01728977253017616 0.009194149605275499 0
3114 0.02072967208793434 0.002546771267466424 0
3115 0.01968422182689186 0.002419847794565839 0
3116 0.01968430866582893 0.002418393826628821 0
3117 0.02072946368317657 0.002550211737452628 0
3118 0.01968399083629126 0.002423715333005248 0
3119 0.01968410633159156 0.002421781563785543 0
3120 0.02072918650509006 0.002554787558550271 0
3121 0.01968368361828914 0.002428859167556845 0
3122 0.0196838372272902 0.002426287250281047 0
3123 0.02072881785788241 0.002560873406431101 0
3124 0.01968327501816499 0.002435700470546776 0
3125 0.01968347931822707 0.002432279819051811 0
3126 0.02072832755697668 0.002568967586086165 0
3127 0.01968273157994907 0.0024447994043737 0
3128 0.01968300329905703 0.002440249937460238 0
3129 0.02072767545714211 0.002579732838918356 0
3130 0.01968200880789124 0.002456900973482375 0
3131 0.01968237019392016 0.002450850188928037 0
3132 0.0207268081646998 0.00259405061961075 0
3133 0.01968104752094067 0.002472996062300087 0
3134 0.01968152816441595 0.002464948517891231 0
3135 0.02072565466480293 0.002613093283591612 0
3136 0.01967976900756812 0.002494402559364376 0
3137 0.01968040826425439 0.002483699310832231 0
3138 0.02072412050930323 0.002638420037199877 0
3139 0.01967806858527429 0.00252287319222829 0
3140 0.0196789187964212 0.002508637875796332 0
3141 0.02072208008262875 0.002672104617185897 0
3142 0.01967580702340391 0.002560739137613847 0
3143 0.0196769378043391 0.002541806164921069 0
3144 0.02071936631478823 0.002716905114567389 0
3145 0.01967279914563014 0.002611100853116334 0
3146 0.01967430308451703 0.002585919995365091 0
3147 0.02071575700296448 0.002776489785921469 0
3148 0.0196687986675202 0.002678081945966794 0
3149 0.01967079890657517 0.002644591399541564 0
3150 0.02071095661828359 0.002855737398084368 0
3151 0.01966347803239162 0.002767166786772322 0
3152 0.01966613834995591 0.002722624366369558 0
3153 0.02070457210635511 0.002961136727261533 0
3154 0.0196564015863248 0.002885649647576993 0
3155 0.01965993980935821 0.002826408217174657 0
3156 0.02069608070372538 0.003101317864202638 0
3157 0.01964698991097483 0.003043231887291701 0
3158 0.01965169574864981 0.002964440767434347 0
3159 0.02068478713686769 0.00328775879878823 0
3160 0.01963447238219943 0.003252816275487298 0
3161 0.01964073114658713 0.003148024081389499 0
3162 0.02066976669140039 0.003535725267318743 0
3163 0.01961782406648504 0.003531563552693102 0
3164 0.01962614822434224 0.0033921899140902 0
3165 0.02064978949690946 0.003865520703802433 0
3166 0.01959568180510678 0.003902297456125418 0
3167 0.01960675293579591 0.00371693050440926 0
3168 0.02062321982667523 0.004304148660100171 0
3169 0.01956623259592023 0.004395373573700559 0
3170 0.0195809572005135 0.004148835514912988 0
3171 0.02058788216251245 0.004887523887395591 0
3172 0.01952706514391334 0.005051164873511879 0
3173 0.01954664886991678 0.004723269223606219 0
3174 0.02054088306425475 0.005663413020940671 0
3175 0.01947497242697723 0.00592336739881847 0
3176 0.01950101878544528 0.005487266136165176 0
3177 0.02047837425746404 0.006695345669389345 0
3178 0.01940568910735907 0.007083396859495112 0
3179 0.01944033076716815 0.006503382129156791 0
3180 0.0203952375357464 0.008067816235219766 0
3181 0.01931354228149407 0.008626236222567883 0
3182 0.01935961569442657 0.007854816541031498 0
3183 0.02028466568449709 0.009893202275391906 0
3184 0.01925226463664648 0.009652224493566893 0
3185 0.02305037883762171 0.002831769180306512 0
3186 0.0218899331264896 0.002690771945701705 0
3187 0.02189002546277798 0.002689270223886461 0
3188 0.02305015695630886 0.002835326717171769 0
3189 0.02188968751299583 0.002694766508922692 0
3190 0.02188981031974271 0.002692769227312199 0
3191 0.02304986185441971 0.002840058237082989 0
3192 0.02188936084651394 0.002700079286710569 0
3193 0.02188952417975489 0.00269742289781663 0
3194 0.02304946936853172 0.002846351164583943 0
3195 0.02188892637990019 0.002707145284304475 0
3196 0.02188914361320707 0.002703612285507522 0
3197 0.02304894736217342 0.002854720760200925 0
3198 0.02188834853924991 0.002716543061982615 0
3199 0.02188863745957505 0.002711844173143545 0
3200 0.02304825309411088 0.002865852316054599 0
3201 0.02188758001200307 0.002729042092990339 0
3202 0.02188796427562649 0.002722792577486477 0
3203 0.02304732971794719 0.002880657279575888 0
3204 0.02188655787064391 0.002745665806196298 0
3205 0.02188706894132349 0.002737353949593319 0
3206 0.02304610162663954 0.002900347897252034 0
3207 0.02188519842079856 0.002767775374647349 0
3208 0.02188587814572124 0.002756720590421823 0
3209 0.02304446826452233 0.00292653642963277 0
3210 0.02188339035302701 0.002797181092185299 0
3211 0.02188429438691278 0.002782478233416323 0
3212 0.02304229589305561 0.002961367175307475 0
3213 0.02188098562265735 0.002836290700308073 0
3214 0.02188218798784218 0.002816735896246685 0
3215 0.02303940663861791 0.003007692073259078 0
3216 0.02187778733074879 0.002888306487518394 0
3217 0.02187938647670307 0.002862298593913234 0
3218 0.02303556392958139 0.003069304197706113 0
3219 0.02187353360179708 0.002957487496109188 0
3220 0.02187566046627294 0.002922896991813791 0
3221 0.02303045312661042 0.003151248322457532 0
3222 0.02186787614309692 0.003049498224432711 0
3223 0.02187070487244701 0.00300349286027095 0
3224 0.02302365575833653 0.003260234013547571 0
3225 0.02186035172159471 0.003171872516376391 0
3226 0.02186411393234582 0.003110685370404552 0
3227 0.02301461525665326 0.003405185012824182 0
3228 0.02185034423878392 0.003334630360650428 0
3229 0.02185534798018932 0.003253251438513409 0
3230 0.02300259138796643 0.003597969865080024 0
3231 0.0218370342860502 0.003551098303217826 0
3232 0.02184368926241706 0.003442864331934127 0
3233 0.02298659964096636 0.003854373744980717 0
3234 0.02181933204631657 0.003839000709081634 0
3235 0.02182818316618338 0.00369504950614973 0
3236 0.02296533061530626 0.004195390939721121 0
3237 0.02179578806589915 0.00422191093444192 0
3238 0.02180756005610786 0.004030455821761777 0
3239 0.02293704280951607 0.004648943835377306 0
3240 0.02176447457029215 0.004731181561035558 0
3241 0.02178013131809565 0.004476546247738739 0
3242 0.02289942002488595 0.005252169233564924 0
3243 0.02172282761710624 0.005408511559924957 0
3244 0.0217436510936992 0.005069846560480257 0
3245 0.02284938171608846 0.006054459097161006 0
3246 0.02166743716323696 0.00630936055817672 0
3247 0.02169513239017161 0.005858936059050837 0
3248 0.02278283075888487 0.007121504720008545 0
3249 0.02159376785311194 0.007507489831221169 0
3250 0.02163060250817445 0.006908425194698945 0
3251 0.0226943179765564 0.008540675546668632 0
3252 0.02149578765919085 0.009101001950667228 0
3253 0.0215447777561514 0.008304245890944199 0
3254 0.02257659596395978 0.01042817294012817 0
3255 0.0214306308242286 0.01016068760776007 0
3256 0.02562636308036551 0.003148116832929938 0
3257 0.02433827252064551 0.002991497735235068 0
3258 0.02433837095899358 0.002989943006618223 0
3259 0.02562612624007798 0.003151804314018365 0
3260 0.02433801067574132 0.002995633295955065 0
3261 0.02433814159819342 0.002993565515595067 0
3262 0.02562581124276983 0.003156708659595929 0
3263 0.02433766242144821 0.003001133600723853 0
3264 0.02433783654859477 0.002998383448339459 0
3265 0.02562539229594928 0.003163231445452974 0
3266 0.02433719924303279 0.003008449009313064 0
3267 0.0243374308322405 0.003004791305018458 0
3268 0.02562483509654209 0.003171906752758098 0
3269 0.02433658321568272 0.003018178503645959 0
3270 0.02433689122935775 0.003013313756479512 0
3271 0.02562409402175107 0.003183444904926265 0
3272 0.02433576390017922 0.003031118717334904 0
3273 0.02433617355793097 0.003024648610490431 0
3274 0.02562310839266275 0.003198790641335286 0
3275 0.02433467421043072 0.003048329203576269 0
3276 0.02433521905530497 0.003039723960455587 0
3277 0.02562179750489726 0.003219200487543585 0
3278 0.02433322492110609 0.00307121918121935 0
3279 0.0243339495657684 0.00305977419239781 0
3280 0.02562005402344541 0.003246345594269183 0
3281 0.02433129736686165 0.003101662842682603 0
3282 0.02433226114398387 0.003086441011950976 0
3283 0.02561773519327366 0.003282448583735192 0
3284 0.02432873371946762 0.003142152916360064 0
3285 0.02433001554316463 0.003121907879521334 0
3286 0.0256146511487322 0.003330465566155846 0
3287 0.02432532406788249 0.00319600472305486 0
3288 0.02432702889367505 0.003169078819707461 0
3289 0.0256105493688149 0.003394328163318247 0
3290 0.0243207892305138 0.0032676276379695 0
3291 0.02432305664919815 0.00323181618051218 0
3292 0.02560509400157569 0.003479265416753228 0
3293 0.0243147578976723 0.003362886101241259 0
3294 0.02431777356409305 0.00331525686960538 0
3295 0.02559783836280332 0.003592231969181263 0
3296 0.02430673622346755 0.003489579881487574 0
3297 0.02431074706056992 0.003426232991364417 0
3298 0.02558818836123038 0.003742477515137846 0
3299 0.0242960673944161 0.003658082646474453 0
3300 0.02430140180894182 0.003573831263981014 0
3301 0.02557535385759267 0.003942304115326121 0
3302 0.02428187785114299 0.003882191333931692 0
3303 0.02428897262277955 0.003770136990203073 0
3304 0.02555828396599691 0.004208073520941259 0
3305 0.02426300575582028 0.004180255931990284 0
3306 0.02427244180348163 0.004031223632960988 0
3307 0.02553558100787957 0.00456154686614103 0
3308 0.02423790586736554 0.004576681873871868 0
3309 0.02425045581159292 0.004378468902931075 0
3310 0.02550538607180922 0.005031666442881663 0
3311 0.02420452301395975 0.005103928404387101 0
3312 0.02422121444066264 0.004840305139129484 0
3313 0.025465226803709 0.005656925528627061 0
3314 0.0241601238146352 0.005805166357804883 0
3315 0.02418232341429747 0.005454547381095992 0
3316 0.02541181497154304 0.006488520199743448 0
3317 0.0241010728729963 0.00673781293909957 0
3318 0.02413059834381575 0.006271489648452228 0
3319 0.02534077722782094 0.007594541220401441 0
3320 0.02402253511370952 0.007978233001310415 0
3321 0.02406180399335291 0.007358022970204993 0
3322 0.02524629701879941 0.009065549331565316 0
3323 0.02391807988164629 0.009627991876923533 0
3324 0.0239703074976779 0.008803112439116974 0
3325 0.02512063832788527 0.01102199032050106 0
3326 0.02384861714592226 0.01072508163031455 0
3327 0.02848570565784985 0.003499262735697542 0
3328 0.02705592915747359 0.003325303350478404 0
3329 0.0270560343691077 0.003323689784313743 0
3330 0.02848545221310007 0.003503094454877126 0
3331 0.02705564929570447 0.003329595418417086 0
3332 0.02705578922658903 0.003327449384447745 0
3333 0.02848511513187635 0.003508190636948904 0
3334 0.02705527707894171 0.003335303878127746 0
3335 0.02705546318732309 0.003332449648272417 0
3336 0.02848466681341998 0.003514968565587288 0
3337 0.02705478203042754 0.003342896132912516 0
3338 0.02705502955468463 0.003339100005520131 0
3339 0.02848407054972762 0.003523983212874335 0
3340 0.02705412361584217 0.003352993832719917 0
3341 0.02705445282313485 0.003347944982816216 0
3342 0.02848327751946684 0.003535972686962344 0
3343 0.02705324792537573 0.003366423759168692 0
3344 0.02705368577060895 0.003359708795944304 0
3345 0.02848222278963062 0.003551918681291052 0
3346 0.02705208325691764 0.003384285563457647 0
3347 0.02705266559114668 0.00337535466131317 0
3348 0.02848081999779484 0.003573126871189066 0
3349 0.02705053424577447 0.003408041795275005 0
3350 0.02705130875134605 0.003396163679366326 0
3351 0.02847895428387877 0.003601333775462763 0
3352 0.02704847406154971 0.00343963757445694 0
3353 0.02704950415366209 0.003423839684865973 0
3354 0.02847647288454078 0.003638848955570772 0
3355 0.02704573401626473 0.003481659964849024 0
3356 0.02704710403890722 0.003460648769652982 0
3357 0.02847317262297924 0.00368874415179683 0
3358 0.02704208975544671 0.003537549753103652 0
3359 0.02704391188585572 0.003509604858976338 0
3360 0.02846878327437777 0.003755104773732813 0
3361 0.02703724288774596 0.003611883183947407 0
3362 0.02703966632159633 0.00357471646852553 0
3363 0.02846294544079219 0.003843364400085718 0
3364 0.02703079655462192 0.003710746632891538 0
3365 0.02703401972118394 0.003661314908419473 0
3366 0.028455181121755 0.003960749708704228 0
3367 0.0270222229299364 0.003842235044993952 0
3368 0.02702650974227916 0.003776490838942745 0
3369 0.02844485457528924 0.004116872201615624 0
3370 0.02701082000658323 0.004017114671759517 0
3371 0.02701652146825981 0.003929674858376735 0
3372 0.0284311202668357 0.00432451514219516 0
3373 0.02699565411784514 0.004249704585761765 0
3374 0.02700323706221418 0.004133409628760641 0
3375 0.02841285363471169 0.004600680281601059 0
3376 0.02697548348286346 0.004559049216780553 0
3377 0.0269855688003543 0.004404376901271158 0
3378 0.02838855901153088 0.004967979954140203 0
3379 0.02694865653654699 0.004970477603500681 0
3380 0.02696207000970522 0.004764763410140617 0
3381 0.0283562471608017 0.005456488547322774 0
3382 0.02691297669606393 0.005517677386703754 0
3383 0.02693081661630546 0.005244077495102218 0
3384 0.02831327239598604 0.006106205026840115 0
3385 0.0268655225036311 0.006245453168763421 0
3386 0.02688924959984752 0.005881565277733588 0
3387 0.02825611595279644 0.006970328035079177 0
3388 0.02680240842070838 0.007213395066059204 0
3389 0.02683396546216974 0.006729424117411312 0
3390 0.02818009787592628 0.008119611748337703 0
3391 0.02671846668303885 0.008500757902679939 0
3392 0.02676043755187361 0.007857076484369572 0
3393 0.02807899382312575 0.009648159246671922 0
3394 0.02660682415888631 0.0102129506755573 0
3395 0.02666264542096258 0.009356854289118619 0
3396 0.02794452541908007 0.01168112762840988 0
3397 0.02653258187348289 0.01135155897445553 0
3398 0.03165957623360808 0.00388903472642301 0
3399 0.03007252821574695 0.003695827606907168 0
3400 0.03007264094572896 0.003694148731060275 0
3401 0.03165930435790338 0.003893026549899661 0
3402 0.0300722283552565 0.003700293397869619 0
3403 0.03007237828550173 0.003698060502388393 0
3404 0.03165894276353097 0.003898335670501139 0
3405 0.03007182954015081 0.003706232909580424 0
3406 0.03007202894770366 0.003703263153725021 0
3407 0.03165846184255566 0.003905396807654908 0
3408 0.03007129911582482 0.003714132463661773 0
3409 0.03007156432798782 0.003710182686621098 0
3410 0.03165782221750255 0.003914788122359257 0
3411 0.03007059365140535 0.003724638871571819 0
3412 0.03007094638361509 0.003719385667616796 0
3413 0.03165697151666464 0.003927278563827989 0
3414 0.03006965538472613 0.003738612379218514 0
3415 0.03007012451806574 0.003731625625395166 0
3416 0.03165584008499075 0.003943890844513651 0
3417 0.03006840748989524 0.00375719714658619 0
3418 0.03006903143731069 0.003747904762902352 0
3419 0.03165433527962698 0.003965985195995159 0
3420 0.03006674778752658 0.003781914920598036 0
3421 0.03006757763871091 0.003769556033592113 0
3422 0.03165233388766232 0.003995370695664168 0
3423 0.03006454038401451 0.003814789550528895 0
3424 0.03006564408577055 0.003798352235563466 0
3425 0.03164967203653214 0.004034453407540307 0
3426 0.0300616045370584 0.003858512812582185 0
3427 0.03006307246053646 0.00383665118155554 0
3428 0.03164613177405484 0.004086433421297189 0
3429 0.03005769985997568 0.003916664760511834 0
3430 0.03005965219851704 0.00388758878654701 0
3431 0.03164142322418269 0.004155566851006928 0
3432 0.03005250663858479 0.003994006864227906 0
3433 0.03005510324928023 0.00395533581236987 0
3434 0.03163516085291107 0.004247514311664584 0
3435 0.03004559965511847 0.004096871847522396 0
3436 0.03004905314685163 0.004045439355875151 0
3437 0.03162683189872466 0.004369804440141108 0
3438 0.03003641336536119 0.00423368230132294 0
3439 0.03004100651023982 0.004165277074422668 0
3440 0.03161575438735436 0.004532450344819508 0
3441 0.03002419559728241 0.004415640245112193 0
3442 0.0300303044813218 0.004324661273217566 0
3443 0.03160102129545748 0.004748769424094067 0
3444 0.03000794596501078 0.004657644321177034 0
3445 0.03001607078114659 0.004536642283144612 0
3446 0.03158142628121707 0.005036473829152472 0
3447 0.02998633395091798 0.004979509789576496 0
3448 0.02999713995796438 0.004818577055376765 0
3449 0.03155536490964284 0.005419120726560859 0
3450 0.02995758997025574 0.005407590891124566 0
3451 0.02997196196058686 0.005193550340350532 0
3452 0.03152070328341233 0.005928041130018952 0
3453 0.0299193604739583 0.00597693878621716 0
3454 0.02993847522210702 0.005692264838670863 0
3455 0.03147460331693659 0.006604905319316366 0
3456 0.02986851523896433 0.006734171559939321 0
3457 0.02989393785646131 0.006355555173078242 0
3458 0.03141329035510387 0.007505134785343573 0
3459 0.02980089106893599 0.007741291260483429 0
3460 0.02983470315395016 0.007237731410211374 0
3461 0.03133174410789817 0.008702440092152718 0
3462 0.02971095091488846 0.009080760580006991 0
3463 0.02975592099191222 0.008411025920245209 0
3464 0.03122328758778321 0.01029485631658218 0
3465 0.0295913304960205 0.0108622549832471 0
3466 0.02965114070545448 0.009971507781627047 0
3467 0.03107904040120424 0.01241277011275767 0
3468 0.02951178291014177 0.01204694887058367 0
3469 0.03518257260124452 0.004321681639633767 0
3470 0.03342095334207767 0.004107109552626273 0
3471 0.03342107441742605 0.004105358183028357 0
3472 0.03518228026717972 0.004325851178881608 0
3473 0.03342063128300542 0.004111768176154997 0
3474 0.03342079231254155 0.004109438864390635 0
3475 0.03518189146321204 0.004331396661252977 0
3476 0.03342020294373758 0.00411796415559912 0
3477 0.03342041711337151 0.004114866165877059 0
3478 0.03518137435344046 0.00433877215986138 0
3479 0.03341963325225853 0.004126204811917169 0
3480 0.03341991809799806 0.004122084483758144 0
3481 0.03518068659727656 0.004348581575402335 0
3482 0.03341887556252057 0.004137164885844423 0
3483 0.03341925440738956 0.004131684848880796 0
3484 0.03517977188209764 0.004361628090668193 0
3485 0.03341786783624171 0.004151741768651759 0
3486 0.03341837169938115 0.004144453327248091 0
3487 0.03517855531138334 0.004378979949216088 0
3488 0.03341652756013237 0.00417112902507798 0
3489 0.03341719769818704 0.004161435396864869 0
3490 0.0351769372710027 0.004402057940063279 0
3491 0.0334147449904973 0.004196914110980459 0
3492 0.03341563627531484 0.004184021568029219 0
3493 0.03517478527640308 0.004432751680631727 0
3494 0.03341237417356811 0.004231208265315436 0
3495 0.03341355958203271 0.004214061188147948 0
3496 0.03517192312378214 0.004473574352784643 0
3497 0.03340922098674616 0.004276819495009514 0
3498 0.03341079758015714 0.004254013880162475 0
3499 0.03516811646028647 0.004527868514019564 0
3500 0.03340502724759514 0.00433748244030724 0
3501 0.03340712411717066 0.004307150967658376 0
3502 0.03516305359700141 0.004600079760383206 0
3503 0.03339944957358895 0.004418164171082893 0
3504 0.03340223841059205 0.004377823305695067 0
3505 0.03515631998889499 0.004696120717152437 0
3506 0.0333920312682171 0.004525470857734128 0
3507 0.03339574042090303 0.004471817514408511 0
3508 0.03514736428968857 0.004823855195715643 0
3509 0.03338216492019613 0.004668188778122623 0
3510 0.0333870980942066 0.004596829817928375 0
3511 0.03513545320726841 0.004993742087514319 0
3512 0.03336904267442663 0.004858003654211205 0
3513 0.03337560379731138 0.004763096216166914 0
3514 0.03511961146574169 0.005219691680818693 0
3515 0.03335159008677255 0.005110457450701555 0
3516 0.03336031638059958 0.00498423055245638 0
3517 0.03509854194734175 0.005520204670855571 0
3518 0.03332837814178627 0.005446221049306487 0
3519 0.03333998411427941 0.005278339250004021 0
3520 0.03507051948503713 0.005919886988007388 0
3521 0.03329750625289369 0.005892786665261759 0
3522 0.03331294219733999 0.005669503857284124 0
3523 0.03503324960798194 0.006451464501055618 0
3524 0.03325644663850059 0.006486718965812811 0
3525 0.03327697644569715 0.006189752815537285 0
3526 0.03498368066763928 0.007158462648454035 0
3527 0.03320183734607529 0.007276649001957591 0
3528 0.03322914199228794 0.006881683983885201 0
3529 0.03491775397008046 0.008098770282952099 0
3530 0.03312920697910905 0.008327256066338082 0
3531 0.03316552216259216 0.007801952534147836 0
3532 0.03483007145375945 0.009349379559036032 0
3533 0.03303260858254856 0.009724563584850668 0
3534 0.03308090778082881 0.009025909825594374 0
3535 0.03471345369486844 0.01101269007000789 0
3536 0.03290413270010308 0.0115829828017394 0
3537 0.03296837064132582 0.01065377319329503 0
3538 0.03455835205960169 0.01322489327697605 0
3539 0.03281869623040341 0.01281883169486697 0
3540 0.03909309836742918 0.004801919688504082 0
3541 0.03713770514563151 0.004563632501728536 0
3542 0.03713783548433678 0.004561800664068916 0
3543 0.03909278332458588 0.004806286492247768 0
3544 0.03713735844613408 0.00456850516940084 0
3545 0.03713753179588281 0.004566068835564688 0
3546 0.03909236431796911 0.004812094336170181 0
3547 0.03713689733504707 0.004574985828022318 0
3548 0.03713712789059057 0.004571745498711579 0
3549 0.03909180703863575 0.004819818775975222 0
3550 0.03713628405702914 0.004583605107814285 0
3551 0.03713659069603811 0.0045792954679183 0
3552 0.03909106585694168 0.004830092283420864 0
3553 0.03713546839718909 0.004595068751008914 0
3554 0.03713587622710912 0.004589336929411599 0
3555 0.03909008008584798 0.004843756040569686 0
3556 0.03713438357075653 0.004610315380228965 0
3557 0.03713492598397282 0.004602692065618939 0
3558 0.0390887690108038 0.004861928830502306 0
3559 0.03713294075143062 0.004630593399489429 0
3560 0.03713366216109357 0.004620454389859197 0
3561 0.03908702527956107 0.004886098660989071 0
3562 0.03713102179913315 0.004657563201562921 0
3563 0.03713198127528188 0.004644078300526175 0
3564 0.03908470611604548 0.004918244548880971 0
3565 0.03712846959331541 0.004693433027949777 0
3566 0.03712974569622428 0.004675498114756349 0
3567 0.03908162162878154 0.004960998576841462 0
3568 0.03712507515924827 0.004741139901676327 0
3569 0.03712677237628184 0.004717286464813052 0
3570 0.0390775192601711 0.005017861441644476 0
3571 0.0371205605612093 0.004804590053987714 0
3572 0.03712281786022879 0.00477286497783202 0
3573 0.03907206310901845 0.005093489064317688 0
3574 0.03711455614481057 0.004888978770713181 0
3575 0.03711755835300992 0.004846784412350447 0
3576 0.03906480642805303 0.005194073801536332 0
3577 0.03710657027213746 0.005001215747975588 0
3578 0.03711056320847402 0.004945097259344384 0
3579 0.03905515504191112 0.005327851508383957 0
3580 0.03709594905946224 0.005150490956124012 0
3581 0.03710125966579984 0.005075853352049801 0
3582 0.03904231869567444 0.005505775895471451 0
3583 0.03708182284348062 0.005349027026861759 0
3584 0.03708888595147143 0.005249758991492886 0
3585 0.03902524635312358 0.005742415358797381 0
3586 0.03706303497538466 0.005613080012754316 0
3587 0.03707242890943263 0.005481053519808037 0
3588 0.03900254013519298 0.00605714587742682 0
3589 0.03703804710715007 0.005964270535528074 0
3590 0.03705054104126736 0.005788675274141196 0
3591 0.03897234086229252 0.00647573750951823 0
3592 0.03700481324017958 0.006431353961997545 0
3593 0.03702143017366483 0.006197812248762809 0
3594 0.03893217582697478 0.007032464412913941 0
3595 0.03696061219477714 0.007052574951972014 0
3596 0.03698271271747836 0.006741964456984779 0
3597 0.0388787563258431 0.007772911252078708 0
3598 0.03690182479870525 0.007878798948560729 0
3599 0.03693121849674119 0.007465686950266373 0
3600 0.03880770838189868 0.008757705651284149 0
3601 0.03682363755327389 0.008977676985675521 0
3602 0.03686273117598957 0.008428237967118123 0
3603 0.03871321460721923 0.01006748233021039 0
3604 0.03671964850770479 0.0104391849035709 0
3605 0.03677164303048934 0.009708430944623212 0
3606 0.03858753787376505 0.01180948549518422 0
3607 0.0365813430609287 0.0123829906616212 0
3608 0.03665049578431675 0.01141108778259605 0
3609 0.03842038780109093 0.0141263499427323 0
3610 0.03648936993034594 0.01367562160985408 0
3611 0.04343378202469539 0.005334983929725695 0
3612 0.04126329957503119 0.005070372966321449 0
3613 0.04126344019606229 0.00506845180911489 0
3614 0.04343344177510765 0.005339569697062641 0
3615 0.04126292552466233 0.005075483222988959 0
3616 0.04126311254984676 0.005072928094655205 0
3617 0.04343298924354993 0.00534566876231053 0
3618 0.0412624280368567 0.005082279875491751 0
3619 0.04126267678075952 0.005078881549240355 0
3620 0.0434323873760025 0.005353780526848925 0
3621 0.04126176637778155 0.005091319427332396 0
3622 0.04126209720731912 0.005086799651412074 0
3623 0.04343158689196926 0.005364569176315529 0
3624 0.04126088637112939 0.005103342032403999 0
3625 0.04126132637445547 0.005097330729868198 0
3626 0.04343052224880921 0.005378918071963432 0
3627 0.0412597159635278 0.005119332080129118 0
3628 0.04126030116732859 0.005111337056266558 0
3629 0.04342910627395762 0.00539800209574505 0
3630 0.04125815932123363 0.005140598846118238 0
3631 0.04125893764238071 0.005129965463123679 0
3632 0.0434272230258563 0.005423383868247641 0
3633 0.04125608898418374 0.005168883683118474 0
3634 0.04125712415270869 0.005154741264618356 0
3635 0.04342471830484176 0.005457141639689723 0
3636 0.0412533354367035 0.00520650250545222 0
3637 0.04125471221044362 0.005187693094285347 0
3638 0.04342138702612117 0.005502039472624747 0
3639 0.04124967321819921 0.005256535544013988 0
3640 0.04125150432745135 0.005231519024733105 0
3641 0.04341695642482942 0.005561753598425753 0
3642 0.0412448024668013 0.005323079496056241 0
3643 0.04124723784250026 0.005289807520035114 0
3644 0.04341106372413858 0.005641173398852338 0
3645 0.04123832436635573 0.005411582967113784 0
3646 0.04124156341657852 0.005367331231585013 0
3647 0.04340322643229273 0.005746801732435998 0
3648 0.04122970849399003 0.005529292566858546 0
3649 0.04123401643017287 0.005470437766986165 0
3650 0.04339280283364325 0.005887287422767338 0
3651 0.04121824938156433 0.005685846364292748 0
3652 0.04122397893777718 0.005607569465575647 0
3653 0.04337893944455801 0.006074133429742467 0
3654 0.04120300875866813 0.005894062960921169 0
3655 0.04121062907011622 0.005789954662606959 0
3656 0.04336050113485406 0.006322638648948001 0
3657 0.04118273872930951 0.006170991046824214 0
3658 0.04119287374398882 0.006032527003872691 0
3659 0.04333597818042282 0.006653150624522231 0
3660 0.04115577958630628 0.006539305455124837 0
3661 0.0411692591578079 0.006355148250974526 0
3662 0.04330336264773223 0.007092731596471964 0
3663 0.04111992392371847 0.007029163650865358 0
3664 0.04113785175501238 0.006784234552995098 0
3665 0.04325998398670477 0.007677374323519628 0
3666 0.04107223588996108 0.007680675085568212 0
3667 0.04109607990683977 0.007354919368216785 0
3668 0.04320229036304643 0.00845494921103215 0
3669 0.04100881079892846 0.008547185377542645 0
3670 0.04104052334444476 0.008113930231555428 0
3671 0.04312555783554629 0.00948912391971064 0
3672 0.0409244554185165 0.009699644193452144 0
3673 0.04096663310872248 0.009123414785497394 0
3674 0.043023503563999 0.01086457641665349 0
3675 0.04081226275270174 0.01123241455341173 0
3676 0.04086835908560911 0.01046602937343194 0
3677 0.04288777136866002 0.01269392842871548 0
3678 0.04066304648972333 0.01327099937048796 0
3679 0.04073765462121253 0.01225170696194985 0
3680 0.04270724753030449 0.01512696685483144 0
3681 0.04056381766569735 0.01462665839878178 0
3682 0.04825194094656556 0.005926685245133109 0
3683 0.04584270945121766 0.00563285488933437 0
3684 0.0458428614856305 0.005630834587429407 0
3685 0.04825157271749114 0.005931514062061723 0
3686 0.04584230504138113 0.005638228869789994 0
3687 0.0458425072462994 0.005635541879562182 0
3688 0.04825108297324859 0.005937936382985084 0
3689 0.04584176717541738 0.005645376275505621 0
3690 0.04584203610839926 0.005641802572647807 0
3691 0.04825043161278297 0.005946478077983075 0
3692 0.04584105181336809 0.005654882329326379 0
3693 0.04584140949439273 0.005650129302416 0
3694 0.04824956530315246 0.005957838535100365 0
3695 0.04584010038175362 0.005667525382089517 0
3696 0.04584057609756086 0.005661203855707947 0
3697 0.04824841311199771 0.005972947934492106 0
3698 0.0458388349790533 0.005684340624366021 0
3699 0.04583946768040345 0.005675933003227768 0
3700 0.04824688069835856 0.005993043427859229 0
3701 0.04583715199326288 0.005706704899238258 0
3702 0.04583799348615809 0.005695522761802139 0
3703 0.04824484258654241 0.006019770456016833 0
3704 0.04583491361913583 0.005736449425026217 0
3705 0.04583603280619936 0.005721577162132238 0
3706 0.04824213189670164 0.00605531741822282 0
3707 0.04583193658240758 0.005776009632886327 0
3708 0.04583342510077171 0.005756229528956272 0
3709 0.04823852667946099 0.006102594874710437 0
3710 0.04582797712317459 0.005828624714448856 0
3711 0.04582995685279109 0.005802317173667592 0
3712 0.04823373173988874 0.006165473900260256 0
3713 0.04582271104154358 0.005898602784237152 0
3714 0.04582534408235908 0.005863613749343004 0
3715 0.04822735446920483 0.00624910301804767 0
3716 0.04581570715179983 0.005991673632662856 0
3717 0.0458192090966717 0.005945138208450004 0
3718 0.04821887269927422 0.006360329743669103 0
3719 0.04580639197976713 0.006115457843442246 0
3720 0.04581104956578347 0.006053565738052551 0
3721 0.04820759194473134 0.006508261295763923 0
3722 0.04579400279860746 0.006280090875089015 0
3723 0.0458001973891873 0.006197774359265631 0
3724 0.04819258853807094 0.006705010300942752 0
3725 0.04577752518402151 0.006499052855596204 0
3726 0.04578576399131448 0.006389571865342609 0
3727 0.04817263400480939 0.006966686509345449 0
3728 0.04575560995564196 0.006790272302697247 0
3729 0.04576656756983173 0.006644662579146726 0
3730 0.04814609447283895 0.007314715902355564 0
3731 0.04572646269761981 0.007177594224180548 0
3732 0.04574103632663089 0.006983933263438898 0
3733 0.04811079689175011 0.00777759504185017 0
3734 0.04568769684186253 0.007692732414141586 0
3735 0.04570707976974117 0.007435163319161067 0
3736 0.04806385110614333 0.008393224333553337 0
3737 0.04563613825098557 0.008377866242931379 0
3738 0.04566191754642405 0.008035299328536484 0
3739 0.04800141320642513 0.009212011355266312 0
3740 0.04556756531848599 0.009289094323367083 0
3741 0.04560185178473578 0.008833480283149231 0
3742 0.04791837079110469 0.01030099820817069 0
3743 0.04547636330816499 0.01050102780451425 0
3744 0.0455219643133255 0.009895061063940667 0
3745 0.04780792436793636 0.01174935086405736 0
3746 0.04535506462377037 0.01211289947619659 0
3747 0.04541571396596768 0.01130696364035542 0
3748 0.04766103060977522 0.01367566009764458 0
3749 0.04519373735466486 0.01425668905016346 0
3750 0.04527440098921762 0.01318479426318003 0
3751 0.04746566189134048 0.01623765164164317 0
3752 0.04508645471082198 0.01568230924823719 0
3753 0.05360009723390127 0.00658347369099713 0
3754 0.05092585438696695 0.006257209820584741 0
3755 0.05092601909023332 0.006255079468065109 0
3756 0.05359969794759736 0.006588572292966658 0
3757 0.05092541627812155 0.006262876534443639 0
3758 0.05092563533254425 0.00626004317751419 0
3759 0.05359916689727555 0.006595353427682029 0
3760 0.05092483359240259 0.006270413276223474 0
3761 0.05092512493526206 0.006266644905333556 0
3762 0.05359846059967201 0.006604372345479843 0
3763 0.05092405862005239 0.006280437147239444 0
3764 0.05092444610622749 0.006275425211731459 0
3765 0.05359752122363022 0.006616367509075656 0
3766 0.05092302790673028 0.006293768896936577 0
3767 0.05092354326339134 0.006287103022088011 0
3768 0.05359627185420363 0.006632321067604789 0
3769 0.05092165705947106 0.006311500105160319 0
3770 0.05092234248310067 0.006302634501048447 0
3771 0.05359461019351322 0.006653539292187525 0
3772 0.05091983383240072 0.006335082614886436 0
3773 0.05092074544593589 0.006323291360023377 0
3774 0.05359240018297755 0.006681759554089879 0
3775 0.05091740893711924 0.006366447395220276 0
3776 0.05091862138475998 0.006350765005053357 0
3777 0.05358946086774492 0.006719292518000818 0
3778 0.05091418382732733 0.006408162541003363 0
3779 0.05091579638222328 0.00638730496811182 0
3780 0.05358555157875395 0.006769211356574647 0
3781 0.05090989443088761 0.00646364369028172 0
3782 0.05091203912910747 0.006435903115642542 0
3783 0.05358035222369963 0.006835603420769618 0
3784 0.05090418953270076 0.006537433630748152 0
3785 0.05090704198179419 0.006500538660514936 0
3786 0.05357343708033578 0.006923904880726434 0
3787 0.05089660201683985 0.006635574268025953 0
3788 0.0509003957747703 0.006586503949387052 0
3789 0.0535642399397475 0.007041345821375304 0
3790 0.05088651062218187 0.006766101297018453 0
3791 0.05089155631951086 0.006700837782522203 0
3792 0.05355200774218476 0.007197542279848718 0
3793 0.05087308906473423 0.006939702278594188 0
3794 0.05087979984345804 0.006852901787806321 0
3795 0.05353573891604498 0.007405283612795755 0
3796 0.05085523838938169 0.007170591635144319 0
3797 0.05086416372705796 0.007055146956869254 0
3798 0.05351410137467315 0.007681579618890898 0
3799 0.05083149699010085 0.007477674493092028 0
3800 0.05084336768974126 0.007324133064118173 0
3801 0.05348532344168552 0.00804905334483403 0
3802 0.05079992092442361 0.007886094754097565 0
3803 0.05081570895726223 0.007681884623594797 0
3804 0.05344704878694291 0.008537793449743758 0
3805 0.05075792475426941 0.008429293737496363 0
3806 0.05077892283934651 0.008157694245796964 0
3807 0.05339614349314397 0.009187817827470156 0
3808 0.05070206984501789 0.00915174842352713 0
3809 0.05072999729964366 0.008790521080511747 0
3810 0.05332843944712017 0.01005235031715561 0
3811 0.05062778280852741 0.01011261324889479 0
3812 0.05066492632677265 0.009632180836210959 0
3813 0.0532383930564799 0.01120217864883399 0
3814 0.05052898103905718 0.0113905636081099 0
3815 0.0505783819237923 0.01075158842850234 0
3816 0.05311863134522597 0.01273145047939702 0
3817 0.05039757467410515 0.01309023773534448 0
3818 0.05046327785658117 0.01224040067172719 0
3819 0.05295934825261657 0.01476538222654806 0
3820 0.05022280418828665 0.01535080458884816 0
3821 0.05031018943119589 0.01422052116209632 0
3822 0.05274750171767201 0.01747051172829856 0
3823 0.05010658180450575 0.01685408168497074 0
3824 0.05953655075289074 0.007312508870824211 0
3825 0.05656814522770212 0.006950243789611742 0
3826 0.05656832399339601 0.006947991280910673 0
3827 0.05953611699306193 0.007317906934191184 0
3828 0.05656766971295718 0.0069562354375461 0
3829 0.05656790747032965 0.00695323961357892 0
3830 0.0595355400929919 0.007325086352218383 0
3831 0.05656703727731027 0.006964204342354312 0
3832 0.05656735349513373 0.006960219889950206 0
3833 0.05953477281516487 0.007334634987327591 0
3834 0.0565661961375266 0.006974802990453123 0
3835 0.05656661670741844 0.006969503666403717 0
3836 0.05953375233540611 0.007347334675119338 0
3837 0.05656507742150974 0.006988899193741871 0
3838 0.05656563677951816 0.006981851092097497 0
3839 0.05953239509809716 0.007364225250297327 0
3840 0.05656358953079106 0.007007647124160244 0
3841 0.0565643334761504 0.006998273158951057 0
3842 0.05953058997317907 0.007386689706537839 0
3843 0.05656161063590123 0.00703258187456512 0
3844 0.05656260008334614 0.007020114499362681 0
3845 0.05952818915506365 0.007416567457908095 0
3846 0.05655897870213997 0.007065745137432853 0
3847 0.0565602946690206 0.007049163505998986 0
3848 0.0595249960656446 0.007456304883726471 0
3849 0.05655547823124955 0.007109852264294435 0
3850 0.05655722846669476 0.007087798700863644 0
3851 0.05952074925700888 0.007509155656435864 0
3852 0.05655082260451327 0.007168514748716075 0
3853 0.05655315041788141 0.007139183506505256 0
3854 0.05951510100076692 0.007579447193553381 0
3855 0.05654463061995327 0.007246535865606924 0
3856 0.05654772661223327 0.007207525307161499 0
3857 0.05950758881872495 0.007672934953353385 0
3858 0.05653639527910746 0.007350303968472896 0
3859 0.05654051294953036 0.00729841991703991 0
3860 0.05949759761670216 0.007797273672729458 0
3861 0.05652544227734221 0.007488315525631864 0
3862 0.05653091877822483 0.007419309747052381 0
3863 0.05948430931738141 0.007962644177345282 0
3864 0.05651087478222397 0.007671870931562135 0
3865 0.05651815852978308 0.007580093228597 0
3866 0.05946663587561153 0.008182586994197716 0
3867 0.05649150000943254 0.007915999675431336 0
3868 0.05650118739582825 0.007793935303496736 0
3869 0.05944313019522671 0.008475110975841454 0
3870 0.05646573156046732 0.008240690919301016 0
3871 0.05647861578494993 0.008078345297366176 0
3872 0.05941186763709597 0.008864167911486504 0
3873 0.05643145951831417 0.008672530337019518 0
3874 0.05644859553939074 0.008456610628160267 0
3875 0.05937028843057897 0.009381613688201555 0
3876 0.05638587769920771 0.009246876800925796 0
3877 0.05640866860876094 0.008959703568972657 0
3878 0.05931498808266181 0.01006981661167247 0
3879 0.05632525387659808 0.01001075763821683 0
3880 0.05635556578790289 0.009628817219571314 0
3881 0.05924143861420569 0.01098512657115149 0
3882 0.05624462418472778 0.01102671925009026 0
3883 0.05628493903066294 0.01051873844415354 0
3884 0.0591436178109164 0.01220248894472669 0
3885 0.05613738668266852 0.01237794834347043 0
3886 0.05619100543369816 0.01170233379678034 0
3887 0.05901351612982889 0.01382158105978921 0
3888 0.05599476079238635 0.0141750831957158 0
3889 0.05606607373752743 0.01327651576959312 0
3890 0.05884048087590404 0.01597497379780567 0
3891 0.05580506833613427 0.01656527282863792 0
3892 0.0558999145642603 0.01537017801217686 0
3893 0.05861034396452999 0.01883898643373754 0
3894 0.05567892284110053 0.01815474908101794 0
3895 0.0661260140510352 0.00812173790717729 0
3896 0.06283108802697476 0.007719511491062502 0
3897 0.06283128240196389 0.007717123389000864 0
3898 0.0661255420255944 0.008127468372689992 0
3899 0.06283057099168157 0.007725863815818676 0
3900 0.06283082950932817 0.007722687653440588 0
3901 0.06612491423230471 0.008135089885186096 0
3902 0.06282988333361504 0.007734312421585804 0
3903 0.0628302271626483 0.007730088118702239 0
3904 0.06612407926643085 0.008145226506501343 0
3905 0.06282896874798068 0.007745549072243131 0
3906 0.06282942604079786 0.007739930746914467 0
3907 0.06612296876154783 0.008158708216137796 0
3908 0.06282775234897327 0.007760493819014003 0
3909 0.06282836054847697 0.007753021445628568 0
3910 0.06612149179089155 0.008176638879779013 0
3911 0.06282613454001545 0.007780370311062337 0
3912 0.06282694344449437 0.00777043206503817 0
3913 0.06611952742068351 0.008200486653137048 0
3914 0.06282398285384713 0.00780680604861255 0
3915 0.06282505869693129 0.007793588179837443 0
3916 0.06611691480615831 0.008232204217786608 0
3917 0.06282112110737484 0.007841965627082153 0
3918 0.06282255198061099 0.007824385837847354 0
3919 0.06611344002739733 0.008274388596282245 0
3920 0.06281731498566709 0.007888727852926563 0
3921 0.06281921804652096 0.007865346740004357 0
3922 0.06610881857196255 0.008330493815828923 0
3923 0.06281225284330434 0.007950921619338224 0
3924 0.06281478391448572 0.007919824736132394 0
3925 0.06610267203541109 0.008405113767819722 0
3926 0.06280552019287367 0.008033639342034878 0
3927 0.06280888651808901 0.007992280480686552 0
3928 0.06609449714044804 0.008504358320351572 0
3929 0.06279656576629933 0.008143653931670079 0
3930 0.0628010429795865 0.008088646636852478 0
3931 0.06608362453024849 0.008636353573989695 0
3932 0.06278465638065132 0.008289973315049073 0
3933 0.06279061107347533 0.008216813623359576 0
3934 0.06606916395799702 0.008811907269657162 0
3935 0.0627688168947271 0.008484578131953368 0
3936 0.06277673663768921 0.008387275723501222 0
3937 0.06604993139290521 0.009045393733423234 0
3938 0.06274775037378964 0.008743402595667582 0
3939 0.06275828363425838 0.008613990363810475 0
3940 0.0660243520782525 0.009355930767631502 0
3941 0.06271973189968956 0.009087639147805374 0
3942 0.0627337411367396 0.008915520871736478 0
3943 0.0659903315862615 0.009768945065654115 0
3944 0.0626824673236679 0.009545473829335247 0
3945 0.06270109961167873 0.009316556488570309 0
3946 0.06594508432733953 0.01031825413755229 0
3947 0.0626329054342506 0.01015439399641861 0
3948 0.06265768637895924 0.009849933912876925 0
3949 0.06588490546943712 0.01104883524610699 0
3950 0.06256698811784833 0.01096425786136086 0
3951 0.06259994677604946 0.01055932592888973 0
3952 0.06580486758219545 0.01202050819613566 0
3953 0.06247931807855281 0.01204137690592628 0
3954 0.06252315309820057 0.01150281738364357 0
3955 0.06569841718101779 0.01331283335499113 0
3956 0.06236271691338138 0.01347394539379154 0
3957 0.0624210174959671 0.01275766114985891 0
3958 0.06555683813361726 0.01503162598421855 0
3959 0.06220763735006478 0.01537926165021622 0
3960 0.06228517713172307 0.01442660352200388 0
3961 0.06536853798090123 0.01731762041992837 0
3962 0.06200138150674049 0.01791333256751782 0
3963 0.06210450942840263 0.01664629710886702 0
3964 0.06511809875204816 0.0203579933319191 0
3965 0.06186422135829005 0.01959848988282856 0
3966 0.07344031833190973 0.009019982139977257 0
3967 0.06978295449016766 0.008573398634268429 0
3968 0.06978316619147225 0.008570860023577247 0
3969 0.07343980383163956 0.009026081571872738 0
3970 0.06978239136706629 0.008580151310294302 0
3971 0.06978267292861698 0.008576774972281365 0
3972 0.07343911954687601 0.009034193809230682 0
3973 0.06978164241211443 0.008589132384122476 0
3974 0.06978201688959036 0.008584641847208389 0
3975 0.07343820944727003 0.009044983095236429 0
3976 0.06978064630158644 0.008601077217615298 0
3977 0.06978114435685046 0.008595104800868884 0
3978 0.07343699901449893 0.009059332849122902 0
3979 0.06977932147446034 0.0086169638476454 0
3980 0.06977998388802339 0.00860902053263035 0
3981 0.07343538913982695 0.009078418010961497 0
3982 0.06977755945625817 0.00863809304309511 0
3983 0.06977844046535925 0.008627528445370255 0
3984 0.07343324800734682 0.00910380126632422 0
3985 0.06977521597177216 0.008666194876366159 0
3986 0.06977638771401516 0.008652143959730633 0
3987 0.07343040029880638 0.009137561023719442 0
3988 0.06977209913319253 0.008703570365139891 0
3989 0.06977365755248233 0.008684882620753025 0
3990 0.07342661284487534 0.009182461519694339 0
3991 0.06976795373908012 0.008753279750836691 0
3992 0.06977002643613633 0.008728425057988293 0
3993 0.07342157553149295 0.009242179175240374 0
3994 0.06976244036437537 0.008819393240232606 0
3995 0.06976519705172775 0.008786336495534649 0
3996 0.07341487590379712 0.009321603667753777 0
3997 0.06975510757483286 0.008907324195340892 0
3998 0.06975877396960412 0.00886335871778675 0
3999 0.07340596539749066 0.009427238260235612 0
4000 0.06974535496310585 0.009024272385246291 0
4001 0.06975023126896934 0.008965798290293592 0
4002 0.07339411442421337 0.009567732266928076 0
4003 0.06973238399135601 0.009179813455671478 0
4004 0.06973886947723093 0.009102042920458884 0
4005 0.07337835262900684 0.009754589304694066 0
4006 0.06971513259564785 0.009386683118679746 0
4007 0.06972375829350193 0.009283248287175614 0
4008 0.07335738943702513 0.01000310921657577 0
4009 0.0696921882342825 0.009661819831319262 0
4010 0.06970366041496517 0.009524251474999506 0
4011 0.0733295083883316 0.01033364073918587 0
4012 0.0696616722323016 0.01002775167549811 0
4013 0.06967693023329205 0.009844785753408684 0
4014 0.0732924265897511 0.01077324770952099 0
4015 0.069621085943711 0.010514441099677 0
4016 0.0696413790880063 0.01027109638758755 0
4017 0.07324310779265351 0.01135792503917007 0
4018 0.06956710617628206 0.01116173807704537 0
4019 0.06959409605999653 0.01083808958836118 0
4020 0.07317751378865933 0.01213554593329762 0
4021 0.06949531308181441 0.01202264310235923 0
4022 0.06953120962904821 0.0115921905897023 0
4023 0.07309027375655489 0.0131697818030091 0
4024 0.06939982825693594 0.01316764689678552 0
4025 0.06944757066937518 0.01259514499957238 0
4026 0.07297424450170675 0.01454531565375536 0
4027 0.0692728334257886 0.01469050211196097 0
4028 0.06933633084136227 0.01392907450437325 0
4029 0.07281992557767963 0.01637477585401132 0
4030 0.06910393028550829 0.01671589972626889 0
4031 0.06918838185564845 0.01570320091911493 0
4032 0.07261468138727992 0.01880795817456707 0
4033 0.06887928908267285 0.01940967886822655 0
4034 0.06899160968409057 0.01806278929724772 0
4035 0.07234170658599133 0.02204409099352352 0
4036 0.06872990266901985 0.02120104216272135 0
4037 0.08155919628024226 0.01001703326252429 0
4038 0.07749952637255955 0.009521213376522919 0
4039 0.07749975730607578 0.009518507701250747 0
4040 0.08155863463291041 0.01002354224711459 0
4041 0.07749891209199042 0.00952841044246441 0
4042 0.07749921923227499 0.009524811909493665 0
4043 0.08155788764260943 0.01003219918908238 0
4044 0.07749809509749503 0.009537982555848652 0
4045 0.07749850359474272 0.009533196499156531 0
4046 0.08155689414455888 0.01004371293291215 0
4047 0.07749700849433389 0.009550713472299931 0
4048 0.07749755179591446 0.009544348014074291 0
4049 0.08155557279182947 0.01005902621593951 0
4050 0.07749556331199452 0.009567645592762483 0
4051 0.07749628590316419 0.009559179532531206 0
4052 0.08155381539369666 0.01007939287080826 0
4053 0.07749364122152907 0.009590165289007271 0
4054 0.0774946022667618 0.009578905440884878 0
4055 0.08155147805508997 0.0101064805112375 0
4056 0.07749108484090771 0.009620116488554455 0
4057 0.0774923630312184 0.009605140888780863 0
4058 0.08154836939218661 0.01014250710263537 0
4059 0.07748768485008528 0.009659951637800361 0
4060 0.07748938484549649 0.009640034063177408 0
4061 0.08154423486880885 0.01019042248908534 0
4062 0.07748316286359891 0.009712932370979321 0
4063 0.07748542385684209 0.009686442004389843 0
4064 0.08153873595309405 0.01025414994868789 0
4065 0.07747714862098806 0.009783396752948946 0
4066 0.07748015574229349 0.009748164561964135 0
4067 0.08153142239421383 0.01033890748131069 0
4068 0.0774691496770229 0.009877114396115523 0
4069 0.07747314914900548 0.009830255574532234 0
4070 0.08152169535929735 0.01045163501830899 0
4071 0.07745851107976512 0.01000175888242908 0
4072 0.07746383037839402 0.009939436639272299 0
4073 0.0815087584029789 0.01060156264112049 0
4074 0.07744436174742717 0.01016753602561949 0
4075 0.07745143641359614 0.01008464745402428 0
4076 0.08149155225025906 0.01080096638892004 0
4077 0.07742554313183873 0.01038801966799462 0
4078 0.07743495243963296 0.01027777784680706 0
4079 0.08146866806238531 0.0110661734286147 0
4080 0.07740051436757173 0.01068126297719585 0
4081 0.07741302874970524 0.01053464132259524 0
4082 0.08143823208884773 0.01141889883388891 0
4083 0.07736722610960761 0.01107127659587893 0
4084 0.07738387023858967 0.01087626978653739 0
4085 0.0813977522398748 0.01188802367120659 0
4086 0.07732295272001828 0.01158999478484865 0
4087 0.07734508941481294 0.01133063569036379 0
4088 0.08134391403529842 0.01251195976791104 0
4089 0.07726406910793365 0.01227989002223246 0
4090 0.07729351091397596 0.01193494240354056 0
4091 0.0812723092190042 0.0133417948252904 0
4092 0.07718575389972988 0.01319745073635556 0
4093 0.07722491150383178 0.01273867037929401 0
4094 0.08117707480591832 0.01444547553753354 0
4095 0.07708159466274334 0.01441780660418708 0
4096 0.0771336742812366 0.01380762867027132 0
4097 0.08105041302325156 0.01591337103851796 0
4098 0.07694306286221497 0.01604088008808623 0
4099 0.07701232876247915 0.01522934334613666 0
4100 0.0808819528358438 0.01786567224559393 0
4101 0.07675881555130845 0.01819956801151902 0
4102 0.0768509392067617 0.01712022404980262 0
4103 0.08065790076318287 0.02046223312228988 0
4104 0.07651376659915432 0.02107062328533793 0
4105 0.07663629107523137 0.01963509564842848 0
4106 0.08035991147591584 0.0239156594432467 0
4107 0.07635080903095351 0.0229798752183851 0
4108 0.09057115075106688 0.01112376000218712 0
4109 0.08606492123438303 0.01057328774931432 0
4110 0.08606517351565468 0.01057039663235572 0
4111 0.09057053677049692 0.01113072359026607 0
4112 0.08606425016902429 0.01058097808806633 0
4113 0.08606458570170367 0.01057713291869033 0
4114 0.09056972017704985 0.01113998515434734 0
4115 0.086063357650635 0.01059120625536338 0
4116 0.08606380390982964 0.01058609217171486 0
4117 0.0905686341067265 0.01115230304635717 0
4118 0.08606217060065038 0.01060480972390594 0
4119 0.0860627641256427 0.01059800798963466 0
4120 0.09056718963284421 0.01116868584672479 0
4121 0.08606059182402331 0.01062290233875836 0
4122 0.08606138121233683 0.01061385603133215 0
4123 0.09056526848367098 0.01119047495884888 0
4124 0.08605849205334432 0.01064696549089878 0
4125 0.08605954193868381 0.01063493391482857 0
4126 0.09056271335626534 0.01121945446669117 0
4127 0.086055699358011 0.01067896948702989 0
4128 0.08605709570567766 0.01066296748896434 0
4129 0.0905593150340212 0.01125799724381759 0
4130 0.08605198506819683 0.01072153485942307 0
4131 0.08605384221310391 0.01070025217322648 0
4132 0.09055479526356029 0.01130925915867576 0
4133 0.08604704506417232 0.01077814678833803 0
4134 0.08604951506618458 0.01074984082388055 0
4135 0.09054878396926003 0.01137743750075559 0
4136 0.08604047485818175 0.01085344066110545 0
4137 0.08604375996117704 0.01081579372472174 0
4138 0.09054078894676992 0.01146811470786598 0
4139 0.08603173648280199 0.01095358152807123 0
4140 0.08603610567049189 0.01090351109458834 0
4141 0.09053015556510262 0.01158871541323254 0
4142 0.08602011444159796 0.01108676890347031 0
4143 0.08602592546219998 0.01102017521577077 0
4144 0.09051601316761679 0.01174911434987633 0
4145 0.08600465712899773 0.01126390808752651 0
4146 0.08601238578529785 0.01117533849549841 0
4147 0.09049720377806827 0.01196244494573353 0
4148 0.08598409889932961 0.01149950324712706 0
4149 0.08599437801416365 0.01138170566732679 0
4150 0.09047218728476927 0.01224617469719467 0
4151 0.08595675644782499 0.0118128448786823 0
4152 0.08597042767357729 0.01165617406290468 0
4153 0.09043891534467452 0.01262353531208525 0
4154 0.08592039098569726 0.01222958926729186 0
4155 0.08593857371676113 0.01202121707298708 0
4156 0.09039466365979218 0.01312542498156628 0
4157 0.08587202491396972 0.01278385938548101 0
4158 0.08589620794983349 0.01250672432638644 0
4159 0.09033580891294923 0.01379293830945308 0
4160 0.08580769803427793 0.0135210386918831 0
4161 0.08583986147412381 0.01315244903868206 0
4162 0.09025753209504839 0.01468073108771067 0
4163 0.08572214327977468 0.01450148722111797 0
4164 0.08576492065702629 0.01401126295650054 0
4165 0.09015342391913478 0.01586149557472333 0
4166 0.08560835544527844 0.0158054838911389 0
4167 0.08566524936252654 0.01515348555612844 0
4168 0.09001496003067136 0.01743191250688605 0
4169 0.08545701760864446 0.0175397996542651 0
4170 0.08553268652696144 0.016672641772702 0
4171 0.08983080304102029 0.01952056723075285 0
4172 0.08525573826821962 0.01984643982208168 0
4173 0.08535637793843204 0.01869311973817339 0
4174 0.08958587421919458 0.0222984783037278 0
4175 0.08498803671415782 0.022914271603936 0
4176 0.08512188749118872 0.02138035571300884 0
4177 0.08926011885268451 0.0259931004105263 0
4178 0.08481001516430017 0.0249543799268865 0
4179 0.1005744199406836 0.01235222664968686 0
4180 0.095572509368596 0.01174109028316409 0
4181 0.09557278534587525 0.01173799332593699 0
4182 0.1005737478702211 0.01235969484762445 0
4183 0.09557177527212196 0.01174932815472643 0
4184 0.09557214232035899 0.01174520921894526 0
4185 0.1005728540172841 0.01236962754223338 0
4186 0.09557079892221193 0.01176028454185428 0
4187 0.09557128709716695 0.01175480634829036 0
4188 0.1005716651917408 0.01238283803869877 0
4189 0.09556950037625533 0.01177485654320166 0
4190 0.09557014964923363 0.01176757054252797 0
4191 0.1005700840533827 0.01240040800328173 0
4192 0.09556777330997157 0.01179423730680486 0
4193 0.09556863684311345 0.01178454692500326 0
4194 0.1005679811405598 0.01242377604291621 0
4195 0.09556547631425917 0.01182001369496023 0
4196 0.09556662481211538 0.01180712550088255 0
4197 0.1005651842675942 0.01245485552352972 0
4198 0.09556242130960041 0.01185429629526066 0
4199 0.09556394881192978 0.01183715499511044 0
4200 0.100561464423491 0.01249619126673871 0
4201 0.0955583581479118 0.01189989221529565 0
4202 0.09556038972875611 0.01187709425527815 0
4203 0.1005565170287799 0.01255116782802874 0
4204 0.09555295414442841 0.01196053477140886 0
4205 0.09555565614617012 0.01193021349335225 0
4206 0.100549936994266 0.0126242866495237 0
4207 0.09554576681909764 0.01204118937887044 0
4208 0.09554936048176303 0.01200086207513965 0
4209 0.1005411855471905 0.01272153469513622 0
4210 0.09553620767486273 0.01214846002413177 0
4211 0.09554098724698019 0.0120948247015011 0
4212 0.1005295461206584 0.01285087461715336 0
4213 0.09552349401089832 0.01229113000625414 0
4214 0.09552985084288051 0.01221979501519295 0
4215 0.100514065683515 0.01302289671183418 0
4216 0.09550658484023347 0.01248088105545637 0
4217 0.09551503942556588 0.01238600553085525 0
4218 0.1004934767011374 0.01325168610861402 0
4219 0.09548409563897226 0.01273324999889118 0
4220 0.09549534023960285 0.01260706552717377 0
4221 0.1004660933488839 0.01355597606957558 0
4222 0.0954541849946809 0.01306890076787906 0
4223 0.09546914031682657 0.01290107538338512 0
4224 0.1004296734860004 0.013960681766395 0
4225 0.09541440383599403 0.01351531631060119 0
4226 0.09543429441533746 0.01329210853924013 0
4227 0.100381235063378 0.01449894039858608 0
4228 0.09536149488717614 0.01410904906955118 0
4229 0.09538794936158509 0.01381218269007618 0
4230 0.1003168119547778 0.0152148244517669 0
4231 0.09529112598055092 0.01489871369166881 0
4232 0.09532631043386355 0.01450388138060999 0
4233 0.1002311292153048 0.01616695029844587 0
4234 0.09519753532980224 0.01594896769448774 0
4235 0.09524433065517658 0.01542384069307827 0
4236 0.1001171711629332 0.01743327777312059 0
4237 0.09507305975226574 0.01734580565335618 0
4238 0.09513529754103398 0.01664738667392196 0
4239 0.09996560693740897 0.01911749349078953 0
4240 0.09490750721581458 0.0192036003443194 0
4241 0.09499028348404018 0.01827470299883779 0
4242 0.09976402649776453 0.02135750061416887 0
4243 0.09468732232297022 0.02167446750060232 0
4244 0.09479741476939241 0.02043903392246086 0
4245 0.09949592448502652 0.02433671039952691 0
4246 0.09439447638125087 0.02496072120265238 0
4247 0.09454089935211055 0.02331759435162736 0
4248 0.09913934877143532 0.02829905982131252 0
4249 0.09419973381206109 0.0271460801159197 0
4250 0.1116780488735949 0.01371582464467574 0
4251 0.106125932127292 0.01303735108710496 0
4252 0.1061262344071398 0.01303402564718136 0
4253 0.1116773123233522 0.01372385295956345 0
4254 0.1061251280662812 0.01304619672008294 0
4255 0.1061255300967866 0.01304177390359395 0
4256 0.1116763327123822 0.01373453060906744 0
4257 0.106124058663385 0.01305796143121788 0
4258 0.1061245933648331 0.01305207907565041 0
4259 0.1116750298285459 0.01374873189649093 0
4260 0.1061226363569017 0.01307360850397181 0
4261 0.1061233475101433 0.01306578496759485 0
4262 0.1116732969926212 0.01376761961336946 0
4263 0.1061207446891022 0.01309441911267937 0
4264 0.106121690523002 0.01308401380832559 0
4265 0.1116709923221492 0.01379274026256248 0
4266 0.1061182287736068 0.01312209719279932 0
4267 0.1061194867313545 0.01310825815273935 0
4268 0.1116679271116148 0.01382615071298133 0
4269 0.1061148826056023 0.01315890904371173 0
4270 0.1061165556896045 0.01314050311825552 0
4271 0.1116638503782515 0.01387058664858089 0
4272 0.1061104321961402 0.01320786887160789 0
4273 0.1061126574008712 0.0131833889576598 0
4274 0.1116584283206274 0.01392968646746205 0
4275 0.1061045131532671 0.01327298542388291 0
4276 0.1061074726747037 0.0132404271477454 0
4277 0.1116512169844827 0.01400828922117665 0
4278 0.1060966408254816 0.01335959044681744 0
4279 0.1061005769893744 0.01331628793535018 0
4280 0.1116416259061257 0.01411283089761811 0
4281 0.1060861706278345 0.01347477514593689 0
4282 0.1060914057266581 0.01341718279637717 0
4283 0.1116288697698049 0.01425187135023918 0
4284 0.1060722452626288 0.01362797082145565 0
4285 0.1060792079452317 0.01355137298369627 0
4286 0.1116119041086563 0.01443679515050308 0
4287 0.1060537245295425 0.01383172104088161 0
4288 0.1060629848960856 0.01372984593116863 0
4289 0.1115893397782581 0.01468274381652249 0
4290 0.1060290919498531 0.01410270888425491 0
4291 0.1060414082396978 0.01396721496256826 0
4292 0.111559329212591 0.01500985561031603 0
4293 0.1059963306116219 0.0144631227956367 0
4294 0.1060127112807375 0.0142829158399458 0
4295 0.1115194151554468 0.01544491434845756 0
4296 0.1059527580298254 0.01494247331921586 0
4297 0.1059745443207236 0.01470279805742628 0
4298 0.1114663294539791 0.01602354252976362 0
4299 0.1058948064875317 0.01558000960913384 0
4300 0.1059237822586785 0.01526124146417485 0
4301 0.1113957254638899 0.01679311808869489 0
4302 0.105817730931136 0.01642793293132795 0
4303 0.1058562687093339 0.0160039712702309 0
4304 0.1113018221515534 0.01781665364221813 0
4305 0.1057152204357221 0.01755567100933605 0
4306 0.1057664756834291 0.016991801970332 0
4307 0.1111769307364221 0.01917795603439013 0
4308 0.1055788814636332 0.01905556279817467 0
4309 0.1056470509496777 0.01830561690375536 0
4310 0.1110108251369049 0.02098848840555687 0
4311 0.1053975506106807 0.02105041909817173 0
4312 0.105488216037157 0.0200529909481732 0
4313 0.1107899046679601 0.02339649669450437 0
4314 0.1051563805550439 0.02370357821050151 0
4315 0.1052769655828623 0.02237699865433662 0
4316 0.110496080413565 0.02659914805341292 0
4317 0.1048356243435477 0.02723228024243831 0
4318 0.1049960024492958 0.02546792922646991 0
4319 0.1101052941150538 0.03085867479856523 0
4320 0.1046223214432437 0.02957886730993865 0
4321 0.1240030772378731 0.01522941844966096 0
4322 0.1178402315800354 0.01447620060288925 0
4323 0.1178405630557338 0.01447262154716833 0
4324 0.1240022691150701 0.01523806849437518 0
4325 0.1178393498583869 0.01448572085104939 0
4326 0.1178397907192111 0.01448096072696932 0
4327 0.124001194312678 0.01524957304382848 0
4328 0.1178381771666733 0.01449838280184654 0
4329 0.1178387635125301 0.01449205182644796 0
4330 0.1239997648241292 0.01526487410923645 0
4331 0.1178366174860019 0.01451522320388084 0
4332 0.1178373973263376 0.01450680300286369 0
4333 0.1239978636038958 0.01528522453119099 0
4334 0.1178345431105151 0.01453762094067961 0
4335 0.1178355802982585 0.01452642207228022 0
4336 0.1239953349824202 0.01531229057703113 0
4337 0.1178317841940543 0.01456740989891401 0
4338 0.1178331636522847 0.01455251541979681 0
4339 0.1239919719171671 0.01534828840398329 0
4340 0.1178281148347275 0.0146070292180506 0
4341 0.1178299495143909 0.0145872195584823 0
4342 0.123987499036702 0.0153961655532021 0
4343 0.1178232345802259 0.01465972298373239 0
4344 0.1178256747074767 0.0146333761008915 0
4345 0.123981550103214 0.0154598421880968 0
4346 0.1178167438436155 0.01472980567182646 0
4347 0.1178199892119207 0.01469476432777943 0
4348 0.1239736380222183 0.01554453210669142 0
4349 0.1178081111630854 0.01482301565604161 0
4350 0.1178124275033505 0.01477641066393404 0
4351 0.1239631149530845 0.01565716971350756 0
4352 0.1177966296961248 0.01494698495508407 0
4353 0.1178023704296051 0.01488500030556284 0
4354 0.1239491192688262 0.01580697775530458 0
4355 0.1177813593425063 0.0151118641504597 0
4356 0.1177889945193156 0.01502942455277188 0
4357 0.123930505008936 0.01600622244903913 0
4358 0.1177610497750859 0.01533115344908251 0
4359 0.1177712045587961 0.0152215087997711 0
4360 0.1239057480421074 0.01627121790427812 0
4361 0.1177340380452796 0.01562280827171809 0
4362 0.1177475439101827 0.0154769808604003 0
4363 0.1238728212693818 0.01662366193299882 0
4364 0.1176981124366933 0.01601070927159675 0
4365 0.1177160752409864 0.01581675877165742 0
4366 0.1238290286563827 0.01709241254765113 0
4367 0.1176503313751362 0.01652661762451194 0
4368 0.1176742219059148 0.01626866344805434 0
4369 0.1237707844750968 0.01771585092933039 0
4370 0.1175867825539396 0.01721277583458207 0
4371 0.1176185569645379 0.016869696729547 0
4372 0.1236933197061558 0.01854502406078255 0
4373 0.1175022626161061 0.01812536631489537 0
4374 0.1175445225850228 0.01766907107473872 0
4375 0.1235902915574102 0.0196478243904163 0
4376 0.1173898510928575 0.01933911171773905 0
4377 0.1174460568544818 0.01873223901631721 0
4378 0.1234532641089101 0.02111454894302308 0
4379 0.1172403437524747 0.02095339325967415 0
4380 0.1173150974226661 0.0201462524887066 0
4381 0.1232710175833222 0.02306529280224939 0
4382 0.1170414989677524 0.02310038794813211 0
4383 0.1171409213601136 0.02202689060390314 0
4384 0.1230286296806056 0.02565978238853798 0
4385 0.1167770353808133 0.02595589113491024 0
4386 0.1169092671742828 0.02452813954152117 0
4387 0.1227062537363112 0.02911045389882297 0
4388 0.116425298769063 0.02975371081732564 0
4389 0.1166011670749381 0.02785480097611794 0
4390 0.1222774936863307 0.03369984747921038 0
4391 0.1161913939006924 0.03227926113888786 0
4392 0.1376838588039848 0.01690950758323575 0
4393 0.1308431041378351 0.01607332358570781 0
4394 0.1308434680209301 0.0160694630164485 0
4395 0.1376829712356429 0.01691884774806236 0
4396 0.130842136212878 0.01608359265672973 0
4397 0.1308426201753565 0.01607845812121877 0
4398 0.137681790770776 0.01693127015646596 0
4399 0.130840848870576 0.01609725054356471 0
4400 0.130841492541727 0.01609042160014722 0
4401 0.1376802207510013 0.01694779197544547 0
4402 0.1308391367045545 0.0161154155411172 0
4403 0.1308399927875653 0.01610633304234096 0
4404 0.1376781326241918 0.01696976600004603 0
4405 0.1308368595235331 0.01613957499011981 0
4406 0.1308379981140438 0.0161274952656185 0
4407 0.1376753554171112 0.01699899143617997 0
4408 0.1308338308759983 0.0161717070230913 0
4409 0.1308353451997657 0.01615564100660555 0
4410 0.1376716617331321 0.01703786125110471 0
4411 0.1308298027743008 0.0162144426319967 0
4412 0.1308318168251495 0.016193074827544 0
4413 0.1376667491293999 0.01708955814746828 0
4414 0.1308244453918011 0.01627128106867368 0
4415 0.130827124083051 0.01624286185033519 0
4416 0.1376602153637237 0.01715831504817445 0
4417 0.1308173200751366 0.01634687616759757 0
4418 0.1308208827334689 0.01630907861813562 0
4419 0.1376515254559711 0.01724976171983436 0
4420 0.1308078434030528 0.01644741765892821 0
4421 0.1308125817390947 0.01639714691326289 0
4422 0.1376399678771124 0.01737138580943089 0
4423 0.1307952394271441 0.01658113786401024 0
4424 0.1308015414150984 0.01651427776146923 0
4425 0.1376245962946925 0.01753314587529894 0
4426 0.1307784761363746 0.01675898576659329 0
4427 0.1307868577817594 0.01667006181530176 0
4428 0.1376041520902644 0.01774828676089994 0
4429 0.1307561809628258 0.01699552344334578 0
4430 0.1307673285496002 0.01687725460496953 0
4431 0.1375769612970852 0.01803442415232433 0
4432 0.1307265283763667 0.01731011861325665 0
4433 0.1307413546695963 0.01715282102830122 0
4434 0.1375407975346403 0.0184149869620159 0
4435 0.1306870904276554 0.01772853028175806 0
4436 0.1307068094020111 0.01751932444750736 0
4437 0.137492699724796 0.01892113555986349 0
4438 0.1306346379535233 0.01828501782575657 0
4439 0.1306608641905893 0.01800677405375731 0
4440 0.1374287296311165 0.0195943132643138 0
4441 0.13056487615269 0.01902514636788763 0
4442 0.1305997570531066 0.0186550820968221 0
4443 0.1373436493979223 0.02048963970173872 0
4444 0.1304720929513881 0.02000951739463364 0
4445 0.1305184845520391 0.01951733188126063 0
4446 0.1372304926811247 0.02168042393348631 0
4447 0.1303486912871468 0.02131873092926897 0
4448 0.1304103921192675 0.02066412416195131 0
4449 0.1370799942360666 0.02326416708501516 0
4450 0.1301845670578299 0.02305998509876927 0
4451 0.1302666291724884 0.02218935801401912 0
4452 0.1368798312831806 0.0253705456971041 0
4453 0.1299662818086729 0.02537585340058422 0
4454 0.1300754244332514 0.02421791924967674 0
4455 0.1366136145298291 0.02817202952492624 0
4456 0.1296759624017618 0.02845595851288 0
4457 0.1298211221052174 0.02691590595673211 0
4458 0.1362595462108791 0.03189800340521404 0
4459 0.1292898375454285 0.032552498791157 0
4460 0.1294828999735951 0.0305042286520185 0
4461 0.1357886352982743 0.03685354917533911 0
4462 0.1290330644923015 0.03527669832727449 0
4463 0.1528695259842651 0.01877440647752611 0
4464 0.1452762925388226 0.01784613007966517 0
4465 0.1452766923941219 0.01784195703038055 0
4466 0.1528685502313735 0.0187845126756585 0
4467 0.1452752289281938 0.01785723034405568 0
4468 0.1452757607335082 0.01785168021186043 0
4469 0.1528672524811576 0.01879795390747174 0
4470 0.1452738143237398 0.01787199371988201 0
4471 0.1452745216259668 0.01786461203196885 0
4472 0.1528655264717194 0.01881583076288211 0
4473 0.1452719328989809 0.01789162901844556 0
4474 0.1452728736113603 0.01788181136916379 0
4475 0.152863230878607 0.01883960698637515 0
4476 0.1452694306038179 0.01791774396797561 0
4477 0.1452706817513994 0.01790468649321059 0
4478 0.1528601777415001 0.01887122934567588 0
4479 0.1452661025547934 0.01795247681388024 0
4480 0.1452677665793056 0.01793511039092793 0
4481 0.1528561170707288 0.01891328706717128 0
4482 0.1452616762490675 0.01799867150439576 0
4483 0.1452638894019304 0.017975574159138 0
4484 0.1528507163741617 0.01896922388276061 0
4485 0.1452557892544941 0.01806011052583314 0
4486 0.1452587327517808 0.01802939101511444 0
4487 0.1528435334447456 0.01904361987837796 0
4488 0.1452479595539752 0.01814182440071927 0
4489 0.1452518744042347 0.0181009674632762 0
4490 0.1528339801492782 0.01914256654575473 0
4491 0.1452375460512741 0.01825050386486982 0
4492 0.1452427528026247 0.01819616413279455 0
4493 0.1528212742646049 0.0192741656309906 0
4494 0.1452236960904431 0.01839504757555166 0
4495 0.1452306210708586 0.01832277572021074 0
4496 0.1528043754351996 0.01944919244324918 0
4497 0.145205275639449 0.01858729074299646 0
4498 0.1452144858649461 0.01849116915927406 0
4499 0.1527818999922999 0.01968197810138524 0
4500 0.1451807764431154 0.01884297411928873 0
4501 0.1451930260412822 0.01871513243114259 0
4502 0.1527520076518251 0.01999158304139462 0
4503 0.1451481925057949 0.01918303307443021 0
4504 0.1451644844744551 0.01901300359685947 0
4505 0.1527122508307305 0.0204033576971914 0
4506 0.1451048558595759 0.01963531158477708 0
4507 0.1451265241826854 0.01940917232960365 0
4508 0.1526593742523065 0.02095101805535836 0
4509 0.1450472181175266 0.02023684203044477 0
4510 0.1450760369885512 0.01993607680761093 0
4511 0.1525890483957615 0.02167940640671813 0
4512 0.1449705599093514 0.02103687764058717 0
4513 0.145008889013439 0.02063685983551597 0
4514 0.1524955149971017 0.02264816301195546 0
4515 0.1448686044856725 0.02210092507310701 0
4516 0.144919582197512 0.02156890135684709 0
4517 0.1523711155695741 0.02393660937263238 0
4518 0.1447330037650263 0.02351610823301168 0
4519 0.1448008041253494 0.02280851665305934 0
4520 0.1522056643180811 0.02565024316575008 0
4521 0.1445526547891214 0.02539830201775356 0
4522 0.1446428292770738 0.02445720512538262 0
4523 0.1519856141305542 0.02792937634924101 0
4524 0.1443127906246135 0.02790162002859154 0
4525 0.1444327227068674 0.02664996102317255 0
4526 0.1516929473525459 0.03096062377947895 0
4527 0.1439937712577615 0.03123103327581364 0
4528 0.1441532809411875 0.02956632665220259 0
4529 0.1513037004971269 0.03499218328290693 0
4530 0.1435694754502444 0.03565915341230733 0
4531 0.143781623354003 0.03344509334406048 0
4532 0.1507860021262094 0.04035415797358208 0
4533 0.1432873187122416 0.03860385357446054 0
4534 0.1697256163669468 0.02084444422717096 0
4535 0.1612971313911526 0.01981394525445429 0
4536 0.1612975711756026 0.01980942535234811 0
4537 0.1697245427292081 0.02085540072226382 0
4538 0.161295961569429 0.01982596814346803 0
4539 0.1612965464802908 0.01981995669896116 0
4540 0.1697231147922589 0.02086997284804987 0
4541 0.1612944057039875 0.01984195861205358 0
4542 0.1612951836367082 0.0198339633777608 0
4543 0.1697212156343 0.0208893537938827 0
4544 0.1612923364020319 0.01986322594471122 0
4545 0.1612933710530097 0.0198525922783824 0
4546 0.1697186897535987 0.02091513045812535 0
4547 0.1612895842301739 0.01989151149978927 0
4548 0.1612909603161028 0.01987736872225025 0
4549 0.1697153303341725 0.02094941340211326 0
4550 0.1612859238454987 0.01992913124799986 0
4551 0.1612877540378363 0.01991032137389457 0
4552 0.1697108623080751 0.02099500969986491 0
4553 0.1612810555333052 0.01997916551903633 0
4554 0.1612834896894019 0.0199541483835181 0
4555 0.1697049198284787 0.02105565282574533 0
4556 0.1612745806693351 0.02004571118946961 0
4557 0.1612778181013202 0.02001243835425297 0
4558 0.1696970163273345 0.02113630821664828 0
4559 0.1612659691027449 0.02013421690555662 0
4560 0.1612702748860401 0.02008996404751312 0
4561 0.1696865046715346 0.02124357987918326 0
4562 0.1612545157180679 0.02025192951938137 0
4563 0.1612602424104064 0.02019307321246899 0
4564 0.1696725241674484 0.02138625120946241 0
4565 0.1612392827139854 0.02040848732107164 0
4566 0.1612468992160266 0.0203302084202265 0
4567 0.169653930093944 0.02157600411005965 0
4568 0.1612190228151583 0.02061670923223719 0
4569 0.1612291527645718 0.02051259827665441 0
4570 0.1696291999764135 0.02182837546550375 0
4571 0.1611920771535552 0.0208936443346518 0
4572 0.1612055499843567 0.0207551767834445 0
4573 0.1695963089185375 0.02216402938416863 0
4574 0.1611562394168075 0.02126196809091144 0
4575 0.1611741582851813 0.02107780621278162 0
4576 0.1695525638024703 0.02261044918877798 0
4577 0.1611085752163934 0.02175183879505795 0
4578 0.1611324073166004 0.02150690344298469 0
4579 0.1694943827910939 0.02320418760041506 0
4580 0.161045181827007 0.02240336686071548 0
4581 0.1610768785217002 0.02207760282788671 0
4582 0.1694170020379959 0.02399385976920009 0
4583 0.1609608686067504 0.02326989931520275 0
4584 0.1610030252168787 0.02283663308795911 0
4585 0.169314085625972 0.02504412385985238 0
4586 0.1608487320163233 0.0244223875566051 0
4587 0.1609048003115369 0.02384614343590392 0
4588 0.169177206789937 0.02644097518250125 0
4589 0.1606995903431878 0.02595519699852854 0
4590 0.1607741611797556 0.02518879227756681 0
4591 0.1689951579238368 0.02829878758626689 0
4592 0.16050123189873 0.02799383375348843 0
4593 0.1606004111209589 0.02697451537600848 0
4594 0.1687530329065709 0.03076967834199822 0
4595 0.1602374151383951 0.0307052209377508 0
4596 0.1603693235185626 0.02934952734561962 0
4597 0.1684310066021409 0.03405596336823664 0
4598 0.1598865388162916 0.0343113662099648 0
4599 0.1600619769773434 0.0325082935738578 0
4600 0.1680027115725013 0.03842672290978441 0
4601 0.1594198732533365 0.03910753998272654 0
4602 0.1596532060348141 0.03670945309634567 0
4603 0.1674330791245326 0.04423983369752763 0
4604 0.1591095406253715 0.04229699583555499 0
4605 0.1884358767651562 0.02314218613829476 0
4606 0.1790802624602412 0.02199822009146939 0
4607 0.1790807465660487 0.02199331518273252 0
4608 0.188434694475237 0.02315408646301749 0
4609 0.1790789747442039 0.02201126709381192 0
4610 0.1790796186022225 0.02200474359264065 0
4611 0.1884331220310135 0.02316991388111832 0
4612 0.1790772620790685 0.02202861963535627 0
4613 0.1790781184116362 0.02201994336458409 0
4614 0.1884310306781959 0.02319096436732668 0
4615 0.1790749842334274 0.0220516985258531 0
4616 0.179076123156248 0.02204015908060469 0
4617 0.1884282491782703 0.0232189615208102 0
4618 0.1790719546984417 0.02208239345308245 0
4619 0.1790734694659345 0.02206704598946778 0
4620 0.1884245497854686 0.02325619771381256 0
4621 0.1790679254211994 0.02212321766284337 0
4622 0.1790699400598205 0.02210280555796291 0
4623 0.1884196295949581 0.02330572183122418 0
4624 0.1790625664818337 0.02217751386824572 0
4625 0.1790652459515166 0.02215036576554455 0
4626 0.1884130857361976 0.02337158896154842 0
4627 0.1790554390828425 0.02224972791904803 0
4628 0.1790590027823381 0.02221362089364688 0
4629 0.188404382400433 0.02345919228124587 0
4630 0.179045959644925 0.02234577257884612 0
4631 0.1790506993638838 0.02229775024894708 0
4632 0.1883928069646611 0.02357570468844301 0
4633 0.1790333519912707 0.02247351198878016 0
4634 0.1790396558180979 0.02240964228381314 0
4635 0.1883774116330225 0.02373066621076885 0
4636 0.1790165838092002 0.0226434054314511 0
4637 0.1790249679002354 0.02255845871011563 0
4638 0.1883569358385629 0.02393676506948671 0
4639 0.1789942821233067 0.02286936374809526 0
4640 0.1790054329662535 0.02275638458977318 0
4641 0.1883297030321852 0.02421087654902878 0
4642 0.178964620885292 0.02316988826643727 0
4643 0.1789794515042994 0.02301962600726627 0
4644 0.1882934833979846 0.0245754448341157 0
4645 0.1789251714312301 0.02356958595184705 0
4646 0.1789448961582611 0.02336973710914216 0
4647 0.1882453112744856 0.02506032075405919 0
4648 0.1788727036457258 0.02410118399099013 0
4649 0.178898937538478 0.02383538497141859 0
4650 0.1881812423425157 0.02570520580525052 0
4651 0.1788029214878838 0.02480820941467545 0
4652 0.1788378125668048 0.02445469670283279 0
4653 0.1880960306542221 0.02656290301164681 0
4654 0.1787101112043342 0.02574855336617145 0
4655 0.178756516346109 0.02527838139042345 0
4656 0.1879826990973352 0.02770364041146776 0
4657 0.178586673518973 0.02699921090514868 0
4658 0.1786483923616536 0.02637388213566007 0
4659 0.1878319681178184 0.02922082124238173 0
4660 0.1784225013887824 0.0286625855197343 0
4661 0.1785045874538777 0.02783089821244149 0
4662 0.187631495899453 0.03123867190459997 0
4663 0.1782041524345074 0.03087487397113255 0
4664 0.1783133269116449 0.02976872974543343 0
4665 0.1873648678211088 0.03392241356636051 0
4666 0.1779137482931723 0.03381721793722617 0
4667 0.1780589503638399 0.03234604595417936 0
4668 0.1870102524422602 0.03749179032527987 0
4669 0.1775275107512287 0.03773053575629034 0
4670 0.1777206295222006 0.03577387684675826 0
4671 0.1865386139391155 0.0422390619106307 0
4672 0.177013814760388 0.04293524906412477 0
4673 0.1772706627558084 0.04033289241020756 0
4674 0.1859113346654598 0.04855293376810131 0
4675 0.1766722068949961 0.04639638373281445 0
4676 0.2092042660009084 0.02569267968343487 0
4677 0.1988195380805161 0.02442276517696457 0
4678 0.1988200713830332 0.02441743291086492 0
4679 0.2092029631070708 0.0257056276590573 0
4680 0.1988181195017917 0.02443694894511022 0
4681 0.1988188287911539 0.0244298570610374 0
4682 0.2092012302597756 0.02572284845164157 0
4683 0.1988162327889973 0.02445581338764967 0
4684 0.1988171761453945 0.02444638116637995 0
4685 0.2091989255706685 0.02574575212768544 0
4686 0.1988137234598671 0.02448090310736244 0
4687 0.1988149781244322 0.02446835824750606 0
4688 0.2091958603334086 0.02577621402425115 0
4689 0.1988103860518119 0.02451427243769891 0
4690 0.1988120547558395 0.02449758777253068 0
4691 0.2091917835701665 0.02581672832369256 0
4692 0.1988059473038232 0.0245586535998062 0
4693 0.1988081666778175 0.02453646301875256 0
4694 0.2091863614771655 0.02587061232097067 0
4695 0.1988000437683003 0.02461768055238864 0
4696 0.1988029955360618 0.02458816707609742 0
4697 0.2091791500875437 0.02594227809628594 0
4698 0.198792192055441 0.02469618650544571 0
4699 0.1987961179118707 0.02465693352891718 0
4700 0.2091695589353654 0.02603759361702299 0
4701 0.1987817492803574 0.02480059939282315 0
4702 0.1987869706678992 0.02474839294913442 0
4703 0.209156802703844 0.02616436325089846 0
4704 0.1987678603881477 0.02493946854651833 0
4705 0.1987748048342525 0.02487003396967073 0
4706 0.2091398369136485 0.02633296688653351 0
4707 0.1987493881585233 0.02512416455078403 0
4708 0.1987586242733355 0.02503181654865118 0
4709 0.2091172724089632 0.02655720975894801 0
4710 0.1987248200890029 0.02536981027765068 0
4711 0.1987371041237631 0.02524698741421736 0
4712 0.2090872616180113 0.02685545277648188 0
4713 0.1986921445611937 0.02569651904785997 0
4714 0.1987084823250983 0.02553316466275533 0
4715 0.2090473472641517 0.02725211600862053 0
4716 0.1986486861009426 0.02613104179487625 0
4717 0.1986704153310682 0.02591378042136811 0
4718 0.2089942611624848 0.0277796782170149 0
4719 0.1985908863360278 0.02670895717619784 0
4720 0.1986197862184852 0.02641999948553705 0
4721 0.2089236566387647 0.02848133603868328 0
4722 0.1985140126452526 0.02747758466773596 0
4723 0.1985524494906402 0.0270932709219669 0
4724 0.2088297526125481 0.02941454103758863 0
4725 0.1984117706215176 0.02849985938149948 0
4726 0.1984628916333851 0.02798872202461772 0
4727 0.2087048602450551 0.03065570381159833 0
4728 0.1982757887208727 0.02985948484156661 0
4729 0.1983437796711951 0.02917967211153304 0
4730 0.2085387533865287 0.03230645039803191 0
4731 0.1980949327834743 0.03166778679884703 0
4732 0.1981853607521735 0.03076363582020682 0
4733 0.2083178312474882 0.03450194352892183 0
4734 0.1978543943634669 0.03407282863467476 0
4735 0.1979746635734706 0.03287030771676089 0
4736 0.2080240047717984 0.03742194969875458 0
4737 0.1975344782294404 0.03727153463044033 0
4738 0.1976944362964536 0.03567218163255755 0
4739 0.2076332155209454 0.04130555828411487 0
4740 0.1971089897337652 0.04152581397895441 0
4741 0.1973217339816028 0.03939867430469737 0
4742 0.2071134657630081 0.0464707582422967 0
4743 0.1965430899683584 0.04718400617397299 0
4744 0.1968260398510618 0.0443549100764637 0
4745 0.2064221985139016 0.05334047489276346 0
4746 0.1961667665896827 0.0509467043304329 0
4747 0.2322571779907449 0.02852372751094465 0
4748 0.2207301340849661 0.02711401022996397 0
4749 0.2207307219958284 0.02710820359718998 0
4750 0.2322557412265522 0.02853783837906111 0
4751 0.2207285702486569 0.02712945580815444 0
4752 0.2207293521668114 0.02712173301905921 0
4753 0.2322538303318395 0.02855660581731582 0
4754 0.2207264903429582 0.02714999846080295 0
4755 0.2207275302958075 0.02713972713447869 0
4756 0.2322512888394408 0.02858156653406888 0
4757 0.2207237240671511 0.02717732020095136 0
4758 0.2207251072050546 0.02716365933087716 0
4759 0.2322479086537263 0.02861476429544489 0
4760 0.2207200449199839 0.02721365811874468 0
4761 0.2207218844935675 0.02719548915984802 0
4762 0.2322434130092773 0.02865891729301911 0
4763 0.2207151516594599 0.027261987497967 0
4764 0.2207175982897219 0.02723782280835584 0
4765 0.232237433804488 0.0287176407569297 0
4766 0.2207086436221936 0.02732626557993337 0
4767 0.2207118976408267 0.02729412653895018 0
4768 0.2322294814555785 0.02879574302815929 0
4769 0.2206999879209287 0.02741175554451186 0
4770 0.2207043157715611 0.02736901056222261 0
4771 0.2322189048271383 0.02889961909201609 0
4772 0.2206884758415749 0.02752545716452721 0
4773 0.2206942318812518 0.02746860635451954 0
4774 0.2322048379122788 0.02903777424745902 0
4775 0.2206731647745478 0.02767668033383027 0
4776 0.2206808203080614 0.02760106874917874 0
4777 0.2321861289130099 0.02922152062880681 0
4778 0.2206528010521105 0.02787780718151005 0
4779 0.2206629829133292 0.02777724375767016 0
4780 0.2321612459398745 0.02946590335634412 0
4781 0.2206257172967271 0.02814530593378207 0
4782 0.2206392591744188 0.02801155655764606 0
4783 0.2321281515859125 0.02979093238094188 0
4784 0.2205896959071967 0.02850107922364168 0
4785 0.2206077066019619 0.02832319257871188 0
4786 0.2320841360930549 0.03022322100416565 0
4787 0.2205417874500099 0.0289742577891445 0
4788 0.2205657416786033 0.02873766850639309 0
4789 0.232025595475387 0.03079816499255119 0
4790 0.2204780691878619 0.0296035854204216 0
4791 0.2205099283189359 0.02928892160478305 0
4792 0.2319477364445118 0.03156284058919736 0
4793 0.2203933238954145 0.03044059120745905 0
4794 0.2204356965416382 0.03002208831394032 0
4795 0.2318441839227856 0.03257985923745293 0
4796 0.2202806126399192 0.03155380906758251 0
4797 0.2203369682676669 0.03099720013752078 0
4798 0.2317064590549675 0.03393249417636682 0
4799 0.2201307066601035 0.03303438892038264 0
4800 0.2202056596500113 0.03229409899398258 0
4801 0.2315232849700059 0.03573149875083488 0
4802 0.2199313316964311 0.03500356022848414 0
4803 0.2200310191782673 0.03401897457443339 0
4804 0.2312796634180395 0.03812417502116263 0
4805 0.2196661629690966 0.03762255832160032 0
4806 0.2197987473327638 0.03631305927504223 0
4807 0.2309556467199967 0.04130643479390785 0
4808 0.2193134885226986 0.04110582617106212 0
4809 0.2194898257458976 0.03936419224633121 0
4810 0.2305247044694909 0.04553884070522415 0
4811 0.2188444314677377 0.0457385728182769 0
4812 0.2190789599952181 0.04342219949466952 0
4813 0.2299515512164358 0.05116794115539515 0
4814 0.2182205855117063 0.05190012657941494 0
4815 0.218532508489722 0.04881934969884592 0
4816 0.2291892573115224 0.05865464552362284 0
4817 0.2178057279127127 0.05599756020819333 0
4818 0.2578459102431929 0.03166619059257032 0
4819 0.2450508955908456 0.03010129223153891 0
4820 0.2450515441169554 0.03009495905175583 0
4821 0.2578443248829096 0.03168159227135316 0
4822 0.2450491705186161 0.03011813841887536 0
4823 0.2450500330547309 0.03010971532520713 0
4824 0.2578422163555686 0.03170207648629941 0
4825 0.2450468761687919 0.03014054388473987 0
4826 0.245048023343704 0.03012934115180761 0
4827 0.2578394120115227 0.03172932051823615 0
4828 0.2450438246821716 0.03017034316756516 0
4829 0.2450453504254818 0.03015544352615251 0
4830 0.2578356822330326 0.03176555508954693 0
4831 0.2450397662045874 0.03020997621742665 0
4832 0.2450417954433795 0.03019015969249591 0
4833 0.2578307216304557 0.03181374704204236 0
4834 0.2450343684351457 0.03026268811763482 0
4835 0.2450370673198665 0.03023633216753074 0
4836 0.257824124031597 0.0318778423139067 0
4837 0.2450271894009393 0.03033279495320158 0
4838 0.2450307789180425 0.0302977415354182 0
4839 0.2578153492178988 0.0319630890955902 0
4840 0.245017641272538 0.03042603717054791 0
4841 0.2450224153367387 0.03037941606187475 0
4842 0.2578036787108353 0.03207646736229527 0
4843 0.2450049422654357 0.03055004928376345 0
4844 0.2450112917689868 0.03048804322715568 0
4845 0.2577881569375069 0.03222726044665861 0
4846 0.24498805258435 0.03071498541035418 0
4847 0.2449964974248928 0.03063251734705881 0
4848 0.2577675129762155 0.03242781527572165 0
4849 0.2449655893048754 0.03093435049417428 0
4850 0.2449768209446127 0.03082466795226423 0
4851 0.2577400565031649 0.03269455324241084 0
4852 0.244935713138164 0.03122610610458067 0
4853 0.2449506512215197 0.03108022829937748 0
4854 0.2577035393943476 0.03304931473480371 0
4855 0.2448959778420962 0.03161414101116491 0
4856 0.2449158454901301 0.03142012355787279 0
4857 0.2576549716373168 0.03352114754207101 0
4858 0.2448431298882754 0.03213022753507175 0
4859 0.2448695538651858 0.03187218427311833 0
4860 0.25759037650704 0.03414868530616572 0
4861 0.2447728420941515 0.03281662276364516 0
4862 0.2448079859912135 0.03247342514935846 0
4863 0.2575044649734251 0.03498331063292946 0
4864 0.2446793593237853 0.03372952845848165 0
4865 0.2447261007089684 0.03327307561106341 0
4866 0.2573902026219524 0.03609336243182044 0
4867 0.2445550272209527 0.03494369321079172 0
4868 0.244617193272369 0.03433661083463668 0
4869 0.2572382336791317 0.03756973147358734 0
4870 0.2443896655131466 0.03655853243916246 0
4871 0.2444723463670496 0.03575111282497709 0
4872 0.2570361149733032 0.03953330241452012 0
4873 0.2441697344301626 0.03870626872619254 0
4874 0.2442796999716546 0.0376324005826775 0
4875 0.2567672970736221 0.04214485196928666 0
4876 0.243877226061499 0.04156275826425675 0
4877 0.2440234802458308 0.04013451349522464 0
4878 0.2564097692296102 0.04561821324081624 0
4879 0.2434881898881079 0.04536188977046734 0
4880 0.2436827079748035 0.04346232401736205 0
4881 0.2559342571506101 0.05023778418334721 0
4882 0.2429707717319931 0.05041473511810401 0
4883 0.2432294808100505 0.04788831244428568 0
4884 0.2553018260194645 0.05638181417883281 0
4885 0.2422826055039073 0.05713502021612395 0
4886 0.2426266886179502 0.05377487766711397 0
4887 0.2544606925285873 0.06455337491271998 0
4888 0.2418249749200716 0.06160401021817559 0
4889 0.2862494030509337 0.03515432461409876 0
4890 0.2720469408379992 0.03341717525029363 0
4891 0.2720476566470559 0.03341025760333363 0
4892 0.28624765274899 0.03517115909272168 0
4893 0.2720450367939004 0.0334355761137812 0
4894 0.2720459888159498 0.03342637568203742 0
4895 0.2862453248494317 0.03519354892979609 0
4896 0.2720425044111 0.0334600493023143 0
4897 0.2720437706025002 0.03344781270804775 0
4898 0.286242228740058 0.03522332744158747 0
4899 0.2720391363404807 0.03349259865750933 0
4900 0.2720408203757904 0.03347632397991181 0
4901 0.2862381109135869 0.03526293287192679 0
4902 0.2720346568061387 0.03353588930396439 0
4903 0.2720368965733098 0.03351424398073686 0
4904 0.2862326342074881 0.03531560806438606 0
4905 0.2720286990318052 0.03359346580246403 0
4906 0.2720316779189719 0.03356467755321421 0
4907 0.2862253501912128 0.03538566604308081 0
4908 0.2720207751910045 0.03367004255452348 0
4909 0.2720247371114048 0.03363175417849375 0
4910 0.2862156624415995 0.03547884323137042 0
4911 0.2720102364684938 0.03377188977243713 0
4912 0.2720155058297491 0.03372096616348032 0
4913 0.2862027777292652 0.03560276894324013 0
4914 0.2719962199716068 0.03390734653309826 0
4915 0.2720032282200503 0.0338396181527677 0
4916 0.2861856410630373 0.03576759012870918 0
4917 0.2719775780289374 0.03408750404226953 0
4918 0.2719868990002721 0.0339974252876839 0
4919 0.2861628492939018 0.03598680233474155 0
4920 0.2719527842411798 0.03432711356819367 0
4921 0.2719651811350586 0.0342073088052316 0
4922 0.2861325362359471 0.03627835461689648 0
4923 0.2719198084979322 0.03464579429111365 0
4924 0.271936296369556 0.03448645392965365 0
4925 0.286092219869243 0.03666611914855147 0
4926 0.2718759507656584 0.03506963959224153 0
4927 0.2718978796317953 0.03485771694167759 0
4928 0.2860385990989825 0.03718184600011981 0
4929 0.2718176199706409 0.03563335394994929 0
4930 0.2718467853681497 0.03535149677109541 0
4931 0.2859672834597137 0.03786776285526859 0
4932 0.2717400399961128 0.03638309421148501 0
4933 0.2717788299833768 0.03600822408071716 0
4934 0.285872433648063 0.03878003238248527 0
4935 0.2716368586253752 0.03738024880392972 0
4936 0.271688449310744 0.03688167150770737 0
4937 0.2857462833855787 0.0399933509786114 0
4938 0.2714996273821558 0.03870646460650212 0
4939 0.2715682430037655 0.03804335670521592 0
4940 0.285578503519514 0.04160706487458486 0
4941 0.2713171098164899 0.04047033174167008 0
4942 0.2714083685993228 0.0395883981740861 0
4943 0.2853553562845355 0.04375330448234627 0
4944 0.2710743614413488 0.04281627515519631 0
4945 0.2711957356289194 0.0416433034484332 0
4946 0.2850585704389075 0.0466078033829101 0
4947 0.2707515060711808 0.04593638019700044 0
4948 0.2709129337562648 0.04437632767609838 0
4949 0.2846638452228912 0.05040428731818371 0
4950 0.2703221083813205 0.0500861203619995 0
4951 0.2705368072262507 0.04801125027949997 0
4952 0.2841388606342912 0.0554536114454872 0
4953 0.2697510094035807 0.0556052752668349 0
4954 0.2700365588924506 0.0528456978144172 0
4955 0.2834406310585029 0.06216921323643725 0
4956 0.2689914476743868 0.06294575214843517 0
4957 0.2693712285389837 0.05927551370763504 0
4958 0.2825119856272565 0.07110096453642617 0
4959 0.2684863390779189 0.06782716972457234 0
4960 0.3177772798034003 0.03902615334555896 0
4961 0.3020125509340391 0.03709780538535241 0
4962 0.302013341427167 0.03709023897982887 0
4963 0.3177753464162154 0.03904457823199113 0
4964 0.3020104482311663 0.03711793193936039 0
4965 0.3020114995826027 0.0371078686623564 0
4966 0.3177727750134983 0.03906908330961015 0
4967 0.3020076516317637 0.03714470030004585 0
4968 0.302009049931465 0.03713131611970312 0
4969 0.3177693550446134 0.03910167509401666 0
4970 0.3020039321529077 0.03718030223555829 0
4971 0.3020057918923357 0.03716250126780207 0
4972 0.3177648064848875 0.03914502217784643 0
4973 0.3019989852455667 0.03722765281421493 0
4974 0.3020014586992372 0.03720397752488661 0
4975 0.3177587569038849 0.03920267376662401 0
4976 0.3019924058658064 0.03729062901679513 0
4977 0.3019956955556866 0.03725914091550503 0
4978 0.3177507109642841 0.03927935034984525 0
4979 0.3019836552896905 0.03737438737613093 0
4980 0.3019880305777484 0.03733250819646303 0
4981 0.3177400098558149 0.03938133028939419 0
4982 0.3019720170077239 0.03748578614463367 0
4983 0.3019778361487072 0.03743008676038231 0
4984 0.3177257773756424 0.03951696366529893 0
4985 0.3019565380971838 0.03763394646390538 0
4986 0.3019642775524539 0.03755986630426954 0
4987 0.317706848178313 0.03969735604286533 0
4988 0.3019359511441665 0.03783099970766914 0
4989 0.3019462446206751 0.03773247308578725 0
4990 0.3176816723424931 0.03993727793716075 0
4991 0.3019085704922283 0.03809308056423316 0
4992 0.3019222608181974 0.03796204013595115 0
4993 0.3176481884753248 0.04025637410925274 0
4994 0.3018721542190437 0.03844164816191607 0
4995 0.301890362355636 0.03826736436307461 0
4996 0.3176036549324058 0.04068077201418288 0
4997 0.3018237205826051 0.0389052430008183 0
4998 0.3018479374008244 0.03867344558136718 0
4999 0.3175444253175135 0.04124522125451865 0
5000 0.3017593038338909 0.03952182425382017 0
5001 0.301791512208248 0.03921353362731923 0
5002 0.3174656499133338 0.04199593890019648 0
5003 0.3016736295391566 0.0403418775016449 0
5004 0.3017164666865237 0.03993185087773254 0
5005 0.3173608786131566 0.04299439348919651 0
5006 0.3015596827220631 0.04143254837003688 0
5007 0.3016166561306098 0.04088721293584089 0
5008 0.3172215327695735 0.04432233822929681 0
5009 0.3014081334330891 0.04288314083787133 0
5010 0.3014839080775761 0.0421578446039541 0
5011 0.3170362027788735 0.0460885049121669 0
5012 0.3012065728652984 0.04481242894888043 0
5013 0.3013073531491938 0.04384778489337589 0
5014 0.3167897138767584 0.04843750673841552 0
5015 0.3009384972959954 0.04737838227188136 0
5016 0.301072535080647 0.0460954056103809 0
5017 0.3164618836114215 0.05156167941056317 0
5018 0.3005819567543336 0.0507911005215919 0
5019 0.3007602270251645 0.04908474139673663 0
5020 0.3160258693128691 0.05571682949959862 0
5021 0.3001077577814268 0.05533001629619043 0
5022 0.3003448572678802 0.05306055840889116 0
5023 0.3154459702391303 0.06124317965801754 0
5024 0.2994770730919946 0.06136677480731431 0
5025 0.2997924154367108 0.05834839555175236 0
5026 0.3146747043904767 0.06859322613663699 0
5027 0.2986382623569851 0.06939566456575993 0
5028 0.2990576677244898 0.06538121968653712 0
5029 0.3136489207063352 0.07836878895795499 0
5030 0.2980804531668076 0.07473487674719352 0
5031 0.3527732229950836 0.0433238832370433 0
5032 0.3352743780068037 0.04118330481882835 0
5033 0.3352752513992436 0.04117501829130134 0
5034 0.3527710863832811 0.04334407347614358 0
5035 0.3352720547926929 0.04120534688930635 0
5036 0.3352732163997483 0.04119432585406735 0
5037 0.352768244692058 0.04337092647076694 0
5038 0.3352689649128634 0.04123466289107074 0
5039 0.3352705098527781 0.04122000489018855 0
5040 0.3527644652391162 0.04340664098777606 0
5041 0.3352648553708663 0.04127365319072199 0
5042 0.3352669101418648 0.04125415804089636 0
5043 0.352759438565478 0.04345414130697996 0
5044 0.3352593896794993 0.0413255102941044 0
5045 0.3352621225251828 0.0412995817424132 0
5046 0.3527527530933331 0.04351731669567048 0
5047 0.3352521203177188 0.04139448016819008 0
5048 0.335255754998609 0.04135999523114724 0
5049 0.3527438614188423 0.04360133992991563 0
5050 0.3352424520654076 0.0414862101115708 0
5051 0.3352472861915632 0.04144034513988044 0
5052 0.3527320354820442 0.04371309092336173 0
5053 0.3352295932724514 0.04160821110118511 0
5054 0.3352360226689295 0.04154721060637796 0
5055 0.3527163069795735 0.04386171980634443 0
5056 0.3352124910827645 0.04177047237045825 0
5057 0.335221042177608 0.04168934173582168 0
5058 0.3526953880727237 0.04405939620713772 0
5059 0.3351897451682722 0.04198627987954481 0
5060 0.3352011181255183 0.04187837612500153 0
5061 0.3526675659228874 0.04432230585540359 0
5062 0.3351594930971082 0.04227330391301953 0
5063 0.3351746191326902 0.04212979189628217 0
5064 0.3526305624574965 0.04467197574532361 0
5065 0.3351192578357131 0.04265504594155684 0
5066 0.3351393754664107 0.04246417492728818 0
5067 0.3525813478489849 0.04513703669458637 0
5068 0.3350657449456776 0.04316276276721243 0
5069 0.3350925013906954 0.04290890435438463 0
5070 0.3525158924165589 0.04575556778645028 0
5071 0.3349945727883947 0.04383802627375651 0
5072 0.3350301588670361 0.04350039452048447 0
5073 0.3524288366733384 0.04657821430961046 0
5074 0.3348999137982774 0.04473612693605044 0
5075 0.334947243293336 0.04428707660490347 0
5076 0.3523130525209108 0.0476723343171834 0
5077 0.33477401733579 0.04593060087032947 0
5078 0.3348369655670337 0.04533336390318995 0
5079 0.3521590595823265 0.04912751407708631 0
5080 0.33460657501611 0.04751925143605364 0
5081 0.33469029617595 0.04672492615319156 0
5082 0.3519542489533056 0.05106290335340009 0
5083 0.3343838767160692 0.04963215682951336 0
5084 0.3344952258660895 0.04857570413278349 0
5085 0.3516818508007013 0.05363697124215409 0
5086 0.3340876879613904 0.05244232115105626 0
5087 0.3342357823387299 0.05103723899028481 0
5088 0.3513195612295309 0.05706048180073928 0
5089 0.3336937568795619 0.05617984006024619 0
5090 0.3338907224204762 0.05431108060565122 0
5091 0.3508377160494209 0.0616137513204231 0
5092 0.3331698284827281 0.06115074075977553 0
5093 0.333431792681145 0.05866529041001086 0
5094 0.3501968618972543 0.06766960037334388 0
5095 0.3324730036536564 0.06776203927158589 0
5096 0.3328214160681923 0.06445639001568071 0
5097 0.3493445257858219 0.07572388045522813 0
5098 0.3315462265226422 0.07655506732027922 0
5099 0.3320096150881493 0.07215855329593256 0
5100 0.3482109186411021 0.08643607406515724 0
5101 0.3309299196737194 0.08240243151155632 0
5102 0.3916187200739843 0.04809436343330882 0
5103 0.372195006123861 0.04571820919812881 0
5104 0.372195971534534 0.04570912333517606 0
5105 0.3916163578828558 0.04811651321387765 0
5106 0.3721924381422759 0.04574237749189242 0
5107 0.3721937221330684 0.04573029334501062 0
5108 0.3916132161713901 0.04814597239638506 0
5109 0.3721890227211722 0.04577452137525959 0
5110 0.372190730431724 0.045758449433576 0
5111 0.3916090376911442 0.04818515314659533 0
5112 0.3721844802090883 0.04581727275911179 0
5113 0.3721867514651302 0.04579589706718569 0
5114 0.3916034803110623 0.04823726355708081 0
5115 0.3721784386674521 0.04587413210494898 0
5116 0.3721814594382702 0.04584570243203039 0
5117 0.3915960889997477 0.04830657036369639 0
5118 0.3721704034256288 0.04594975495441789 0
5119 0.3721744210465404 0.04591194352968343 0
5120 0.3915862585595266 0.04839874838060689 0
5121 0.37215971655274 0.04605033335610463 0
5122 0.3721650599891844 0.04600004415526127 0
5123 0.3915731840632805 0.0485213452439172 0
5124 0.3721455029925845 0.0461841028111743 0
5125 0.3721526097726623 0.04611721808363947 0
5126 0.3915557949760545 0.04868439913980747 0
5127 0.3721265989630433 0.04636201613497761 0
5128 0.372136050977814 0.04627305947307594 0
5129 0.391532667491632 0.04890126080645042 0
5130 0.3721014566013123 0.04659864087861054 0
5131 0.3721140277821778 0.04648032850679407 0
5132 0.3915019079332306 0.04918968686171368 0
5133 0.3720680172548056 0.04691335183850674 0
5134 0.372084736928059 0.04675599635855864 0
5135 0.3914609977138028 0.04957329357854284 0
5136 0.3720235429164936 0.04733191748535972 0
5137 0.3720457800856496 0.04712263466193323 0
5138 0.3914065871224708 0.05008349050717441 0
5139 0.371964392054962 0.04788860971640106 0
5140 0.3719939674857279 0.04761026360088039 0
5141 0.391334221032566 0.0507620524544468 0
5142 0.3718857213941629 0.04862901052449602 0
5143 0.3719250567245624 0.04825881012044854 0
5144 0.3912379741129883 0.05166454003189468 0
5145 0.3717810893921637 0.04961374381700911 0
5146 0.3718334053931633 0.04912137717075257 0
5147 0.3911099656945333 0.05286484865445905 0
5148 0.3716419288232803 0.05092343915463333 0
5149 0.3717115091077221 0.05026859148582122 0
5150 0.3909397144804583 0.05446125928684221 0
5151 0.3714568452395045 0.05266533420929517 0
5152 0.3715493870313924 0.05179438668196425 0
5153 0.390713280342849 0.05658448564254265 0
5154 0.3712106840566503 0.05498205478664757 0
5155 0.3713337646480773 0.05382369449797137 0
5156 0.3904121229221323 0.05940837686156093 0
5157 0.3708832896661834 0.05806329331706747 0
5158 0.3710469868614168 0.05652267405185752 0
5159 0.3900115835213944 0.06316415247526666 0
5160 0.3704478550847419 0.06216134095893847 0
5161 0.3706655723754627 0.06011231713800297 0
5162 0.389478866062633 0.06815933456453271 0
5163 0.369868727027312 0.06761174492601735 0
5164 0.3701582910560269 0.06488654294247791 0
5165 0.3887703517732485 0.07480292739242872 0
5166 0.3690984866431908 0.07486078283975525 0
5167 0.3694836068352514 0.0712362638828863 0
5168 0.3878280276699145 0.08363890677670086 0
5169 0.3680740668125456 0.08450200439217373 0
5170 0.3685862767278682 0.07968139361596449 0
5171 0.3865747364836644 0.0953907605656644 0
5172 0.3673928275623826 0.09091341731541067 0
5173 0.4347372220815829 0.05338959648186752 0
5174 0.4131769035268698 0.05075195308286747 0
5175 0.4131779710777751 0.05074197995758711 0
5176 0.4347346094974013 0.05341392135347912 0
5177 0.4131740638533872 0.0507784814844893 0
5178 0.4131754836901285 0.05076521728367839 0
5179 0.434731134763465 0.05344627340455471 0
5180 0.413170287081468 0.05081376431645047 0
5181 0.4131721754674276 0.05079612290046989 0
5182 0.4347265133629097 0.0534893016736407 0
5183 0.413165263972586 0.05086069050378556 0
5184 0.413167775527027 0.05083722741011802 0
5185 0.4347203668986724 0.05354652928547858 0
5186 0.4131585832371487 0.05092310233877384 0
5187 0.4131619236048674 0.0508918964212797 0
5188 0.4347121921058757 0.05362264196603066 0
5189 0.4131496978684747 0.0510061099909532 0
5190 0.4131541405528117 0.05096460616486352 0
5191 0.4347013196356893 0.05372387179175254 0
5192 0.413137880326741 0.05111651018140623 0
5193 0.4131437890976078 0.05106131008617972 0
5194 0.4346868592384495 0.05385850757068233 0
5195 0.4131221629749889 0.05126334263319331 0
5196 0.413130021650865 0.05118992640729977 0
5197 0.4346676269021369 0.0540375732309934 0
5198 0.4131012589032025 0.05145862973760756 0
5199 0.4131117109390957 0.05136098618540044 0
5200 0.4346420478965974 0.05427573054285374 0
5201 0.413073456485027 0.05171836161169659 0
5202 0.4130873576941148 0.05158849567465208 0
5203 0.4346080278146738 0.05459247981004935 0
5204 0.4130364792628773 0.05206380506006644 0
5205 0.4130549678739521 0.05189108333588152 0
5206 0.4345627810982456 0.05501375640496739 0
5207 0.4129872995491711 0.05252324492344379 0
5208 0.4130118894060242 0.05229352499175512 0
5209 0.4345026029659566 0.05557405427099061 0
5210 0.4129218905392563 0.05313429985472123 0
5211 0.4129545950442137 0.05282877238908251 0
5212 0.434422566046215 0.05631925046815514 0
5213 0.4128348965395248 0.05394700306788072 0
5214 0.4128783935393905 0.05354065146130096 0
5215 0.434316116920834 0.05731036161637938 0
5216 0.4127191944942976 0.05502789858039335 0
5217 0.4127770455169111 0.05448745082413703 0
5218 0.4341745395670266 0.05862853960227189 0
5219 0.4125653107672622 0.05646548967633759 0
5220 0.4126422526307799 0.05574669412836547 0
5221 0.4339862416670747 0.06038171650402268 0
5222 0.4123606453802707 0.0583774861145273 0
5223 0.4124629780737665 0.05742148789543244 0
5224 0.4337358054348229 0.06271344201905865 0
5225 0.4120884403974012 0.060920441547074 0
5226 0.412224542888836 0.05964896383080065 0
5227 0.4334027252263558 0.06581463713628807 0
5228 0.4117264077510868 0.06430257245077502 0
5229 0.411907424074244 0.0626115069989245 0
5230 0.4329597285146042 0.06993922696332916 0
5231 0.4112449042849118 0.06880080698782079 0
5232 0.4114856560179993 0.06655168971929792 0
5233 0.432370542826282 0.0754249320076931 0
5234 0.4106045046040031 0.07478345958440502 0
5235 0.4109247044444575 0.07179213328611291 0
5236 0.4315869257842428 0.08272092042961757 0
5237 0.4097527729534882 0.08274038823764125 0
5238 0.4101786387787457 0.07876192391102316 0
5239 0.4305447150094422 0.09242458604460219 0
5240 0.4086199697258684 0.0933231045836618 0
5241 0.4091863713396783 0.08803174641065153 0
5242 0.4291585745364868 0.1053304626390263 0
5243 0.4078666555100824 0.100360611602347 0
5244 0.4586668098292929 0.05633940881765276 0
5245 0.4586679907559185 0.05632845083119647 0
5246 0.4586636685777175 0.05636855693898658 0
5247 0.4586652392035051 0.05635398287831966 0
5248 0.4586594907062777 0.05640732400387294 0
5249 0.4586615796419975 0.05638794047142976 0
5250 0.4586539341347966 0.05645888422305519 0
5251 0.4586567124205372 0.05643310411346408 0
5252 0.4586465438940361 0.05652745932097618 0
5253 0.4586502390144164 0.05649317177201568 0
5254 0.4586367148842868 0.05661866410413086 0
5255 0.4586416293891615 0.05657306171255352 0
5256 0.4586236422997746 0.05673996648007019 0
5257 0.4586301785920307 0.05667931529210052 0
5258 0.4586062557388705 0.0569012988581547 0
5259 0.4586149490193225 0.05682063266911246 0
5260 0.4585831316195539 0.05711587085896882 0
5261 0.4585946936792122 0.05700858485856179 0
5262 0.4585523765378766 0.05740125164775996 0
5263 0.4585677540787152 0.05725856125336438 0
5264 0.4585114722726349 0.05778080815819703 0
5265 0.4585319244052557 0.05759102990297861 0
5266 0.4584570695907403 0.05828561840173217 0
5267 0.4584842709316876 0.05803321327996476 0
5268 0.458384714034124 0.05895701593002665 0
5269 0.4584208918124321 0.05862131716587937 0
5270 0.4582884811255226 0.05984997481248187 0
5271 0.4583365975798232 0.05940349537125463 0
5272 0.4581604913287813 0.06103761038876054 0
5273 0.4582244862271519 0.06044379260062118 0
5274 0.4579902648915013 0.06261716577586351 0
5275 0.4580753781101413 0.06182738808231171 0
5276 0.4577638636966946 0.06471797474900245 0
5277 0.457877064294098 0.06366757026243267 0
5278 0.4574627500875013 0.06751205086979509 0
5279 0.457613306892098 0.06611501280939802 0
5280 0.4570622689661478 0.0712281723064819 0
5281 0.4572625095268244 0.06937011158813969 0
5282 0.4565296290232242 0.07617061429536781 0
5283 0.4567959489946862 0.07369939330092351 0
5284 0.4558212178207108 0.08274406286830395 0
5285 0.4561754234219673 0.07945733858183879 0
5286 0.4548790308385066 0.09148675023919253 0
5287 0.4553501243296096 0.08711540655374 0
5288 0.4536259220056749 0.1031145258018676 0
5289 0.4542524764220908 0.09730063802052952 0
5290 0.4527926045550515 0.1108469972636771 0
5291 0.5180951903772574 0.06363158966687696 0
5292 0.5180915463376334 0.06366413650968947 0
5293 0.5180866997569928 0.06370742388154815 0
5294 0.5180802538018809 0.06376499611167188 0
5295 0.5180716806807809 0.06384156718489231 0
5296 0.5180602784418543 0.0639434066038755 0
5297 0.5180451134622885 0.06407885304713924 0
5298 0.5180249440122017 0.06425899706019425 0
5299 0.517998118651342 0.0644985885282854 0
5300 0.5179624409179346 0.06481724521178583 0
5301 0.5179149895248338 0.06524105866933951 0
5302 0.5178518791614263 0.06580473066241004 0
5303 0.5177679423900471 0.0665544143064388 0
5304 0.5176563064628814 0.06755149374262315 0
5305 0.51750783064692 0.06887760968598099 0
5306 0.5173103578028585 0.07064134396953803 0
5307 0.5170477188817146 0.0729871109109073 0
5308 0.5166984090932751 0.07610698115119556 0
5309 0.5162338270501429 0.0802564087896694 0
5310 0.5156159328730072 0.08577514808267934 0
5311 0.5147941335264389 0.09311507215495217 0
5312 0.5137011402993781 0.1028771720296131 0
5313 0.5122474591374391 0.1158607663808122 0
5314 0.553598865521969 0.06793508212790969 0
5315 0.553594874532819 0.06796967264134636 0
5316 0.5535895665085527 0.06801567809958813 0
5317 0.5535825068331458 0.0680768653862059 0
5318 0.553573117463977 0.06815824448501263 0
5319 0.5535606296162746 0.06826647857121908 0
5320 0.5535440207768667 0.06841042992289531 0
5321 0.5535219309905938 0.06860188547942962 0
5322 0.5534925515833452 0.06885652129599855 0
5323 0.5534534769679108 0.06919518696491729 0
5324 0.5534015077209832 0.06964561237737851 0
5325 0.5533323886109788 0.07024467827641108 0
5326 0.5532404602077639 0.07104143580866618 0
5327 0.5531181954082351 0.07210112352809918 0
5328 0.552955583188905 0.0735105085065888 0
5329 0.5527393089275223 0.07538499061182533 0
5330 0.5524516641176718 0.07787805217764264 0
5331 0.5520690964950319 0.08119382428152526 0
5332 0.5515602815300802 0.08560380141232424 0
5333 0.5508835575612334 0.09146907156364789 0
5334 0.5499835145830273 0.09926988172849938 0
5335 0.5487864573167369 0.1096449601602003 0
5336 0.5471943709664412 0.1234438160875731 0
5337 0.5891119513111179 0.07216030748813194 0
5338 0.5891076089652699 0.07219697832606087 0
5339 0.5891018336358306 0.07224575062041033 0
5340 0.5890941524442671 0.07231061780068444 0
5341 0.5890839364585326 0.07239689115851163 0
5342 0.5890703492119689 0.07251163460228653 0
5343 0.5890522781719021 0.07266424340055251 0
5344 0.5890282436561237 0.07286721337661596 0
5345 0.5889962777593811 0.07313716336673103 0
5346 0.5889537631125851 0.0734961968884438 0
5347 0.5888972186232077 0.07397371154949958 0
5348 0.5888220144397248 0.07460880615520414 0
5349 0.5887219928899354 0.07545348186050969 0
5350 0.5885889642034156 0.07657690076222107 0
5351 0.5884120360112222 0.07807104823188207 0
5352 0.588176721505079 0.08005826445541964 0
5353 0.5878637531659816 0.08270126242057937 0
5354 0.5874475052471951 0.08621644994890039 0
5355 0.5868938954860047 0.09089164960819354 0
5356 0.586157594432397 0.09710966575653714 0
5357 0.585178313922688 0.1053796281493616 0
5358 0.5838758707302296 0.1163786790991435 0
5359 0.5821436210817447 0.1310074185725844 0
5360 0.6246344022495203 0.07630580883005822 0
5361 0.62462970416111 0.07634459732864782 0
5362 0.6246234556932868 0.07639618611629032 0
5363 0.624615145227394 0.07646479923430662 0
5364 0.6246040923067234 0.07655605468979658 0
5365 0.6245893919378791 0.0766774243164098 0
5366 0.6245698404450043 0.07683884593889295 0
5367 0.6245438369243295 0.07705353698700942 0
5368 0.6245092522518317 0.07733907599844782 0
5369 0.6244632546329435 0.07771884292053385 0
5370 0.6244020777899344 0.07822393300854297 0
5371 0.6243207125750883 0.0788957029382453 0
5372 0.6242124968547527 0.07978915681752209 0
5373 0.6240685699193339 0.08097745070295391 0
5374 0.6238771470528992 0.08255788192004074 0
5375 0.6236225546291536 0.08465985553278825 0
5376 0.623283946655882 0.08745548084799418 0
5377 0.6228335980213674 0.09117366276542851 0
5378 0.6222346343058658 0.0961188449764845 0
5379 0.6214380124871904 0.1026959379534078 0
5380 0.6203785053510587 0.1114434725811117 0
5381 0.6189693607360749 0.1230776946591454 0
5382 0.6170951981790396 0.1385512118319226 0
5383 0.6601661120641233 0.08037133655930112 0
5384 0.6601610538970544 0.08041228017160931 0
5385 0.6601543265238311 0.08046673526519332 0
5386 0.6601453791134737 0.08053916057180387 0
5387 0.6601334790565857 0.08063548623859798 0
5388 0.6601176519977717 0.08076359923906803 0
5389 0.6600966020070592 0.08093398954984111 0
5390 0.6600686054815676 0.08116060896950771 0
5391 0.6600313701134293 0.08146201271052085 0
5392 0.6599818470689963 0.08186287972499008 0
5393 0.6599159814092556 0.08239603294040464 0
5394 0.6598283800671103 0.08310512683581492 0
5395 0.6597118702986474 0.08404822158241446 0
5396 0.6595569122771219 0.08530253783394259 0
5397 0.659350818062922 0.08697077881735241 0
5398 0.6590767127457745 0.08918953942453402 0
5399 0.6587121526204708 0.09214049146513027 0
5400 0.658227287621449 0.09606525794112533 0
5401 0.6575824171387317 0.1012851976295611 0
5402 0.6567247393137521 0.1082277180867489 0
5403 0.6555840276802469 0.1174612713170083 0
5404 0.6540668810742575 0.1297418981932908 0
5405 0.6520490758523922 0.1460751338482471 0
5406 0.6957070519055382 0.08435517238503712 0
5407 0.6957016293372259 0.08439830936882772 0
5408 0.6956944173095555 0.08445568165126262 0
5409 0.6956848253084971 0.08453198682076682 0
5410 0.6956720679458965 0.08463347270569177 0
5411 0.6956551006716982 0.08476844878897055 0
5412 0.6956325341943463 0.08494796700095869 0
5413 0.6956025207388964 0.08518672654565185 0
5414 0.6955626028546896 0.08550427664828204 0
5415 0.6955095120635395 0.0859266183257871 0
5416 0.6954389012998977 0.08648833284765575 0
5417 0.6953449889685059 0.08723541328701956 0
5418 0.6952200855855412 0.0882290301298831 0
5419 0.6950539640546037 0.0895505407822223 0
5420 0.6948330223696034 0.09130815033847055 0
5421 0.6945391699154091 0.09364577115284434 0
5422 0.6941483460939778 0.09675480729220386 0
5423 0.6936285503767744 0.1008898256335905 0
5424 0.6929372220364253 0.1063894003177485 0
5425 0.6920177552548183 0.1137038353552236 0
5426 0.690794864299901 0.123432035032024 0
5427 0.6891684191868208 0.1363705417400652 0
5428 0.6870052469335302 0.1535787576735528 0
5429 0.7312572629000691 0.08825549811993741 0
5430 0.7312514715886689 0.08830086758446364 0
5431 0.7312437691318876 0.08836120907114138 0
5432 0.7312335248598221 0.08844146328404122 0
5433 0.7312198999767014 0.08854820139717315 0
5434 0.7312017789014397 0.08869016293653192 0
5435 0.7311776778684914 0.08887897180620485 0
5436 0.7311456234513402 0.08913008794232211 0
5437 0.7311029910888551 0.08946407230679486 0
5438 0.731046290041244 0.08990827155467282 0
5439 0.7309708776357335 0.09049905664983601 0
5440 0.730870579119585 0.09128480095816482 0
5441 0.7307371821121033 0.09232984073942947 0
5442 0.7305597640584101 0.09371974391284989 0
5443 0.7303237979948227 0.09556831554224808 0
5444 0.7300099631162131 0.09802691591932335 0
5445 0.7295925626664103 0.1012968549006871 0
5446 0.7290374200311129 0.105645874036226 0
5447 0.7282990802872187 0.1114300697916209 0
5448 0.7273170883328481 0.1191230508904595 0
5449 0.7260110388889498 0.1293547168846084 0
5450 0.7242739929757976 0.142962833853614 0
5451 0.7219637216412139 0.1610616315383006 0
5452 0.7668167307751919 0.09207036921017947 0
5453 0.7668105663855423 0.09211801117536343 0
5454 0.7668023677338768 0.09218137509286764 0
5455 0.7667914635223222 0.09226564914055073 0
5456 0.7667769609195989 0.09237773363444404 0
5457 0.7667576724785086 0.09252680585264671 0
5458 0.7667320188488246 0.09272507192630031 0
5459 0.7666978994752232 0.09298876616071451 0
5460 0.7666525207214535 0.09333947939108553 0
5461 0.7665921669730795 0.09380592803276849 0
5462 0.7665118964747688 0.09442630482647534 0
5463 0.7664051366941127 0.09525140610046658 0
5464 0.7662631462060597 0.0963487906386086 0
5465 0.7660742988210332 0.09780831235191675 0
5466 0.7658231317434108 0.09974947665983835 0
5467 0.7654890795152306 0.1023312253048586 0
5468 0.7650447899865528 0.1057649515066238 0
5469 0.7644538848739647 0.1103318076598394 0
5470 0.7636679810327645 0.1164057266640278 0
5471 0.7626227288228578 0.1244840397210366 0
5472 0.7612325432297818 0.1352281972762862 0
5473 0.7593835962283821 0.1495179280815021 0
5474 0.7569244964290305 0.1685232722743313 0
5475 0.8023854808379745 0.09579771098252476 0
5476 0.8023789390230631 0.09584766643989477 0
5477 0.8023702383949765 0.09591410730704737 0
5478 0.802358666554486 0.09600247369957909 0
5479 0.8023432760051949 0.09612000101262982 0
5480 0.8023228065964261 0.09627631217260646 0
5481 0.8022955822795442 0.09648420603995796 0
5482 0.8022593738891459 0.09676070525729974 0
5483 0.8022112167438392 0.09712844911004041 0
5484 0.8021471677343627 0.09761754848167448 0
5485 0.8020619825379912 0.09826805075108536 0
5486 0.8019486862078182 0.09913321891448157 0
5487 0.8017980021101451 0.1002838924079439 0
5488 0.8015975922221253 0.101814288445308 0
5489 0.8013310470121215 0.1038497156250658 0
5490 0.8009765418669591 0.1065568338952365 0
5491 0.8005050499547034 0.1101573017229198 0
5492 0.7998779656695408 0.1149459242534117 0
5493 0.7990439435262789 0.1213147925549368 0
5494 0.7979346939684392 0.1297853882153505 0
5495 0.7964593918931896 0.1410512816908863 0
5496 0.794497239960543 0.1560349213311109 0
5497 0.7918875775850306 0.1759631643823959 0
5498 0.8379635157803659 0.09943529664486321 0
5499 0.8379565921919192 0.09948760762879369 0
5500 0.8379473838041984 0.0995571813514043 0
5501 0.837935136643095 0.09964971444354451 0
5502 0.8379188479173051 0.09977278346759237 0
5503 0.837897183935064 0.09993646509534997 0
5504 0.837868370835276 0.1001541616860092 0
5505 0.8378300493607562 0.1004436985429742 0
5506 0.8377790818143811 0.1008287824514004 0
5507 0.8377112949711197 0.1013409440993354 0
5508 0.8376211384550115 0.1020221192011842 0
5509 0.8375012302684799 0.1029280822385633 0
5510 0.837341752403102 0.1041330129066971 0
5511 0.8371296468018102 0.1057355710000987 0
5512 0.8368475462897156 0.107866973735607 0
5513 0.8364723525918467 0.1107017395006361 0
5514 0.8359733449004528 0.1144719785213939 0
5515 0.8353096646265948 0.1194863967537488 0
5516 0.8344269698157993 0.1261555733545936 0
5517 0.8332529856038787 0.1350255790917393 0
5518 0.8316915864291698 0.1468226880281356 0
5519 0.8296149253441715 0.1625128442934413 0
5520 0.8268529657782268 0.183380754565939 0
5521 0.8735508429313271 0.1029807305014548 0
5522 0.8735435332176394 0.1030354401682669 0
5523 0.8735338112825073 0.1031082041443368 0
5524 0.8735208811030422 0.1032049802754609 0
5525 0.8735036839627471 0.1033336925418848 0
5526 0.8734808117904999 0.1035048796740135 0
5527 0.8734503917978144 0.1037325585866667 0
5528 0.8734099331528519 0.1040353719498303 0
5529 0.8733561231706091 0.1044381136063954 0
5530 0.8732845558872773 0.1049737600616356 0
5531 0.8731893713850616 0.1056861699622486 0
5532 0.8730627759758868 0.1066336752889502 0
5533 0.8728944041056598 0.1078938571940152 0
5534 0.8726704694756688 0.1095698994465115 0
5535 0.8723726363519256 0.111799036135225 0
5536 0.8719765182796281 0.1147637880638319 0
5537 0.8714496811661612 0.1187069087075174 0
5538 0.8707489877584739 0.1239512595137163 0
5539 0.869817065477089 0.1309262464539058 0
5540 0.8685776087229508 0.1402029799817243 0
5541 0.8669291310574532 0.1525410369396 0
5542 0.8647366555695198 0.1689506541367485 0
5543 0.8618206628296636 0.1907754475604647 0
5544 0.9091474843449016 0.1064314254273632 0
5545 0.9091397841439387 0.1064885781449746 0
5546 0.9091295428598797 0.1065645913839307 0
5547 0.909115921946036 0.1066656890366116 0
5548 0.9090978061289307 0.106800148927243 0
5549 0.9090737121178266 0.106978980391431 0
5550 0.9090416670792698 0.1072168262669251 0
5551 0.908999047120376 0.1075331617089462 0
5552 0.9089423625914363 0.1079538877251918 0
5553 0.9088669721606266 0.1085134533811295 0
5554 0.9087667028714432 0.1092576758238123 0
5555 0.9086333446944673 0.1102474918385613 0
5556 0.9084559783443457 0.1115639469507163 0
5557 0.9082200810538196 0.113314832582877 0
5558 0.9079063375880467 0.115643510988553 0
5559 0.9074890587599034 0.1187406534066426 0
5560 0.9069340778370315 0.1228598534271784 0
5561 0.9061959531603365 0.1283383898202224 0
5562 0.9052142472885454 0.1356248436073464 0
5563 0.9039085783527617 0.1453158280816601 0
5564 0.9021720384759269 0.1582048388593666 0
5565 0.899862440236615 0.1753472247013354 0
5566 0.8967906742192138 0.1981466005365994 0
5567 0.9447534269059455 0.1097845706145843 0
5568 0.9447453318618153 0.1098442120672636 0
5569 0.9447345654354837 0.1099235353292829 0
5570 0.9447202460821077 0.1100290353145915 0
5571 0.9447012013403377 0.1101693503081652 0
5572 0.9446758718607449 0.1103559690509774 0
5573 0.9446421836489027 0.1106041720082665 0
5574 0.9445973782665862 0.1109342823876952 0
5575 0.9445377871253341 0.1113733290653962 0
5576 0.9444585308997738 0.1119572612034355 0
5577 0.9443531201027413 0.1127338910725512 0
5578 0.9442129237191792 0.1137668089716836 0
5579 0.9440264625555927 0.1151405895819055 0
5580 0.9437784691608582 0.1169677181409959 0
5581 0.9434486378729308 0.1193977996619093 0
5582 0.9430099622403645 0.1226298082292977 0
5583 0.9424265235634347 0.1269283802547223 0
5584 0.9416505500713158 0.132645481430195 0
5585 0.9406185052723552 0.1402492263946871 0
5586 0.9392458855569599 0.1503622081757217 0
5587 0.9374203011333844 0.1638124754334999 0
5588 0.9349922736364911 0.1817013324596146 0
5589 0.9317629966880924 0.2054935150858598 0
5590 0.9803687141373745 0.1130371079916593 0
5591 0.980360219873803 0.1130992852958241 0
5592 0.9803489224847444 0.1131819812458447 0
5593 0.980333896950628 0.1132919669081859 0
5594 0.9803139129883853 0.1134382478527704 0
5595 0.9802873343468936 0.1136328013019812 0
5596 0.9802519847495302 0.1138915574200282 0
5597 0.9802049697214823 0.114235703522238 0
5598 0.9801424397522581 0.1146934177058407 0
5599 0.9800592748851145 0.11530217762914 0
5600 0.9799486655939367 0.1161118284579886 0
5601 0.9798015552120015 0.1171886642409301 0
5602 0.9796058984318891 0.1186208556283005 0
5603 0.979345674864848 0.1205256705357739 0
5604 0.9789995774441569 0.1230590749228817 0
5605 0.9785392678540474 0.1264285029084559 0
5606 0.9779270560093618 0.1309098427868877 0
5607 0.9771128142015739 0.1368700252230879 0
5608 0.9760298725400879 0.1447970682814022 0
5609 0.9745895599909862 0.1553400365688148 0
5610 0.9726739440886139 0.1693621859433847 0
5611 0.9701261747143898 0.1880116462517259 0
5612 0.9667376410505231 0.212815431361597 0
5613 0.5180965603227297 0.06361935396020144 0
5614 0.5003463546188589 0.06145518546809006 0
5615 0.5003475356446343 0.06144434782188374 0
5616 0.5180933683574453 0.06364786308828321 0
5617 0.5003428826481955 0.06148672202335338 0
5618 0.5003446186335272 0.06147095374572172 0
5619 0.5180891230473131 0.06368578019561881 0
5620 0.5003382649196477 0.06152866571057024 0
5621 0.5003405737839216 0.0615076938669618 0
5622 0.5180834767794369 0.06373620999661002 0
5623 0.5003321233379537 0.0615844508393272 0
5624 0.5003351941288007 0.06155655827494874 0
5625 0.5180759672413309 0.0638032816482821 0
5626 0.5003239550335374 0.06165864506750768 0
5627 0.5003280391857455 0.06162154795341743 0
5628 0.5180659795613176 0.0638924868943839 0
5629 0.5003130912002274 0.0617573232859526 0
5630 0.5003185231168824 0.06170798417673014 0
5631 0.5180526959520715 0.06401112982550737 0
5632 0.5002986423002163 0.06188856533200328 0
5633 0.5003058667502218 0.06182294430897793 0
5634 0.5180350287372451 0.06416892505366675 0
5635 0.5002794252372245 0.06206311748920602 0
5636 0.5002890337687202 0.06197584141060467 0
5637 0.5180115313317719 0.06437879279423983 0
5638 0.5002538665508349 0.06229527179116393 0
5639 0.5002666458940297 0.06217919464018501 0
5640 0.5179802797846383 0.06465791687003561 0
5641 0.5002198734946364 0.06260403704274672 0
5642 0.5002368700227356 0.06244965441695531 0
5643 0.5179387152213842 0.06502915194056266 0
5644 0.5001746627225855 0.06301469489372358 0
5645 0.500197268108611 0.06280936596823528 0
5646 0.51788343434313 0.06552289466587477 0
5647 0.500114532385674 0.06356086992711302 0
5648 0.5001445975541297 0.06328778241041845 0
5649 0.5178099107757367 0.06617957248442441 0
5650 0.5000345590489702 0.06428728261807962 0
5651 0.5000745457173221 0.06392407627259628 0
5652 0.5177121244264642 0.06705295402453097 0
5653 0.4999281944909255 0.06525341168080473 0
5654 0.4999813767699478 0.06477034714944255 0
5655 0.5175820685549006 0.06821455171430207 0
5656 0.499786729597445 0.06653836361836037 0
5657 0.4998574620441852 0.06589588764958251 0
5658 0.5174090942248892 0.06975947682775951 0
5659 0.4995985812807002 0.06824734977175131 0
5660 0.4996926554390726 0.06739285669505551 0
5661 0.5171790383422865 0.07181422744022267 0
5662 0.4993483439827076 0.07052030168931464 0
5663 0.4994734626317039 0.06938382573053266 0
5664 0.5168730639874949 0.07454704603105143 0
5665 0.4990155283541603 0.07354332794147567 0
5666 0.499181936168434 0.07203181481539439 0
5667 0.5164661180717089 0.07818169497043248 0
5668 0.498572883544842 0.07756395306894572 0
5669 0.498794205949501 0.07555364050521189 0
5670 0.515924879961575 0.08301577843617437 0
5671 0.4979841658915009 0.08291138500574924 0
5672 0.4982785247181716 0.08023766903734611 0
5673 0.5152050331997231 0.08944511011881576 0
5674 0.4972011713258754 0.0900234702690452 0
5675 0.4975926686086878 0.0864674276374001 0
5676 0.5142476369129085 0.09799612209228264 0
5677 0.4961597884620077 0.09948254450111636 0
5678 0.4966804798939424 0.09475300738507256 0
5679 0.5129742997184086 0.1093689692052127 0
5680 0.4947747490911402 0.1120631147005543 0
5681 0.495467268776574 0.1057728296008348 0
5682 0.5112807610756583 0.1244948574200813 0
5683 0.4938536978246346 0.120429194654204 0
5684 0.5536003659001429 0.06792207812077439 0
5685 0.5358470279496133 0.06578333589739332 0
5686 0.5358478722814513 0.06577559160112764 0
5687 0.553596870027394 0.06795237738462803 0
5688 0.5358432104352262 0.06581690457551792 0
5689 0.5358451191924196 0.06580012023645562 0
5690 0.5535922205206858 0.06799267537046724 0
5691 0.5358381331327728 0.06586155099056815 0
5692 0.5358406717839996 0.06583922778304302 0
5693 0.5535860366708493 0.06804627174289701 0
5694 0.5358313803175134 0.0659209307489389 0
5695 0.5358347567251431 0.06589124086975354 0
5696 0.5535778121485614 0.06811755493560927 0
5697 0.5358223990723789 0.06599990583495247 0
5698 0.5358268896949461 0.06596041829194568 0
5699 0.5535668735401258 0.06821236152811586 0
5700 0.5358104540290645 0.06610494258754729 0
5701 0.5358164265507217 0.06605242421124988 0
5702 0.5535523251965706 0.0683384542470572 0
5703 0.5357945671195776 0.06624464148501727 0
5704 0.535802510574321 0.06617479203628229 0
5705 0.5535329758837302 0.06850615770116247 0
5706 0.5357734375013977 0.06643044126981193 0
5707 0.5357840023104876 0.06633754137741461 0
5708 0.5535072412869695 0.06872920338771409 0
5709 0.5357453351173436 0.06667755491214197 0
5710 0.5357593863093706 0.06655399809097695 0
5711 0.553473014275628 0.06902585413045792 0
5712 0.5357079589429228 0.06700621608835156 0
5713 0.5357266470301332 0.06684188550024676 0
5714 0.553427492344447 0.06942039967114791 0
5715 0.5356582486229085 0.06744333552335902 0
5716 0.5356831037829156 0.06722477580585529 0
5717 0.553366948165981 0.0699451453268948 0
5718 0.5355921338862025 0.06802470446941056 0
5719 0.5356251912545555 0.06773401999638479 0
5720 0.5532864244093714 0.07064305704253862 0
5721 0.5355042012989055 0.06879792505755249 0
5722 0.5355481675925541 0.0684113147634815 0
5723 0.5531793278079995 0.07157127966838267 0
5724 0.5353872509355583 0.06982630863536116 0
5725 0.5354457261172318 0.06931211684645681 0
5726 0.5530368892985701 0.07280581601734398 0
5727 0.5352317069179124 0.0711940590962849 0
5728 0.5353094789267353 0.07051018386582303 0
5729 0.5528474460582137 0.07444774955920706 0
5730 0.5350248333651904 0.07301316729068168 0
5731 0.5351282701415514 0.07210361319348328 0
5732 0.552595486522597 0.07663152139473398 0
5733 0.5347496914996932 0.07543258154427497 0
5734 0.5348872624324418 0.07422287441747832 0
5735 0.5522603803063518 0.07953593822958395 0
5736 0.5343837527941535 0.07865040271636041 0
5737 0.5345667221469234 0.07704149213031769 0
5738 0.551814689012556 0.08339881284692474 0
5739 0.5338970542901116 0.08293010510099683 0
5740 0.5341404035421324 0.08079025390867861 0
5741 0.5512219195456568 0.08853643648798606 0
5742 0.5332497452171203 0.08862210982316363 0
5743 0.5335733997536158 0.08577610746208023 0
5744 0.5504335360721304 0.09536947664607363 0
5745 0.5323888240547331 0.09619247694172578 0
5746 0.5328192846359268 0.09240729338244469 0
5747 0.5493849859498821 0.1044574209443498 0
5748 0.5312437988080575 0.1062610660949067 0
5749 0.5318163114313953 0.1012267715183162 0
5750 0.547990414141589 0.1165443881238867 0
5751 0.5297209150519402 0.1196522912341927 0
5752 0.5304823569299988 0.1129566786645497 0
5753 0.5461356334459209 0.1326200561249624 0
5754 0.5287081972607804 0.1285574567725196 0
5755 0.5891135837788317 0.07214652140082917 0
5756 0.5713554084165435 0.07004769480802081 0
5757 0.5713563575267415 0.07003949079340918 0
5758 0.5891097801381939 0.07217864290709641 0
5759 0.5713512417490445 0.07008332548370361 0
5760 0.571353325082794 0.07006551014586222 0
5761 0.5891047213005502 0.0722213644732356 0
5762 0.5713457000721917 0.07013071435999924 0
5763 0.571348470910618 0.07010701992185142 0
5764 0.5890979930400488 0.07227818421054738 0
5765 0.5713383296387065 0.07019374159344517 0
5766 0.5713420148554491 0.0701622279767222 0
5767 0.5890890444513999 0.07235375447959803 0
5768 0.5713285269612548 0.07027756782176213 0
5769 0.5713334282999807 0.07023565470760365 0
5770 0.5890771428352508 0.07245426288039908 0
5771 0.5713154894141217 0.0703890565867528 0
5772 0.5713220081876882 0.07033331220425747 0
5773 0.5890613136919355 0.07258793900141952 0
5774 0.5712981494743844 0.0705373366617239 0
5775 0.5713068194442531 0.07046319662423836 0
5776 0.5890402609140128 0.07276572838858424 0
5777 0.5712750873233587 0.07073454942802279 0
5778 0.5712866183988714 0.07063594304487336 0
5779 0.5890122607077524 0.07300218837167349 0
5780 0.5712444146713631 0.07099684233136479 0
5781 0.5712597509973609 0.07086569587969378 0
5782 0.5889750204359832 0.07331668012758741 0
5783 0.5712036200402479 0.07134569192668055 0
5784 0.5712240173558056 0.07117126712902266 0
5785 0.5889254908678964 0.07373495421897169 0
5786 0.5711493631720954 0.07180966196343905 0
5787 0.5711764916061717 0.0715776769450598 0
5788 0.5888596165314662 0.07429125885235185 0
5789 0.5710772015253518 0.07242674221580761 0
5790 0.5711132823487236 0.07211820208962333 0
5791 0.5887720036648301 0.07503114400785692 0
5792 0.5709812265488496 0.07324745883458794 0
5793 0.5710292140371007 0.07283710052519776 0
5794 0.5886554785466755 0.07601519131136539 0
5795 0.5708535798058254 0.07433901214516012 0
5796 0.5709174031773376 0.07379323548987403 0
5797 0.5885005001073189 0.07732397449705157 0
5798 0.5706838096000636 0.07579077836923544 0
5799 0.5707686947029446 0.07506489525719777 0
5800 0.5882943787581506 0.07906465634365085 0
5801 0.5704580152163007 0.07772162753362248 0
5802 0.5705709124081821 0.07675620295142896 0
5803 0.5880202373355303 0.08137976343799951 0
5804 0.5701577086418267 0.080289657299111 0
5805 0.5703078619290637 0.07900564241636673 0
5806 0.5876556292065884 0.08445885618473989 0
5807 0.5697583008711136 0.08370513711521282 0
5808 0.5699580047564702 0.08199739720716193 0
5809 0.5871707003665999 0.08855404977854697 0
5810 0.5692270885080424 0.08824772551025889 0
5811 0.569492694689578 0.08597643131273586 0
5812 0.5865257449592008 0.09400065768236535 0
5813 0.5685205759968153 0.09428936866009252 0
5814 0.5688738322524288 0.09126854708517571 0
5815 0.5856679541775425 0.1012446469529494 0
5816 0.5675809142528576 0.1023247549389305 0
5817 0.5680507451248364 0.0983070617995115 0
5818 0.5845270923264588 0.1108791536242525 0
5819 0.5663311640234833 0.1130118196296719 0
5820 0.5669560391381704 0.1076682872843012 0
5821 0.5830097459059871 0.123693048835864 0
5822 0.5646689960240929 0.1272256173300788 0
5823 0.5655000800237879 0.1201187184798753 0
5824 0.5809916749593382 0.1407355312189697 0
5825 0.5635636542026321 0.1366777936719667 0
5826 0.6246361684556024 0.07629122662637539 0
5827 0.606873176780319 0.07423305815909509 0
5828 0.6068742988335405 0.07422382265725304 0
5829 0.6246320532053151 0.07632520307935302 0
5830 0.60686865656319 0.07427078782735434 0
5831 0.6068709166717545 0.07425192299322471 0
5832 0.6246265799271984 0.07637039172246907 0
5833 0.6068626446645586 0.07432096836835032 0
5834 0.6068656506138743 0.07429587809785233 0
5835 0.6246193004603404 0.07643049267529847 0
5836 0.6068546488358306 0.07438770851749553 0
5837 0.6068586467501946 0.07435433844292293 0
5838 0.6246096187670587 0.0765104269620516 0
5839 0.606844014382628 0.0744764729241541 0
5840 0.6068493316092294 0.07443209072082482 0
5841 0.6245967421223013 0.07661673950310319 0
5842 0.606829870574924 0.07459452945934816 0
5843 0.6068369424787761 0.07453550119175113 0
5844 0.6245796161914416 0.07675813512765137 0
5845 0.6068110593084532 0.07475154466972272 0
5846 0.6068204649416886 0.07467303706453544 0
5847 0.6245568386846669 0.07694619146295119 0
5848 0.6067860402902265 0.0749603751818127 0
5849 0.6067985497993399 0.07485595992576771 0
5850 0.6245265445880805 0.07719630649272863 0
5851 0.6067527650056064 0.07523811968258942 0
5852 0.6067694026479165 0.07509924743220106 0
5853 0.6244862534423876 0.07752895945949084 0
5854 0.6067085088727643 0.07560751990448883 0
5855 0.6067306369391854 0.07542281979353913 0
5856 0.624432666211439 0.07797138796453841 0
5857 0.6066496482065711 0.07609882227902127 0
5858 0.6066790785396677 0.07585317109175506 0
5859 0.6243613951825113 0.07855981797339413 0
5860 0.6065713635074066 0.07675225454672471 0
5861 0.6066105058569888 0.07642553841287299 0
5862 0.6242666047149205 0.0793424298778837 0
5863 0.606467244872344 0.07762131933901589 0
5864 0.6065193041898753 0.07718678694287032 0
5865 0.6241405333870433 0.080383303760238 0
5866 0.6063287670613747 0.0787771757325875 0
5867 0.6063980059668594 0.07819924753580169 0
5868 0.6239728584861166 0.08176766631149732 0
5869 0.6061445915320607 0.08031446507596141 0
5870 0.6062366792967178 0.07954582040427444 0
5871 0.6237498508410264 0.08360886872641449 0
5872 0.6058996380671163 0.08235905999410395 0
5873 0.6060221147995885 0.08133676253503266 0
5874 0.6234532506425179 0.08605766819039121 0
5875 0.6055738499109318 0.08507837163428678 0
5876 0.605736743989024 0.08371871581419535 0
5877 0.6230587723386247 0.08931457180671135 0
5878 0.6051405516342813 0.08869505635716446 0
5879 0.6053572007726065 0.08688671399572563 0
5880 0.6225341161636166 0.09364625387095651 0
5881 0.6045642648959353 0.09350524729233903 0
5882 0.6048524082651083 0.09110015182475176 0
5883 0.6218363233965281 0.09940739146494612 0
5884 0.6037978034597937 0.09990280185497244 0
5885 0.6041810341778644 0.09670402457365573 0
5886 0.6209082589191246 0.1070697052672597 0
5887 0.6027784096368733 0.1084115503652366 0
5888 0.6032881065483335 0.1041571761101045 0
5889 0.6196739330435668 0.1172605836201285 0
5890 0.6014226157331523 0.1197281868791445 0
5891 0.6021005126850129 0.1140698686221905 0
5892 0.6180322794575572 0.130814453245534 0
5893 0.5996194096303922 0.1347793152022536 0
5894 0.6005210126817722 0.127253751040699 0
5895 0.61584887996375 0.1488411017001401 0
5896 0.598420277461549 0.1447883164595561 0
5897 0.6601680136386916 0.08035594415908204 0
5898 0.6424002571568218 0.07833857269467967 0
5899 0.6424015131758116 0.07832863795402562 0
5900 0.6601635829805889 0.08039180836545522 0
5901 0.6423953790290822 0.07837843875012857 0
5902 0.642397818092952 0.07835850572240412 0
5903 0.6601576902104427 0.08043950771840132 0
5904 0.6423888911085589 0.07843146069074182 0
5905 0.6423921350688205 0.0784049497204352 0
5906 0.6601498528186525 0.0805029479184986 0
5907 0.6423802621704339 0.07850197990305524 0
5908 0.6423845766394964 0.07846672029689855 0
5909 0.6601394290850298 0.08058732340520092 0
5910 0.6423687856816546 0.07859577046419727 0
5911 0.6423745239260442 0.07854887518362626 0
5912 0.6601255655271787 0.08069954273883301 0
5913 0.6423535219678254 0.07872051177773892 0
5914 0.64236115382474 0.0786581411209681 0
5915 0.6601071270024155 0.08084879439445458 0
5916 0.6423332212260318 0.07888641774436703 0
5917 0.6423433715969286 0.07880346476105297 0
5918 0.6600826037443135 0.08104729925967441 0
5919 0.6423062212029486 0.07910707297825856 0
5920 0.6423197212144902 0.07899674536131279 0
5921 0.6600499877974985 0.08131131084001428 0
5922 0.6422703111826304 0.07940054435448433 0
5923 0.6422882661927894 0.07925380866637147 0
5924 0.6600066085912129 0.08166244621775547 0
5925 0.6422225508509699 0.07979086132276197 0
5926 0.6422464310168001 0.07959570283862315 0
5927 0.6599489142391259 0.08212945633269736 0
5928 0.6421590295995949 0.08030998297447381 0
5929 0.6421907902252824 0.08005042214861788 0
5930 0.6598721807381829 0.08275057988810977 0
5931 0.6420745463210993 0.08100041488703011 0
5932 0.6421167879603471 0.08065519893075196 0
5933 0.6597701251828789 0.08357667420911469 0
5934 0.6419621835767 0.08191868919996828 0
5935 0.6420183649488995 0.08145955204349919 0
5936 0.6596343912878846 0.08467537970817852 0
5937 0.6418127410982279 0.08313999426844826 0
5938 0.641887462337464 0.08252934173420826 0
5939 0.6594538651700219 0.0861366583256475 0
5940 0.6416139825579106 0.08476433036869657 0
5941 0.6417133618280693 0.08395216231857242 0
5942 0.6592137654043482 0.08808015912094322 0
5943 0.641349633687464 0.08692469747866113 0
5944 0.6414818081226872 0.08584451392367885 0
5945 0.6588944326831226 0.09066501544483214 0
5946 0.6409980496381764 0.08979798615656223 0
5947 0.6411738416628203 0.08836134181761168 0
5948 0.6584697201209599 0.09410287470312781 0
5949 0.6405304428214083 0.09361946035327692 0
5950 0.6407642462297923 0.09170872325491958 0
5951 0.6579048523800903 0.09867522778534324 0
5952 0.6399085257222987 0.09870202130302283 0
5953 0.6402194842718535 0.09616074082814988 0
5954 0.6571535782262419 0.104756457858155 0
5955 0.6390813759004712 0.1054618280200783 0
5956 0.639494950811385 0.1020819246615506 0
5957 0.6561543834969995 0.1128444947018786 0
5958 0.6379812665156528 0.11445237194906 0
5959 0.6385313212080621 0.1099570999845692 0
5960 0.6548254543772523 0.1236015847551496 0
5961 0.6365181209051662 0.1264097964262181 0
5962 0.6372496937104095 0.1204310841876391 0
5963 0.6530579784633248 0.1379085160207689 0
5964 0.6345721370157159 0.1423131728400849 0
5965 0.635545128960441 0.1343614846331515 0
5966 0.6507072352561872 0.1569367365598027 0
5967 0.6332780576099586 0.1528889191299689 0
5968 0.6957090904736314 0.08433895540560325 0
5969 0.6779365819848308 0.08236325447216912 0
5970 0.6779379735758386 0.08235261282230105 0
5971 0.6957043406213821 0.08437674087693242 0
5972 0.6779313416171402 0.08240529477021852 0
5973 0.6779339618009855 0.08238427462119381 0
5974 0.6956980233233907 0.08442699551004518 0
5975 0.6779243719166933 0.08246120845822796 0
5976 0.6779278567669167 0.08243325161422324 0
5977 0.6956896213090262 0.08449383423601473 0
5978 0.6779151022109854 0.08253557369628534 0
5979 0.6779197370638392 0.08249839107725666 0
5980 0.6956784466271968 0.08458272976322929 0
5981 0.6779027735012411 0.08263447947214488 0
5982 0.6779089378561134 0.08258502658421511 0
5983 0.6956635843087974 0.08470096074733116 0
5984 0.6778863763347349 0.08276602401401929 0
5985 0.6778945749179879 0.08270025174308207 0
5986 0.6956438174330223 0.08485820789496462 0
5987 0.6778645681007027 0.0829409782753999 0
5988 0.6778754722177189 0.0828535011447096 0
5989 0.6956175274666214 0.08506734677330527 0
5990 0.677835563110232 0.08317366775757978 0
5991 0.6778500656054675 0.08305732301648984 0
5992 0.695582561796793 0.08534550159696694 0
5993 0.6777969864840594 0.08348314467940145 0
5994 0.6778162747971457 0.08332840621849061 0
5995 0.6955360574591145 0.08571544748703458 0
5996 0.677745679566268 0.0838947490253886 0
5997 0.6777713330251637 0.08368894685239503 0
5998 0.6954742066817186 0.08620747558672143 0
5999 0.6776774413545766 0.08444218289403019 0
6000 0.6777115604604222 0.08416846595970939 0
6001 0.6953919451342019 0.08686187306733766 0
6002 0.6775866845178081 0.08517027006141724 0
6003 0.6776320629361924 0.08480622647772372 0
6004 0.6952825372770235 0.08773222170845132 0
6005 0.6774659779420943 0.08613862585614879 0
6006 0.6775263312299512 0.08565444795878299 0
6007 0.6951370248200724 0.08888978545605269 0
6008 0.6773054381658627 0.08742653930808245 0
6009 0.6773857080539786 0.0867825825821156 0
6010 0.6949434932121036 0.09042934556034643 0
6011 0.6770919202162626 0.08913946457791147 0
6012 0.6771986791910627 0.08828300194299696 0
6013 0.6946860961425063 0.09247696074565745 0
6014 0.6768079413305919 0.09141765528868917 0
6015 0.6769499307734272 0.09027855993330033 0
6016 0.6943437580046934 0.0952002892225241 0
6017 0.6764302493572243 0.09444764937866706 0
6018 0.676619095343908 0.09293265233367812 0
6019 0.6938884482353761 0.09882231646289719 0
6020 0.6759279189991116 0.09847754178735793 0
6021 0.6761790841781681 0.09646259558301251 0
6022 0.6932828862065998 0.1036396129756695 0
6023 0.6752598195875785 0.1038372989736548 0
6024 0.6755938692933451 0.1011574203805063 0
6025 0.6924774886456218 0.1100466178364861 0
6026 0.6743712472842852 0.1109657767209863 0
6027 0.6748155334359318 0.1074015378473206 0
6028 0.6914063097773597 0.1185679351936238 0
6029 0.673189445990074 0.1204466531745161 0
6030 0.6737803466371796 0.1157062149477512 0
6031 0.6899816417433609 0.1299012883860446 0
6032 0.6716176501305391 0.133056219966678 0
6033 0.6724035480603066 0.1267514365705971 0
6034 0.6880868330601755 0.144974649706809 0
6035 0.6695271613929612 0.1498269457608999 0
6036 0.6705724057617501 0.141441582863789 0
6037 0.6855667372525185 0.1650222223239564 0
6038 0.6681369862543367 0.1609794794418755 0
6039 0.7312594400939667 0.08823844185850019 0
6040 0.7134821574028036 0.08630533525248726 0
6041 0.713483686186462 0.08629397925864615 0
6042 0.731254367244369 0.08827818285220052 0
6043 0.7134765504629474 0.08634958847664567 0
6044 0.7134793539328755 0.08632746186456647 0
6045 0.7312476203602782 0.08833103832780251 0
6046 0.7134690932207215 0.086408445361202 0
6047 0.7134728218418345 0.08637901691892386 0
6048 0.7312386469958548 0.0884013361775913 0
6049 0.7134591750841596 0.08648672505240401 0
6050 0.7134641341524405 0.08644758520680301 0
6051 0.7312267124182618 0.08849483234060718 0
6052 0.713445983961299 0.08659083705143246 0
6053 0.7134525795227293 0.08653878105191824 0
6054 0.7312108394390706 0.08861918216685254 0
6055 0.7134284397865689 0.08672930586275124 0
6056 0.7134372118739338 0.08666007145709184 0
6057 0.7311897283849655 0.08878456737136839 0
6058 0.7134051060314188 0.08691346940358177 0
6059 0.713416772908994 0.08682138763316651 0
6060 0.7311616506599158 0.08900452987426348 0
6061 0.7133740720951183 0.08715840724398698 0
6062 0.7133895890632687 0.08703593832378438 0
6063 0.7311243072700977 0.08929708012455848 0
6064 0.7133327969717724 0.08748417447753845 0
6065 0.7133534345334454 0.08732129086076271 0
6066 0.7310746405650496 0.08968617193073383 0
6067 0.7132779010523917 0.08791744494022996 0
6068 0.713305349012082 0.08770080970888422 0
6069 0.7310085838384888 0.09020366410225442 0
6070 0.7132048894678156 0.08849369474874588 0
6071 0.7132413952601037 0.08820556984448791 0
6072 0.7309207283776593 0.09089192880400042 0
6073 0.7131077840440454 0.08926010712259219 0
6074 0.7131563367559305 0.08887690093566904 0
6075 0.7308038806158441 0.09180732084879714 0
6076 0.7129786338488222 0.09027943543465629 0
6077 0.7130432089464338 0.08976977127862423 0
6078 0.7306484730852567 0.09302479232613968 0
6079 0.7128068640565068 0.09163514234753609 0
6080 0.7128927489526644 0.09095728889109618 0
6081 0.7304417810266164 0.09464402972754898 0
6082 0.712578410182213 0.09343823294035931 0
6083 0.71269263711936 0.09253668764394771 0
6084 0.7301668805555179 0.09679761573078571 0
6085 0.7122745665158111 0.09583634353608383 0
6086 0.7124264883490121 0.09463728823822157 0
6087 0.7298012628913118 0.0996618854100052 0
6088 0.711870454380194 0.09902583109644547 0
6089 0.7120725104480026 0.09743108731626465 0
6090 0.7293149913487615 0.1034713644684565 0
6091 0.7113329852039436 0.1032678498349082 0
6092 0.7116017197920688 0.1011468404656769 0
6093 0.7286682501591658 0.1085379719139234 0
6094 0.7106181511618219 0.1089097350546847 0
6095 0.7109755681828827 0.1060887924447964 0
6096 0.7278080843100334 0.1152765603410402 0
6097 0.7096674217938332 0.1164134431228416 0
6098 0.7101427864778276 0.1126615890887631 0
6099 0.726664063610899 0.1242388838875339 0
6100 0.7084029515944255 0.1263933759583162 0
6101 0.7090351866941295 0.1214034095405789 0
6102 0.7251425159323737 0.1361587753691112 0
6103 0.7067212060813093 0.1396666877968396 0
6104 0.7075620788378673 0.1330300318775779 0
6105 0.7231188573085058 0.1520122326959573 0
6106 0.7044844842873721 0.1573201946059267 0
6107 0.7056028451843406 0.1484934412013832 0
6108 0.7204273910621273 0.1730973331078323 0
6109 0.7029970641573232 0.1690597777158944 0
6110 0.7668190482246604 0.09205245862159205 0
6111 0.7490369968376305 0.09016293366505844 0
6112 0.7490386644792031 0.09015085619203789 0
6113 0.7668136485803672 0.09209419019277146 0
6114 0.7490310189871057 0.09020943937991353 0
6115 0.7490340079123681 0.09018618652248599 0
6116 0.7668064670597096 0.09214969313411553 0
6117 0.7490230684328822 0.09027129208200452 0
6118 0.749027043709994 0.09024036573095903 0
6119 0.7667969156280995 0.09222351211670918 0
6120 0.7490124941910721 0.09035355621229597 0
6121 0.7490177813119772 0.09031242414715024 0
6122 0.7667842122209605 0.09232169138749738 0
6123 0.7489984304481502 0.0904629675158086 0
6124 0.7490054623196111 0.09040826186405226 0
6125 0.7667673166990537 0.09245226974354537 0
6126 0.7489797256899742 0.09060848439458932 0
6127 0.7489890780690621 0.09053572595519896 0
6128 0.7667448456636665 0.09262593888947351 0
6129 0.748954848358658 0.09080202186625258 0
6130 0.748967287024316 0.09070525313042095 0
6131 0.7667149591620239 0.0928569190435074 0
6132 0.7489217614632817 0.09105942705151832 0
6133 0.7489383049109699 0.09093072445888545 0
6134 0.7666752100983383 0.09316412277590003 0
6135 0.7488777559051543 0.09140177584894019 0
6136 0.7488997586842179 0.09123060145022924 0
6137 0.7666223438472666 0.09357270371192701 0
6138 0.7488192285071618 0.09185709979372066 0
6139 0.748848492206158 0.09162943782133041 0
6140 0.7665520317239242 0.09411611642962192 0
6141 0.7487413870552512 0.09246268073815567 0
6142 0.7487803077812065 0.09215989026593818 0
6143 0.7664585165844408 0.09483885546347096 0
6144 0.7486378579068489 0.09326810352931569 0
6145 0.74868962248105 0.09286539213373568 0
6146 0.7663341414500862 0.0958000983695376 0
6147 0.7485001641590815 0.09433931568901904 0
6148 0.7485690110329652 0.09380370960916738 0
6149 0.7661687225135465 0.09707855149526268 0
6150 0.7483170314397216 0.09576402813238333 0
6151 0.7484085977994017 0.09505167191070119 0
6152 0.765948715282222 0.09877889450587755 0
6153 0.7480734648691167 0.09765889610104322 0
6154 0.7481952481544192 0.09671146211671328 0
6155 0.7656561056293207 0.1010403509823485 0
6156 0.7477495213157219 0.100179070612091 0
6157 0.7479114930924193 0.0989189833565671 0
6158 0.7652669347508917 0.1040480884057412 0
6159 0.7473186763264815 0.1035309032036554 0
6160 0.7475340988211018 0.1018549869078732 0
6161 0.7647493374302587 0.1080483795832316 0
6162 0.7467456524525389 0.1079888408480327 0
6163 0.7470321643895101 0.1057598720258441 0
6164 0.7640609329533645 0.1133687671619336 0
6165 0.7459835306599916 0.1139178982278243 0
6166 0.7463645915562653 0.1109533695379285 0
6167 0.7631453549278111 0.1204448831925322 0
6168 0.7449699085778529 0.1218035453057481 0
6169 0.7454767196189223 0.1178607217667862 0
6170 0.7619276360263199 0.1298561184986614 0
6171 0.7436217910593659 0.1322914570804473 0
6172 0.7442958498186094 0.1270475011930977 0
6173 0.760308069729082 0.1423730626788942 0
6174 0.7418287946020898 0.146240380967558 0
6175 0.7427252928307277 0.1392659190240026 0
6176 0.7581540463287063 0.1590206001779167 0
6177 0.7394441090351223 0.164792451906316 0
6178 0.740636451818606 0.155516416436937 0
6179 0.7552891949117515 0.1811618273273369 0
6180 0.7378582929869796 0.1771295802175946 0
6181 0.8023879401772364 0.09577893065637333 0
6182 0.7846011058065832 0.09393404009635212 0
6183 0.784602913907845 0.09392123480630411 0
6184 0.8023822099305188 0.09582268871120977 0
6185 0.7845947527043027 0.0939828388076291 0
6186 0.7845979292554428 0.09395843945199062 0
6187 0.8023745887090198 0.09588088687347107 0
6188 0.7845863030644267 0.09404774119995751 0
6189 0.7845905278843647 0.0940152900037933 0
6190 0.8023644524747312 0.09595829050331323 0
6191 0.784575065038404 0.09413406142006492 0
6192 0.7845806840514153 0.0940909013100112 0
6193 0.8023509712798405 0.09606123735610446 0
6194 0.7845601184623969 0.09424886732353693 0
6195 0.7845675917504005 0.09419146437180093 0
6196 0.8023330413008105 0.09619815659261814 0
6197 0.7845402395374673 0.09440155901262659 0
6198 0.7845501789999322 0.09432521316808176 0
6199 0.8023091944379852 0.0963802591062822 0
6200 0.7845138005641844 0.09460463898312912 0
6201 0.7845270200508259 0.09450309899787786 0
6202 0.8022774780843451 0.09662245564862884 0
6203 0.7844786366821845 0.09487473570900712 0
6204 0.7844962186231845 0.09473968734606812 0
6205 0.8022352953164926 0.09694457718367008 0
6206 0.7844318687326464 0.09523396425056296 0
6207 0.7844552527074155 0.09505434997978505 0
6208 0.8021791922391009 0.09737299879585745 0
6209 0.784369667353721 0.09571173825722148 0
6210 0.7844007680431837 0.09547285125389224 0
6211 0.8021045751361769 0.09794279961637992 0
6212 0.7842869395063801 0.09634717778878035 0
6213 0.7843283034300506 0.09602945802300092 0
6214 0.8020053343729048 0.09870063483278346 0
6215 0.7841769114509655 0.09719231250747407 0
6216 0.7842319254786728 0.09676974514812721 0
6217 0.8018733441589816 0.09970855566121276 0
6218 0.7840305741581024 0.09831634152327626 0
6219 0.7841037428045339 0.09775432701537516 0
6220 0.8016977971661352 0.101049090426626 0
6221 0.7838359455215793 0.09981130039861238 0
6222 0.783933259839841 0.09906382096094432 0
6223 0.8014643196171234 0.1028320020351869 0
6224 0.7835770893777662 0.1017995961424521 0
6225 0.7837065174496727 0.1008054482705322 0
6226 0.8011537944395404 0.1052032747601511 0
6227 0.7832328106910948 0.1044440296000475 0
6228 0.7834049500344307 0.1031218128712498 0
6229 0.8007407959108312 0.1083570678090781 0
6230 0.7827749199706281 0.1079611266147718 0
6231 0.7830038653308615 0.1062025781074097 0
6232 0.8001915078121221 0.1125516129881658 0
6233 0.7821659252717528 0.1126388659566256 0
6234 0.7824704226211904 0.1102999962856987 0
6235 0.7994609545979099 0.1181303584041742 0
6236 0.7813559622795216 0.1188602596094823 0
6237 0.7817609437756372 0.1157495627830539 0
6238 0.7984893187473591 0.1255500903851437 0
6239 0.7802787113956484 0.1271347139681936 0
6240 0.780817336837585 0.122997486788838 0
6241 0.7971970429308144 0.1354183349531184 0
6242 0.7788459675614857 0.1381397394835863 0
6243 0.7795623394785671 0.13263722672589 0
6244 0.7954783159268664 0.1485431015109986 0
6245 0.7769404180944626 0.1527764247063065 0
6246 0.7778931928279742 0.1454580820949464 0
6247 0.7931924087727868 0.1659990428567534 0
6248 0.7744060370070305 0.1722432183283636 0
6249 0.7756732275507465 0.1625098215173351 0
6250 0.7901521519453774 0.1892154472328359 0
6251 0.7727206734285876 0.1851886372800922 0
6252 0.8379661186441172 0.09941563077868484 0
6253 0.8201744983091701 0.09761650381369399 0
6254 0.8201764485175562 0.09760296527742396 0
6255 0.8379600539861425 0.09946145213682844 0
6256 0.8201677656074912 0.09766763703434422 0
6257 0.8201711319583306 0.09764207042401911 0
6258 0.8379519879980588 0.099522394490099 0
6259 0.8201588110995874 0.09773564432922584 0
6260 0.8201632883535394 0.09770164068178505 0
6261 0.8379412602236467 0.09960344789747441 0
6262 0.8201469015987906 0.0978260940715618 0
6263 0.8201528563491891 0.09778086920039382 0
6264 0.8379269922802001 0.09971124895556843 0
6265 0.8201310619612501 0.09794639224011109 0
6266 0.8201389817800204 0.09788624315583645 0
6267 0.8379080159261845 0.09985462428147117 0
6268 0.820109995265745 0.09810638863397822 0
6269 0.8201205286134974 0.09802639043704466 0
6270 0.83788277738517 0.1000453133906796 0
6271 0.8200819765574101 0.09831918386298358 0
6272 0.8200959859115777 0.0982127862484809 0
6273 0.8378492100980162 0.1002989301144917 0
6274 0.8200447116249511 0.09860220190013699 0
6275 0.8200633440911806 0.09846069288156029 0
6276 0.8378045655875687 0.1006362404971873 0
6277 0.8199951492791102 0.09897861578072038 0
6278 0.8200199304520307 0.09879040884042868 0
6279 0.8377451883927505 0.1010848632753679 0
6280 0.8199292313527412 0.09947924629050492 0
6281 0.8199621903159258 0.09922893103561264 0
6282 0.8376662167130656 0.1016815316502598 0
6283 0.8198415604965014 0.1001450849761348 0
6284 0.8198853959246213 0.09981216563331985 0
6285 0.8375611843617456 0.1024751007198738 0
6286 0.8197249582381491 0.1010306505765225 0
6287 0.8197832593673253 0.1005878677763286 0
6288 0.8374214913357909 0.1035305475726302 0
6289 0.8195698772566236 0.1022084526573205 0
6290 0.8196474177473863 0.1016195516169215 0
6291 0.8372356996024561 0.1049342919533979 0
6292 0.8193636195119678 0.1037749297227034 0
6293 0.8194667483842957 0.1029916911900119 0
6294 0.8369885965457629 0.1068012723678529 0
6295 0.8190892966509186 0.1058583446803364 0
6296 0.819226458081443 0.1048166372015199 0
6297 0.8366599494407811 0.1092843566181216 0
6298 0.8187244472294029 0.1086292866979363 0
6299 0.8189068719401607 0.1072438156891363 0
6300 0.8362228487461498 0.112586859011015 0
6301 0.8182391974275781 0.1123146401221569 0
6302 0.8184818223284906 0.1104719634100466 0
6303 0.8356415047635238 0.1169791876375714 0
6304 0.8175938151480678 0.1172161605035803 0
6305 0.817916506287823 0.1147654003128686 0
6306 0.834868317221197 0.1228209850541712 0
6307 0.8167354566710392 0.1237351829547652 0
6308 0.8171646359095535 0.1204756717291727 0
6309 0.8338399777098391 0.1305905762231665 0
6310 0.815593839786159 0.1324054836535449 0
6311 0.816164648228599 0.1280703333041551 0
6312 0.8324722860165243 0.1409241335599374 0
6313 0.8140754891611797 0.143936984859511 0
6314 0.8148346644736695 0.1381712342565279 0
6315 0.8306532558866706 0.1546677661607884 0
6316 0.8120560826523573 0.1592738828122761 0
6317 0.8130657859067685 0.1516054338358935 0
6318 0.8282339455611991 0.1729467994296902 0
6319 0.8093702716816287 0.1796719594741674 0
6320 0.810713177166993 0.1694729211432218 0
6321 0.8250162624976021 0.1972579161760745 0
6322 0.8075842072214887 0.193236681704455 0
6323 0.8735535909555544 0.1029601628710004 0
6324 0.8557571793558465 0.101208013573159 0
6325 0.8557592732727357 0.1011937369208333 0
6326 0.8735471880744833 0.1030080853348609 0
6327 0.8557500627047794 0.1012615238985303 0
6328 0.8557536210303129 0.1012347687358446 0
6329 0.8735386722500733 0.1030718221563019 0
6330 0.8557405975433529 0.1013326927478705 0
6331 0.8557453301240661 0.1012971083232004 0
6332 0.8735273461927747 0.1031565922098989 0
6333 0.8557280088730685 0.1014273473595027 0
6334 0.8557343032082106 0.1013800200536866 0
6335 0.8735122825328947 0.1032693364086729 0
6336 0.8557112659400261 0.1015532380047386 0
6337 0.8557196374065474 0.1014902926821206 0
6338 0.8734922478766235 0.1034192861079491 0
6339 0.855688997862782 0.1017206723846817 0
6340 0.8557001319014039 0.1016369551947102 0
6341 0.8734656017941571 0.1036187191303401 0
6342 0.8556593813165452 0.101943360136338 0
6343 0.8556741895896636 0.1018320162605098 0
6344 0.8734301624753331 0.1038839652682485 0
6345 0.8556199912568041 0.1022395352464023 0
6346 0.8556396862866746 0.1020914476913701 0
6347 0.8733830281617305 0.1042367427781128 0
6348 0.8555676024924951 0.1026334480288979 0
6349 0.8555937968746495 0.1024364916376501 0
6350 0.8733203395289432 0.1047059368340155 0
6351 0.8554979254291986 0.1031573520804855 0
6352 0.8555327639608469 0.1028954000546917 0
6353 0.8732369636361694 0.1053299650119421 0
6354 0.8554052549200366 0.1038541445817164 0
6355 0.8554515901746176 0.1035057483311009 0
6356 0.8731260736804742 0.1061599226255994 0
6357 0.8552820031221833 0.1047808787637568 0
6358 0.8553436290211099 0.1043175116727366 0
6359 0.8729785900407733 0.1072637662414827 0
6360 0.8551180782543809 0.1060134350503561 0
6361 0.8552000406882821 0.1053971569070564 0
6362 0.8727824367906643 0.1087318783202633 0
6363 0.8549000581387396 0.1076527352233051 0
6364 0.8550090681965601 0.1068330851368306 0
6365 0.8725215529137973 0.1106844677908683 0
6366 0.8546100913208206 0.109833004935416 0
6367 0.8547550747297801 0.1087428700793606 0
6368 0.8721745773157769 0.1132814120995285 0
6369 0.8542244354357373 0.112732763782234 0
6370 0.8544172633782789 0.111282884358825 0
6371 0.8717130997228946 0.1167353483856746 0
6372 0.8537115130333071 0.1165894436144556 0
6373 0.8539679742345222 0.1146611036983448 0
6374 0.8710993344623175 0.1213290841106168 0
6375 0.8530293261925344 0.1217188281337326 0
6376 0.8533704196129206 0.1191541358740941 0
6377 0.8702830266177815 0.127438752983811 0
6378 0.8521220176464441 0.1285409099042497 0
6379 0.8525756719194892 0.1251298690189911 0
6380 0.8691973371000199 0.135564613217815 0
6381 0.8509152971634147 0.1376142795367318 0
6382 0.8515186574049294 0.1330775947204908 0
6383 0.867753369890202 0.1463720084606622 0
6384 0.8493103587433115 0.1496818624838678 0
6385 0.8501128279533632 0.1436480710102998 0
6386 0.8658328933134865 0.1607458455381743 0
6387 0.8471757904568457 0.1657317492150949 0
6388 0.8482430746000786 0.1577068058494813 0
6389 0.8632786591995918 0.1798630508486066 0
6390 0.8443368143039451 0.1870781010632019 0
6391 0.8457563023803953 0.1764049251391484 0
6392 0.859881527478948 0.2052889365248045 0
6393 0.8424488949882669 0.2012734263504374 0
6394 0.9091503791694739 0.1064099393528943 0
6395 0.8913491636381143 0.104706077964409 0
6396 0.8913514029652805 0.1046910594081138 0
6397 0.9091436342444201 0.1064600017861689 0
6398 0.8913416586807891 0.1047620091566208 0
6399 0.8913454111594517 0.1047340435605149 0
6400 0.9091346635019092 0.1065265847644526 0
6401 0.8913316770711934 0.1048363977641338 0
6402 0.8913366678759912 0.1047992034603773 0
6403 0.9091227324029578 0.1066151402102711 0
6404 0.891318401524539 0.1049353346560362 0
6405 0.8913250392978662 0.104885866210085 0
6406 0.9091068640374833 0.1067329189819273 0
6407 0.8913007450458389 0.1050669207345639 0
6408 0.891309573285189 0.1050011276953001 0
6409 0.9090857591233786 0.106889564659337 0
6410 0.8912772619541632 0.1052419300327222 0
6411 0.8912890035000011 0.1051544253836431 0
6412 0.9090576895985483 0.1070979033291781 0
6413 0.891246029438542 0.1054746924267959 0
6414 0.8912616456963527 0.1053583112297591 0
6415 0.909020357099823 0.1073749939879357 0
6416 0.891204490136614 0.1057842668293882 0
6417 0.8912252597875781 0.1056294796280921 0
6418 0.9089707048559061 0.107743524717069 0
6419 0.8911492428810227 0.1061960006657936 0
6420 0.8911768665088183 0.1059901337475909 0
6421 0.9089046673760315 0.1082336705531607 0
6422 0.8910757640239519 0.1067436067213825 0
6423 0.8911125034524873 0.1064698036935881 0
6424 0.9088168375160349 0.1088855646024709 0
6425 0.8909780371282524 0.1074719228930305 0
6426 0.8910269005761021 0.1071077648072065 0
6427 0.9087000237829552 0.1097525838311868 0
6428 0.890848060335177 0.1084405835637558 0
6429 0.8909130487317147 0.1079562532283931 0
6430 0.9085446615194065 0.1109057193946388 0
6431 0.8906751912250027 0.1097289020723657 0
6432 0.8907616257800899 0.1090847428180608 0
6433 0.9083380296990826 0.1124393897667966 0
6434 0.8904452752647443 0.1114423660146942 0
6435 0.8905602332448734 0.11058563404353 0
6436 0.9080632093209331 0.114479171785715 0
6437 0.8901394869699861 0.113721273561889 0
6438 0.8902923811173652 0.1125818197882917 0
6439 0.9076976981739751 0.1171920821975978 0
6440 0.8897327885197657 0.1167522207352373 0
6441 0.8899361377448758 0.1152367471485632 0
6442 0.9072115682984674 0.1208002534169105 0
6443 0.8891918795015963 0.1207833810673479 0
6444 0.8894623340106809 0.1187678009012926 0
6445 0.906565015498684 0.1255991216237004 0
6446 0.8884724704594051 0.1261448246669693 0
6447 0.8888321749805006 0.1234641028671586 0
6448 0.905705100224441 0.1319816167137844 0
6449 0.8875156563828173 0.1332755450306261 0
6450 0.8879940634211112 0.1297101848487978 0
6451 0.9045614128206536 0.1404703358445033 0
6452 0.8862430935378562 0.1427594040316922 0
6453 0.8868793749603368 0.1380174745311592 0
6454 0.9030403084143444 0.1517603334705134 0
6455 0.88455058476669 0.1553729378994833 0
6456 0.8853968391522731 0.1490661709655878 0
6457 0.901017239356271 0.166776031780351 0
6458 0.8822995479030674 0.1721489394190419 0
6459 0.8834250663348787 0.1637609386592626 0
6460 0.8983265572279144 0.1867469126189674 0
6461 0.8793056685244387 0.194461024048532 0
6462 0.8808026082137532 0.183304981733787 0
6463 0.8947479496293838 0.2133081868643473 0
6464 0.8773147385541831 0.2092985616945802 0
6465 0.944756470168423 0.1097621489214915 0
6466 0.9269504556254236 0.1081079980209738 0
6467 0.9269528419401076 0.1080922354411957 0
6468 0.9447493793838804 0.109814391340924 0
6469 0.9269425580028769 0.1081663951061191 0
6470 0.9269465068141503 0.1081371965635465 0
6471 0.9447399486486495 0.1098838736982733 0
6472 0.9269320541476818 0.1082440633566068 0
6473 0.9269373060752794 0.108205229231363 0
6474 0.9447274057587958 0.1099762853219372 0
6475 0.9269180840140718 0.1083473621756015 0
6476 0.9269250690808768 0.1082957127661042 0
6477 0.9447107237112227 0.1100991928113784 0
6478 0.9268995037346341 0.1084847496177041 0
6479 0.926908793874353 0.1084160558966528 0
6480 0.9446885366005413 0.1102626596795713 0
6481 0.9268747919892857 0.1086674747212042 0
6482 0.92688714786196 0.1085761121694542 0
6483 0.9446590277548238 0.110480070529622 0
6484 0.9268419253640863 0.1089104991375958 0
6485 0.9268583586766861 0.1087889869294 0
6486 0.9446197809577445 0.1107692271979809 0
6487 0.9267982126934811 0.1092337220483207 0
6488 0.9268200690287838 0.1090721105929583 0
6489 0.9445675826959601 0.1111538057265457 0
6490 0.9267400748583852 0.109663608395294 0
6491 0.9267691437759331 0.1094486652218074 0
6492 0.944498159012554 0.1116652951344158 0
6493 0.9266627515302002 0.1102353572922825 0
6494 0.9267014131942926 0.1099494828437882 0
6495 0.9444058255012575 0.1123455761379933 0
6496 0.9265599114870923 0.1109957834481818 0
6497 0.9266113315086462 0.1106155703702321 0
6498 0.9442830219109603 0.1132503500221174 0
6499 0.9264231342068232 0.1120071504051225 0
6500 0.9264915228469577 0.1115014669266521 0
6501 0.944119693137386 0.1144536992767946 0
6502 0.9262412204499693 0.1133522682663109 0
6503 0.9263321773283962 0.1126797093357167 0
6504 0.9439024658582255 0.1160541538614507 0
6505 0.9259992751073389 0.1151412753619364 0
6506 0.9261202477786541 0.1142467718141237 0
6507 0.9436135535168945 0.1181827589014526 0
6508 0.9256774877304887 0.1175206553252312 0
6509 0.9258383814189137 0.1163309653435838 0
6510 0.9432293000566476 0.1210138039456035 0
6511 0.9252495105001339 0.1206852308179702 0
6512 0.9254634991153112 0.1191029430716007 0
6513 0.9427182429018997 0.12477909424201 0
6514 0.9246803007002331 0.1248941168409503 0
6515 0.9249649056001835 0.1227896738294603 0
6516 0.9420385368173753 0.1297869308424586 0
6517 0.9239232516158262 0.1304919356252087 0
6518 0.9243017761580297 0.1276930262330795 0
6519 0.9411345276718355 0.136447353912441 0
6520 0.9229163762804503 0.1379370350010168 0
6521 0.9234198139481382 0.1342144853131127 0
6522 0.9399321954146576 0.1453057172852044 0
6523 0.9215772319548607 0.1478390181286909 0
6524 0.9222468041176557 0.1428880265648538 0
6525 0.9383330933451721 0.1570873418046108 0
6526 0.9197961698046556 0.1610086571464333 0
6527 0.9206867008797583 0.1544238376375621 0
6528 0.9362062873849377 0.1727569039465572 0
6529 0.917427356936553 0.178524278580475 0
6530 0.9186117633706044 0.1697664678634541 0
6531 0.9333776351622918 0.1935974237727372 0
6532 0.914276835453653 0.2018200578112296 0
6533 0.915852096195103 0.1901721681958523 0
6534 0.9296155273194957 0.221315317990456 0
6535 0.9121817384744524 0.2173117524274048 0
6536 0.9803719074829804 0.113013732966929 0
6537 0.9625610705216601 0.1114108393031218 0
6538 0.9625636054913915 0.1113943325550405 0
6539 0.9803644670055887 0.1130681966437417 0
6540 0.9625527758678092 0.1114717486815439 0
6541 0.9625569231947345 0.1114412939923329 0
6542 0.9803545711792736 0.1131406332708344 0
6543 0.962541743960114 0.1115527582875638 0
6544 0.9625472599139615 0.1115122534845538 0
6545 0.9803414097176861 0.1132369740770153 0
6546 0.9625270715163678 0.1116605011113887 0
6547 0.9625344077382409 0.1116066296994762 0
6548 0.9803239049695067 0.1133651073804781 0
6549 0.9625075571643615 0.1118037990804678 0
6550 0.9625173143403647 0.1117321500959283 0
6551 0.9803006236676395 0.1135355245773758 0
6552 0.9624816031038192 0.1119943851764793 0
6553 0.9624945801340905 0.1118990921284736 0
6554 0.9802696595482119 0.1137621793610047 0
6555 0.9624470841992165 0.1122478647141473 0
6556 0.9624643436515179 0.1121211249453133 0
6557 0.9802284772355063 0.1140636304711331 0
6558 0.9624011739940342 0.1125849929549666 0
6559 0.9624241290966254 0.112416428834557 0
6560 0.9801737047368702 0.1144645606140393 0
6561 0.9623401134387961 0.1130333733856184 0
6562 0.962370643716415 0.1128091831702925 0
6563 0.9801008573186862 0.1149977976674903 0
6564 0.9622589028924442 0.1136297194162877 0
6565 0.96229950816562 0.1133315464009531 0
6566 0.9800039702395256 0.1157070030435643 0
6567 0.962150892848339 0.1144228597652699 0
6568 0.9622048978703914 0.1140262895907788 0
6569 0.979875110402969 0.1166502463494594 0
6570 0.9620072394655903 0.1154777366063069 0
6571 0.9620790661569646 0.1149502981857884 0
6572 0.9797037268219453 0.1179047599346153 0
6573 0.9618161804937408 0.116880722605103 0
6574 0.9619117099796655 0.1161792296057049 0
6575 0.9794757866483685 0.1195732630820372 0
6576 0.961562072012853 0.1187466943383849 0
6577 0.9616891262532969 0.117813708471744 0
6578 0.9791726261545024 0.1217923727293278 0
6579 0.9612241076585438 0.1212284372923955 0
6580 0.9613930898356985 0.1199875658153902 0
6581 0.9787694226491022 0.1247437889156688 0
6582 0.960774615047206 0.1245291555688768 0
6583 0.9609993613528749 0.1228787964306362 0
6584 0.9782331619317046 0.1286691728476718 0
6585 0.9601767897863982 0.128919111520805 0
6586 0.9604757024168022 0.1267241335448409 0
6587 0.9775199351054679 0.1338899340049878 0
6588 0.9593816821364449 0.1347577533266415 0
6589 0.9597792359614217 0.1318384324237232 0
6590 0.976571343370831 0.1408335467522451 0
6591 0.9583241889062215 0.1425231473380446 0
6592 0.9588529355213332 0.138640450332343 0
6593 0.9753097162655371 0.1500685524251085 0
6594 0.956917722773973 0.1528511223722682 0
6595 0.9576209558400974 0.1476871348551564 0
6596 0.9736317520398 0.1623511112560997 0
6597 0.9550471226109991 0.1665873306884423 0
6598 0.9559824226924861 0.1597192265303553 0
6599 0.9714000594015018 0.1786869160975553 0
6600 0.9525592241754404 0.1848564893556703 0
6601 0.9538031733932197 0.1757219100220563 0
6602 0.9684319078824564 0.2004135388066615 0
6603 0.9492503188693078 0.2091544732237284 0
6604 0.9509047715223741 0.1970054812896993 0
6605 0.9644842659563801 0.2293099499798022 0
6606 0.9470498966379332 0.2253126339851279 0
6607 0.998181012001099 0.1146113930235251 0
6608 0.9981836975322366 0.1145941437290959 0
6609 0.9981723159481402 0.114674862598299 0
6610 0.9981766639746196 0.114643127810912 0
6611 0.9981607501787565 0.1147592772710452 0
6612 0.9981665330634483 0.1147170699346721 0
6613 0.9981453676986496 0.1148715488356263 0
6614 0.9981530589387031 0.1148154130533357 0
6615 0.9981249089981949 0.1150208700304738 0
6616 0.9981351383484223 0.1149462094330501 0
6617 0.9980976989555536 0.1152194670082305 0
6618 0.9981113039768743 0.1151201685193521 0
6619 0.9980615095945615 0.1154836010198794 0
6620 0.9980796042750575 0.1153515340140548 0
6621 0.998013377679378 0.1158348997302484 0
6622 0.9980374436369698 0.1156592503750638 0
6623 0.9979493622506928 0.1163021268799524 0
6624 0.9979813699650353 0.1160685133051007 0
6625 0.9978642217222744 0.116923539049395 0
6626 0.9979067919864836 0.1166128329646738 0
6627 0.9977509848011763 0.117750017368334 0
6628 0.9978076032617254 0.1173367782088645 0
6629 0.997600379670861 0.1188492337168484 0
6630 0.9976756822360187 0.1182996255425909 0
6631 0.997400074876065 0.1203111912521924 0
6632 0.997500227273463 0.1195802124845202 0
6633 0.997133669448319 0.122255595144 0
6634 0.9972668721621918 0.1212833931980973 0
6635 0.9967793501510724 0.1248416528919142 0
6636 0.9969565097996954 0.1235486240179591 0
6637 0.996308105464655 0.1282811098504937 0
6638 0.9965437278078639 0.1265613813712022 0
6639 0.9956813499397458 0.1328555882766899 0
6640 0.9959947277022004 0.1305683490635912 0
6641 0.9948477650359689 0.1389396449896866 0
6642 0.9952645574878569 0.1358976166331909 0
6643 0.9937390970554607 0.1470314408448312 0
6644 0.9942934310457155 0.1429855429172545 0
6645 0.9922645684987496 0.1577935303732247 0
6646 0.9930018327771059 0.1524124856090234 0
6647 0.9903034453012188 0.1721071110305616 0
6648 0.991284006899984 0.1649503207018952 0
6649 0.9876951512191112 0.1911441749790716 0
6650 0.9889992982601671 0.1816256430048012 0
6651 0.9842261196843484 0.2164634729906351 0
6652 0.9859606354517295 0.2038038239848542 0
6653 0.9819192135011174 0.2333008077200311 0
6654 0.958384737008263 0.2729886588769128 0
6655 0.9238966293722221 0.2652614948888971 0
6656 0.8894085217361614 0.2575343309008781 0
6657 0.8549204141001308 0.2498071669128653 0
6658 0.8204323064641343 0.2420800029248623 0
6659 0.7859441988281511 0.2343528389368614 0
6660 0.7514560911921713 0.2266256749488613 0
6661 0.7169679835560309 0.2188985109608239 0
6662 0.6824798759197974 0.211171346972765 0
6663 0.6479917682835616 0.2034441829847066 0
6664 0.6135036606473201 0.1957170189966473 0
6665 0.5790155530110679 0.1879898550085859 0
6666 0.5445274453748247 0.1802626910205257 0
6667 0.510039337738593 0.1725355270324681 0
6668 0.9537693523967588 0.3069545791480094 0
6669 0.9196109150901268 0.3017005276448361 0
6670 0.8854524777834604 0.2964464761416592 0
6671 0.8512940404768309 0.2911924246384871 0
6672 0.8171356031701977 0.2859383731353189 0
6673 0.7829771658635905 0.2806843216321531 0
6674 0.7488187285569893 0.275430270128988 0
6675 0.7146602912502509 0.2701762186257993 0
6676 0.6805018539434309 0.2649221671225966 0
6677 0.6463434166365941 0.2596681156193932 0
6678 0.6121849793297418 0.2544140641161884 0
6679 0.5780265420228728 0.2491600126129819 0
6680 0.5438681047160283 0.2439059611097774 0
6681 0.5097096674091992 0.2386519096065747 0
6682 0.9756287908262966 0.2768522408709224 0
6683 0.9603078139352501 0.2593965637374601 0
6684 0.9776205490720857 0.2634951916602148 0
6685 0.9411406831902425 0.269125076882905 0
6686 0.9256823436615607 0.2511993078919747 0
6687 0.9429950787984005 0.2552979358147162 0
6688 0.9066525755541917 0.2613979128948876 0
6689 0.8910568733878574 0.2430020520464867 0
6690 0.9083696085247217 0.2471006799692339 0
6691 0.8721644679181461 0.2536707489068717 0
6692 0.8564314031141815 0.2348047962010048 0
6693 0.8737441382510366 0.23890342412375 0
6694 0.8376763602821325 0.2459435849188638 0
6695 0.8218059328405558 0.2266075403555362 0
6696 0.8391186679773605 0.2307061682782684 0
6697 0.8031882526461427 0.2382164209308619 0
6698 0.7871804625669376 0.2184102845100687 0
6699 0.8044931977037457 0.2225089124328022 0
6700 0.7687001450101612 0.2304892569428613 0
6701 0.7525549922933219 0.2102130286646019 0
6702 0.7698677274301531 0.2143116565873411 0
6703 0.734212037374101 0.2227620929548426 0
6704 0.7179295220195356 0.2020157728190939 0
6705 0.735242257156469 0.2061144007418579 0
6706 0.6997239297379141 0.2150349289667944 0
6707 0.6833040517456521 0.1938185169735625 0
6708 0.7006167868825942 0.1979171448963283 0
6709 0.6652358221016795 0.2073077649787358 0
6710 0.6486785814717719 0.1856212611280325 0
6711 0.6659913166086957 0.1897198890507935 0
6712 0.6307477144654409 0.1995806009906769 0
6713 0.6140531111978903 0.1774240052825024 0
6714 0.6313658463348211 0.1815226332052649 0
6715 0.596259606829194 0.1918534370026166 0
6716 0.5794276409239999 0.1692267494369704 0
6717 0.59674037606095 0.1733253773597376 0
6718 0.5617714991929463 0.1841262730145558 0
6719 0.5448021706501127 0.1610294935914387 0
6720 0.562114905787059 0.1651281215142052 0
6721 0.5272833915567088 0.1763991090264969 0
6722 0.5101767003762353 0.1528322377459092 0
6723 0.5274894355131647 0.1569308656686716 0
6724 0.4927952839204751 0.1686719450384389 0
6725 0.4928639652393021 0.1487336098231604 0
6726 0.9708485710501065 0.3095816048995987 0
6727 0.9560770447025109 0.2899716190124611 0
6728 0.973238680938191 0.2932169228853286 0
6729 0.9366901337434428 0.3043275533964227 0
6730 0.9217537722311744 0.2834810112668666 0
6731 0.9389154084668426 0.2867263151396638 0
6732 0.9025316964367935 0.2990735018932477 0
6733 0.8874304997598108 0.2769904035212687 0
6734 0.9045921359954926 0.2802357073940677 0
6735 0.8683732591301456 0.2938194503900732 0
6736 0.8531072272884808 0.2704997957756762 0
6737 0.8702688635241458 0.2737450996484724 0
6738 0.8342148218235144 0.288565398886903 0
6739 0.818783954817166 0.2640091880300906 0
6740 0.8359455910528235 0.2672544919028834 0
6741 0.8000563845168941 0.283311347383736 0
6742 0.7844606823458709 0.2575185802845072 0
6743 0.8016223185815186 0.260763884157299 0
6744 0.7658979472102898 0.2780572958805705 0
6745 0.7501374098745803 0.2510279725389246 0
6746 0.7672990461102255 0.2542732764117159 0
6747 0.7317395099036201 0.2728032443773937 0
6748 0.7158141374031408 0.2445373647933116 0
6749 0.7329757736388606 0.2477826686661181 0
6750 0.6975810725968409 0.267549192874198 0
6751 0.6814908649316141 0.2380467570476809 0
6752 0.6986525011673774 0.2412920609204962 0
6753 0.6634226352900126 0.262295141370995 0
6754 0.6471675924600779 0.2315561493020499 0
6755 0.6643292286958461 0.2348014531748654 0
6756 0.6292641979831679 0.2570410898677908 0
6757 0.612844319988531 0.2250655415564179 0
6758 0.6300059562243043 0.2283108454292339 0
6759 0.5951057606763073 0.2517870383645852 0
6760 0.5785210475169704 0.2185749338107839 0
6761 0.5956826837527507 0.2218202376836009 0
6762 0.5609473233694506 0.2465329868613797 0
6763 0.5441977750454265 0.2120843260651516 0
6764 0.5613594112811985 0.2153296299379677 0
6765 0.5267888860626138 0.241278935358176 0
6766 0.5098745025738961 0.2055937183195214 0
6767 0.5270361388096612 0.2088390221923365 0
6768 0.4926304487557782 0.2360248838549728 0
6769 0.4927128663381266 0.2023484144467002 0
6770 0.9510001216294675 0.3284772895740047 0
6771 0.9679804391840006 0.3297908024498069 0
6772 0.9170394865205087 0.325850263822418 0
6773 0.9340198040749812 0.3271637766982113 0
6774 0.8830788514115067 0.3232232380708296 0
6775 0.9000591689660139 0.3245367509466238 0
6776 0.8491182163025455 0.3205962123192435 0
6777 0.8660985338570413 0.3219097251950366 0
6778 0.815157581193558 0.3179691865676594 0
6779 0.8321378987480585 0.3192826994434516 0
6780 0.7811969460846042 0.3153421608160765 0
6781 0.7981772636390823 0.316655673691868 0
6782 0.747236310975658 0.312715135064494 0
6783 0.7642166285301326 0.3140286479402852 0
6784 0.7132756758665889 0.3100881093128997 0
6785 0.7302559934211602 0.3114016221886968 0
6786 0.6793150407574444 0.3074610835612983 0
6787 0.6962953583120044 0.308774596437099 0
6788 0.6453544056482747 0.3048340578096966 0
6789 0.662334723202831 0.3061475706854975 0
6790 0.6113937705390837 0.3022070320580942 0
6791 0.6283740880936883 0.3035205449338954 0
6792 0.5774331354298727 0.299580006306491 0
6793 0.5944134529844822 0.3008935191822926 0
6794 0.5434725003206949 0.2969529805548887 0
6795 0.5604528178752403 0.2982664934306898 0
6796 0.509511865211535 0.2943259548032873 0
6797 0.5264921827661142 0.2956394676790881 0
6798 0.4925315476569319 0.2930124419274968 0
6799 0.4283673441064651 0.1539119097401353 0
6800 0.3858593384821001 0.1440952850902697 0
6801 0.3475638381423413 0.1352514791508366 0
6802 0.3130633875072488 0.127284086440655 0
6803 0.2819819004459644 0.1201062551696109 0
6804 0.2539805605169496 0.1136397404569357 0
6805 0.2287541281554552 0.1078140515282115 0
6806 0.2060276124719801 0.102565683114143 0
6807 0.1855532739500258 0.09783742326585913 0
6808 0.167107924109183 0.09357772975016934 0
6809 0.1504904918856281 0.08974016803944729 0
6810 0.1355198320628506 0.08628290519960247 0
6811 0.1220327508155024 0.08316825391726686 0
6812 0.1098822272491402 0.0803622617894697 0
6813 0.09893580983674218 0.07783434100325733 0
6814 0.08907417264899535 0.07555693491743101 0
6815 0.08018981457988936 0.07350521766703552 0
6816 0.07218588834561614 0.07165682373716274 0
6817 0.06497514416511706 0.06999160402086561 0
6818 0.05847897825455822 0.06849140608237053 0
6819 0.05262657643757723 0.06713987638593699 0
6820 0.04735414240387435 0.06592228207305838 0
6821 0.04260420173008568 0.06482535023589438 0
6822 0.03832497595325829 0.06383712336836365 0
6823 0.03446981764626937 0.06294682890477611 0
6824 0.03099670187513622 0.0621447617790674 0
6825 0.02786776877339133 0.06142217878879971 0
6826 0.02504891040276666 0.06077120318646062 0
6827 0.02250939841763082 0.06018473869381395 0
6828 0.02022154956090118 0.05965639225289633 0
6829 0.01816042442269645 0.05918040445857459 0
6830 0.01630355487986976 0.05875158661454831 0
6831 0.01463069951445631 0.05836526425068836 0
6832 0.01312362284678433 0.05801722614003592 0
6833 0.01176589612392616 0.05770367829370388 0
6834 0.01054271873884602 0.05742120272014621 0
6835 0.009440757154687431 0.05716672022699304 0
6836 0.008447998922916023 0.05693745670859879 0
6837 0.007553622096187373 0.05673091298878473 0
6838 0.006747877196940922 0.05654483756314981 0
6839 0.006021980691744689 0.05637720199847214 0
6840 0.005368019739139733 0.05622617893556676 0
6841 0.004778865989510817 0.05609012218258061 0
6842 0.004248096899086496 0.05596754854357038 0
6843 0.4283673441064654 0.2254475772444741 0
6844 0.3858593384821 0.2182851620187612 0
6845 0.347563838142341 0.2118325357268196 0
6846 0.3130633875072486 0.2060193589076959 0
6847 0.2819819004459645 0.2007822626738058 0
6848 0.2539805605169494 0.1960641579191339 0
6849 0.228754128155455 0.1918136130962826 0
6850 0.20602761247198 0.1879842934288969 0
6851 0.185553273950026 0.1845344558791911 0
6852 0.1671079241091832 0.181426494152849 0
6853 0.1504904918856284 0.1786265286446574 0
6854 0.1355198320628508 0.1761040371685537 0
6855 0.1220327508155024 0.1738315222702997 0
6856 0.1098822272491398 0.1717842115646143 0
6857 0.09893580983674184 0.1699397875416574 0
6858 0.089074172648995 0.168278144298073 0
6859 0.08018981457988915 0.1667811683621243 0
6860 0.072185888345616 0.1654325413850689 0
6861 0.06497514416511696 0.1642175621558969 0
6862 0.05847897825455817 0.1631229862767625 0
6863 0.05262657643757726 0.1621368818650112 0
6864 0.04735414240387421 0.161248499518089 0
6865 0.04260420173008551 0.1604481550440664 0
6866 0.03832497595325811 0.1597271239957257 0
6867 0.03446981764626928 0.1590775464832092 0
6868 0.03099670187513615 0.1584923414867751 0
6869 0.02786776877339126 0.1579651297825561 0
6870 0.02504891040276661 0.1574901643303703 0
6871 0.0225093984176308 0.1570622675367886 0
6872 0.02022154956090111 0.1566767748926413 0
6873 0.01816042442269637 0.1563294842151526 0
6874 0.01630355487986971 0.156016609722681 0
6875 0.01463069951445626 0.1557347408237839 0
6876 0.01312362284678426 0.1554808049189512 0
6877 0.01176589612392609 0.155252033834321 0
6878 0.01054271873884597 0.1550459337315765 0
6879 0.009440757154687398 0.1548602579673858 0
6880 0.008447998922916006 0.1546929824960892 0
6881 0.007553622096187373 0.1545422838663324 0
6882 0.006747877196940922 0.1544065193332842 0
6883 0.006021980691744673 0.1542842089095242 0
6884 0.005368019739139698 0.1541740193154663 0
6885 0.004778865989510801 0.1540747494550095 0
6886 0.004248096899086479 0.1539853171572869 0
6887 0.4519592871044111 0.1593601363922725 0
6888 0.428367344106465 0.1333046232173745 0
6889 0.4519592871044197 0.1389698025588938 0
6890 0.4071133412942826 0.1490035974152025 0
6891 0.3858593384821002 0.1230970928188569 0
6892 0.4071133412942894 0.1282008580181174 0
6893 0.3667115883122207 0.1396733821205531 0
6894 0.3475638381423413 0.1139011195403442 0
6895 0.3667115883122202 0.1184991061796004 0
6896 0.3303136128247951 0.1312677827957458 0
6897 0.3130633875072488 0.1056164589582347 0
6898 0.3303136128247959 0.1097587892492896 0
6899 0.2975226439766067 0.123695170805133 0
6900 0.2819819004459644 0.09815280077551951 0
6901 0.2975226439766184 0.10188462986688 0
6902 0.2679812304814571 0.1168729978132733 0
6903 0.2539805605169496 0.0914287843384648 0
6904 0.2679812304814541 0.09479079255699141 0
6905 0.2413673443362024 0.1107268959925736 0
6906 0.2287541281554552 0.08537111187432767 0
6907 0.2413673443362191 0.08839994810640041 0
6908 0.2173908703137176 0.1051898673211772 0
6909 0.2060276124719801 0.07991374928382092 0
6910 0.2173908703137184 0.08264243057907447 0
6911 0.195790443211003 0.1002015531900011 0
6912 0.1855532739500258 0.07499720639307195 0
6913 0.195790443211005 0.07745547783844695 0
6914 0.1763305990296044 0.09570757650801423 0
6915 0.1671079241091829 0.07056788851644646 0
6916 0.1763305990296043 0.07278254745475919 0
6917 0.1587992079974055 0.09165894889480831 0
6918 0.150490491885628 0.066577512066745 0
6919 0.158799207997406 0.06857270029159587 0
6920 0.1430051619742393 0.08801153661952488 0
6921 0.1355198320628505 0.06298257828939373 0
6922 0.1430051619742391 0.06478004517806932 0
6923 0.1287762914391765 0.08472557955843465 0
6924 0.1220327508155024 0.05974389913243342 0
6925 0.1287762914391755 0.06136323871091332 0
6926 0.1159574890323213 0.08176525785336827 0
6927 0.1098822272491404 0.05682617018138483 0
6928 0.1159574890323216 0.05828503465690917 0
6929 0.1044090185429412 0.07909830139636351 0
6930 0.09893580983674227 0.05419758559241812 0
6931 0.1044090185429404 0.05551187788690125 0
6932 0.09400499124286876 0.07669563796034418 0
6933 0.08907417264899545 0.05182949139711248 0
6934 0.09400499124287004 0.0530135384947656 0
6935 0.08463199361444235 0.07453107629223327 0
6936 0.08018981457988943 0.04969607314495778 0
6937 0.08463199361444243 0.05076278227103513 0
6938 0.07618785146275275 0.07258102070209912 0
6939 0.07218588834561615 0.04777407470857364 0
6940 0.07618785146275273 0.0487350739267657 0
6941 0.0685805162553666 0.07082421387901418 0
6942 0.0649751441651171 0.04604254462765662 0
6943 0.06858051625536674 0.04690830966811516 0
6944 0.06172706120983764 0.06924150505161808 0
6945 0.05847897825455822 0.04448260762210027 0
6946 0.06172706120983863 0.0452625761248787 0
6947 0.05555277734606773 0.06781564123415376 0
6948 0.05262657643757723 0.04307725894545167 0
6949 0.05555277734606726 0.04377993328377586 0
6950 0.04999035942072579 0.06653107922949769 0
6951 0.04735414240387438 0.04181117906513959 0
6952 0.04999035942072531 0.04244421900529551 0
6953 0.04497917206698002 0.06537381615447638 0
6954 0.04260420173008573 0.04067056653564793 0
6955 0.04497917206697956 0.04124087280039365 0
6956 0.04046458884167198 0.06433123680212902 0
6957 0.03832497595325834 0.03964298769355686 0
6958 0.04046458884167168 0.0401567771146023 0
6959 0.03639739679976383 0.06339197613656988 0
6960 0.03446981764626941 0.03871724100110017 0
6961 0.0363973967997635 0.03918011434732842 0
6962 0.03273325976070279 0.06254579534192176 0
6963 0.03099670187513624 0.03788323492881591 0
6964 0.03273325976070326 0.03830023796495815 0
6965 0.02943223532426377 0.06178347028393356 0
6966 0.02786776877339135 0.03713187811303809 0
6967 0.0294322353242634 0.0375075565209269 0
6968 0.02645833958807899 0.06109669098763017 0
6969 0.02504891040276667 0.03645498014794572 0
6970 0.02645833958807923 0.03679342913049196 0
6971 0.02377915441019874 0.06047797094013729 0
6972 0.02250939841763083 0.03584516217589726 0
6973 0.02377915441019849 0.03615007116192143 0
6974 0.021365473989266 0.05992056547335514 0
6975 0.0202215495609012 0.03529577656231073 0
6976 0.02136547398926618 0.03557046936910403 0
6977 0.01919098699179882 0.05941839835573546 0
6978 0.01816042442269647 0.03480083455799063 0
6979 0.01919098699179885 0.03504830556015068 0
6980 0.01723198965128311 0.05896599553656145 0
6981 0.01630355487986977 0.03435494084865083 0
6982 0.01723198965128312 0.03457788770332072 0
6983 0.01546712719716303 0.05855842543261833 0
6984 0.01463069951445632 0.03395323482306883 0
6985 0.01546712719716287 0.03415408783585978 0
6986 0.01387716118062032 0.05819124519536214 0
6987 0.01312362284678435 0.03359133755990151 0
6988 0.01387716118062043 0.0337722861914852 0
6989 0.01244475948535525 0.0578604522168699 0
6990 0.01176589612392618 0.03326530399062697 0
6991 0.0124447594853551 0.0334283207752642 0
6992 0.01115430743138609 0.05756244050692504 0
6993 0.01054271873884603 0.03297158001657565 0
6994 0.01115430743138602 0.03311844200360128 0
6995 0.009991737946766725 0.05729396147356963 0
6996 0.009440757154687441 0.03270696382950498 0
6997 0.009991737946766723 0.03283927192304031 0
6998 0.008944378038801727 0.05705208846779591 0
6999 0.008447998922916028 0.03246857085669101 0
7000 0.008944378038801748 0.03258776734309799 0
7001 0.008000810509551698 0.05683418484869176 0
7002 0.007553622096187373 0.03225380240278523 0
7003 0.008000810509551702 0.03236118662973812 0
7004 0.007150749646564147 0.05663787527596727 0
7005 0.006747877196940921 0.03206031730670268 0
7006 0.007150749646564064 0.03215705985474393 0
7007 0.006384928944342805 0.05646101978081097 0
7008 0.006021980691744694 0.03188600636140813 0
7009 0.006384928944342822 0.03197316183405541 0
7010 0.005695000215442211 0.05630169046701945 0
7011 0.005368019739139742 0.03172896944083024 0
7012 0.005695000215442302 0.0318074879011192 0
7013 0.005073442864325275 0.05615815055907369 0
7014 0.004778865989510822 0.03158749480045589 0
7015 0.005073442864325296 0.03165823212064307 0
7016 0.004513481444298657 0.05602883536307549 0
7017 0.004248096899086501 0.03146004018230757 0
7018 0.004513481444298676 0.03152376749138173 0
7019 0.004009011601839947 0.05591233516463392 0
7020 0.004009011601839932 0.03140262816299519 0
7021 0.4519592871044112 0.2294227176739225 0
7022 0.4283673441064653 0.1896797434923047 0
7023 0.4519592871044112 0.1943914270330918 0
7024 0.4071133412942827 0.2218663696316177 0
7025 0.3858593384821001 0.1811902235545154 0
7026 0.4071133412942827 0.1854349835234101 0
7027 0.3667115883122205 0.2150588488727904 0
7028 0.3475638381423412 0.1735420074388281 0
7029 0.3667115883122206 0.1773661154966718 0
7030 0.3303136128247948 0.2089259473172577 0
7031 0.3130633875072487 0.1666517226741754 0
7032 0.3303136128247949 0.1700968650565018 0
7033 0.2975226439766065 0.2034008107907508 0
7034 0.2819819004459645 0.1604442589217083 0
7035 0.2975226439766066 0.1635479907979419 0
7036 0.2679812304814569 0.1984232102964698 0
7037 0.2539805605169495 0.1548519491880348 0
7038 0.267981230481457 0.1576481040548716 0
7039 0.2413673443362022 0.1939388855077082 0
7040 0.2287541281554551 0.149813832312247 0
7041 0.2413673443362023 0.1523328907501409 0
7042 0.2173908703137175 0.1898989532625897 0
7043 0.20602761247198 0.14527498827152 0
7044 0.2173908703137176 0.1475444102918835 0
7045 0.195790443211003 0.186259374654044 0
7046 0.1855532739500259 0.1411859395725251 0
7047 0.195790443211003 0.1432304639220225 0
7048 0.1763305990296046 0.18298047501602 0
7049 0.1671079241091831 0.1375021119515092 0
7050 0.1763305990296045 0.1393440257620172 0
7051 0.1587992079974058 0.1800265113987532 0
7052 0.1504904918856282 0.1341833483420523 0
7053 0.1587992079974057 0.1358427301467807 0
7054 0.1430051619742396 0.1773652829066055 0
7055 0.1355198320628507 0.1311934711840781 0
7056 0.1430051619742395 0.1326884097630652 0
7057 0.1287762914391766 0.1749677797194267 0
7058 0.1220327508155024 0.1284998880937833 0
7059 0.1287762914391765 0.1298466796389307 0
7060 0.1159574890323211 0.172807866917457 0
7061 0.10988222724914 0.126073236677042 0
7062 0.1159574890323212 0.1272865623854126 0
7063 0.1044090185429408 0.1708619995531359 0
7064 0.09893580983674201 0.1238870642724574 0
7065 0.104409018542941 0.1249801504747497 0
7066 0.09400499124286843 0.1691089659198652 0
7067 0.08907417264899517 0.121917539607752 0
7068 0.0940049912428686 0.1229023019401047 0
7069 0.08463199361444207 0.1675296563300986 0
7070 0.08018981457988925 0.1201431930145799 0
7071 0.08463199361444221 0.121030366311166 0
7072 0.07618785146275257 0.1661068548735966 0
7073 0.07218588834561607 0.1185446825611158 0
7074 0.07618785146275267 0.1193439377878479 0
7075 0.06858051625536649 0.1648250517704829 0
7076 0.06497514416511702 0.1171045830883813 0
7077 0.06858051625536654 0.1178246328247486 0
7078 0.06172706120983756 0.1636702742163297 0
7079 0.05847897825455819 0.1158071961795665 0
7080 0.06172706120983761 0.1164558896339739 0
7081 0.05555277734606771 0.1626299340708868 0
7082 0.05262657643757725 0.1146383791254741 0
7083 0.05555277734606772 0.1152227876525203 0
7084 0.04999035942072574 0.1616926906915501 0
7085 0.04735414240387428 0.1135853907955737 0
7086 0.04999035942072576 0.1141118849605239 0
7087 0.04497917206697986 0.1608483272810777 0
7088 0.0426042017300856 0.1126367526399804 0
7089 0.04497917206697995 0.113111071717777 0
7090 0.04046458884167181 0.160087639519896 0
7091 0.0383249759532582 0.1117821236820447 0
7092 0.0404645888416719 0.1122094381610125 0
7093 0.0363973967997637 0.1594023352394675 0
7094 0.03446981764626933 0.1110121876939927 0
7095 0.03639739679976376 0.1113971556880187 0
7096 0.03273325976070272 0.1587849439849922 0
7097 0.03099670187513618 0.1103185516329213 0
7098 0.03273325976070275 0.110665369663457 0
7099 0.02943223532426371 0.1582287356346656 0
7100 0.0278677687733913 0.1096936542856779 0
7101 0.02943223532426374 0.1100061029592996 0
7102 0.02645833958807893 0.1577276470564632 0
7103 0.02504891040276663 0.1091306837584155 0
7104 0.02645833958807896 0.1094121690220467 0
7105 0.02377915441019871 0.1572762159335795 0
7106 0.02250939841763081 0.1086235031153013 0
7107 0.02377915441019872 0.1088770934368584 0
7108 0.02136547398926596 0.1568695212147149 0
7109 0.02022154956090114 0.1081665835727688 0
7110 0.02136547398926598 0.108395043344035 0
7111 0.01919098699179874 0.1565031295538969 0
7112 0.01816042442269641 0.1077549443368636 0
7113 0.01919098699179878 0.1079607639548162 0
7114 0.01723198965128304 0.1561730469689168 0
7115 0.01630355487986973 0.1073840981686146 0
7116 0.01723198965128307 0.1075695212527391 0
7117 0.01546712719716298 0.1558756752732324 0
7118 0.01463069951445628 0.1070500025372361 0
7119 0.01546712719716301 0.1072170503529254 0
7120 0.01387716118062026 0.1556077728713676 0
7121 0.01312362284678429 0.1067490155294936 0
7122 0.01387716118062029 0.1068995090333649 0
7123 0.01244475948535518 0.1553664193766361 0
7124 0.01176589612392613 0.1064778560640125 0
7125 0.01244475948535521 0.106613435796753 0
7126 0.01115430743138603 0.1551489837829488 0
7127 0.01054271873884599 0.1062335682258614 0
7128 0.01115430743138606 0.1063557121449369 0
7129 0.009991737946766683 0.1549530958494811 0
7130 0.009440757154687413 0.1060134890971894 0
7131 0.009991737946766704 0.1061235286615254 0
7132 0.008944378038801701 0.1547766202317375 0
7133 0.008447998922916014 0.105815219602344 0
7134 0.008944378038801713 0.1059143543497667 0
7135 0.00800081050955169 0.1546176331812108 0
7136 0.007553622096187373 0.1056365984275586 0
7137 0.008000810509551695 0.1057259090149513 0
7138 0.007150749646564147 0.1544744015998083 0
7139 0.006747877196940922 0.105475678448217 0
7140 0.007150749646564147 0.1055561384378878 0
7141 0.006384928944342797 0.1543453641214042 0
7142 0.00602198069174468 0.1053307054539982 0
7143 0.006384928944342801 0.1054031919511076 0
7144 0.005695000215442185 0.1542291141124953 0
7145 0.005368019739139715 0.1052000991255166 0
7146 0.005695000215442197 0.1052654022897574 0
7147 0.005073442864325249 0.1541243843852379 0
7148 0.004778865989510809 0.1050824358187951 0
7149 0.005073442864325262 0.1051412674721558 0
7150 0.004513481444298639 0.1540300333061482 0
7151 0.004248096899086487 0.1049764328504287 0
7152 0.004513481444298648 0.1050294343346119 0
7153 0.004009011601839938 0.153945032318041 0
7154 0.004009011601839942 0.1049286837413213 0
7155 0.4283673441064656 0.287723788622237 0
7156 0.451959287104414 0.2897113588369716 0
7157 0.3858593384820999 0.2841425810093806 0
7158 0.4071133412942785 0.2859331848158088 0
7159 0.3475638381423409 0.2809162678634098 0
7160 0.3667115883122138 0.2825294244363952 0
7161 0.3130633875072484 0.2780096794538479 0
7162 0.3303136128247841 0.2794629736586288 0
7163 0.2819819004459646 0.2753911313369029 0
7164 0.2975226439766099 0.2767004053953754 0
7165 0.2539805605169494 0.2730320789595669 0
7166 0.2679812304814582 0.2742116051482349 0
7167 0.2287541281554549 0.2709068065481413 0
7168 0.2413673443362138 0.2719694427538541 0
7169 0.2060276124719798 0.2689921467144484 0
7170 0.2173908703137186 0.2699494766312948 0
7171 0.1855532739500261 0.2672672279395955 0
7172 0.1957904432110029 0.268129687327022 0
7173 0.1671079241091833 0.2657132470764245 0
7174 0.1763305990296032 0.26649023750801 0
7175 0.1504904918856287 0.2643132643223287 0
7176 0.1587992079974042 0.2650132556993766 0
7177 0.1355198320628509 0.2630520185842768 0
7178 0.143005161974239 0.2636826414533027 0
7179 0.1220327508155023 0.2619157611351499 0
7180 0.1287762914391766 0.2624838898597134 0
7181 0.1098822272491393 0.2608921057823071 0
7182 0.115957489032322 0.2614039334587285 0
7183 0.09893580983674152 0.2599698937708287 0
7184 0.1044090185429416 0.2604309997765679 0
7185 0.08907417264899471 0.2591390721490365 0
7186 0.09400499124286732 0.2595544829599326 0
7187 0.080189814579889 0.2583905841810621 0
7188 0.08463199361444321 0.2587648281650493 0
7189 0.0721858883456159 0.2577162706925344 0
7190 0.07618785146275248 0.2580534274367983 0
7191 0.06497514416511688 0.2571087810779484 0
7192 0.06858051625536579 0.2574125258852414 0
7193 0.05847897825455814 0.2565614931383812 0
7194 0.06172706120983687 0.2568351371081648 0
7195 0.05262657643757727 0.2560684409325056 0
7196 0.05555277734606667 0.2563149670354434 0
7197 0.0473541424038741 0.2556242497590445 0
7198 0.04999035942072517 0.2558463453457751 0
7199 0.04260420173008537 0.2552240775220332 0
7200 0.04497917206697974 0.2554241636405388 0
7201 0.03832497595325795 0.2548635619978628 0
7202 0.04046458884167176 0.255043819759948 0
7203 0.03446981764626919 0.2545387732416046 0
7204 0.03639739679976357 0.2547011676197337 0
7205 0.03099670187513609 0.2542461707433875 0
7206 0.03273325976070245 0.254392471992496 0
7207 0.0278677687733912 0.253982564891278 0
7208 0.02943223532426365 0.2541143678173328 0
7209 0.02504891040276656 0.2537450821651852 0
7210 0.02645833958807901 0.2538638235282316 0
7211 0.02250939841763079 0.2535311337683943 0
7212 0.02377915441019839 0.2536381079667898 0
7213 0.02022154956090105 0.2533383874463206 0
7214 0.02136547398926594 0.2534347606073575 0
7215 0.01816042442269629 0.2531647421075763 0
7216 0.01919098699179823 0.2532515647769484 0
7217 0.01630355487986966 0.2530083048613405 0
7218 0.01723198965128292 0.2530865234844584 0
7219 0.01463069951445621 0.2528673704118919 0
7220 0.01546712719716312 0.2529378376366161 0
7221 0.0131236228467842 0.2527404024594756 0
7222 0.01387716118062032 0.2528038864356837 0
7223 0.01176589612392604 0.2526260169171605 0
7224 0.01244475948535501 0.2526832096883181 0
7225 0.01054271873884592 0.2525229668657882 0
7226 0.01115430743138599 0.2525744918914744 0
7227 0.009440757154687368 0.2524301289836929 0
7228 0.009991737946766784 0.2524765479247406 0
7229 0.008447998922915992 0.2523464912480446 0
7230 0.008944378038801569 0.2523883101158687 0
7231 0.007553622096187373 0.2522711419331662 0
7232 0.008000810509551724 0.2523088165906054 0
7233 0.006747877196940921 0.2522032596666421 0
7234 0.007150749646564064 0.2522372007999041 0
7235 0.006021980691744658 0.2521421044547621 0
7236 0.006384928944342734 0.2521726820607021 0
7237 0.00536801973913967 0.2520870096577332 0
7238 0.00569500021544215 0.2521145570562476 0
7239 0.004778865989510786 0.2520373747275048 0
7240 0.005073442864325172 0.252062192192619 0
7241 0.004248096899086465 0.2519926585786434 0
7242 0.004513481444298612 0.2520150166530741 0
7243 0.004009011601839928 0.2519725161590344 0
$EndNodes
$Elements
1950
1 8 2 2 1 1 12 35
2 8 2 2 1 12 13 36
3 8 2 2 1 13 14 37
4 8 2 2 1 14 15 38
5 8 2 2 1 15 16 39
6 8 2 2 1 16 17 40
7 8 2 2 1 17 18 41
8 8 2 2 1 18 19 42
9 8 2 2 1 19 20 43
10 8 2 2 1 20 21 44
11 8 2 2 1 21 22 45
12 8 2 2 1 22 23 46
13 8 2 2 1 23 24 47
14 8 2 2 1 24 25 48
15 8 2 2 1 25 26 49
16 8 2 2 1 26 27 50
17 8 2 2 1 27 28 51
18 8 2 2 1 28 29 52
19 8 2 2 1 29 30 53
20 8 2 2 1 30 31 54
21 8 2 2 1 31 32 55
22 8 2 2 1 32 33 56
23 8 2 2 1 33 34 57
24 8 2 2 1 34 2 58
25 8 2 3 2 2 59 64
26 8 2 3 2 59 60 65
27 8 2 3 2 60 61 66
28 8 2 3 2 61 62 67
29 8 2 3 2 62 63 68
30 8 2 3 2 63 4 69
31 8 2 1 4 3 117 122
32 8 2 1 4 117 118 123
33 8 2 1 4 118 119 124
34 8 2 1 4 119 120 125
35 8 2 1 4 120 121 126
36 8 2 1 4 121 1 127
37 8 2 3 5 4 128 172
38 8 2 3 5 128 129 173
39 8 2 3 5 129 130 174
40 8 2 3 5 130 131 175
41 8 2 3 5 131 132 176
42 8 2 3 5 132 133 177
43 8 2 3 5 133 134 178
44 8 2 3 5 134 135 179
45 8 2 3 5 135 136 180
46 8 2 3 5 136 137 181
47 8 2 3 5 137 138 182
48 8 2 3 5 138 139 183
49 8 2 3 5 139 140 184
50 8 2 3 5 140 141 185
51 8 2 3 5 141 142 186
52 8 2 3 5 142 143 187
53 8 2 3 5 143 144 188
54 8 2 3 5 144 145 189
55 8 2 3 5 145 146 190
56 8 2 3 5 146 147 191
57 8 2 3 5 147 148 192
58 8 2 3 5 148 149 193
59 8 2 3 5 149 150 194
60 8 2 3 5 150 151 195
61 8 2 3 5 151 152 196
62 8 2 3 5 152 153 197
63 8 2 3 5 153 154 198
64 8 2 3 5 154 155 199
65 8 2 3 5 155 156 200
66 8 2 3 5 156 157 201
67 8 2 3 5 157 158 202
68 8 2 3 5 158 159 203
69 8 2 3 5 159 160 204
70 8 2 3 5 160 161 205
71 8 2 3 5 161 162 206
72 8 2 3 5 162 163 207
73 8 2 3 5 163 164 208
74 8 2 3 5 164 165 209
75 8 2 3 5 165 166 210
76 8 2 3 5 166 167 211
77 8 2 3 5 167 168 212
78 8 2 3 5 168 169 213
79 8 2 3 5 169 170 214
80 8 2 3 5 170 171 215
81 8 2 3 5 171 5 216
82 8 2 3 8 5 353 367
83 8 2 3 8 353 354 368
84 8 2 3 8 354 355 369
85 8 2 3 8 355 356 370
86 8 2 3 8 356 357 371
87 8 2 3 8 357 358 372
88 8 2 3 8 358 359 373
89 8 2 3 8 359 360 374
90 8 2 3 8 360 361 375
91 8 2 3 8 361 362 376
92 8 2 3 8 362 363 377
93 8 2 3 8 363 364 378
94 8 2 3 8 364 365 379
95 8 2 3 8 365 366 380
96 8 2 3 8 366 7 381
97 8 2 4 9 7 382 405
98 8 2 4 9 382 383 406
99 8 2 4 9 383 384 407
100 8 2 4 9 384 385 408
101 8 2 4 9 385 386 409
102 8 2 4 9 386 387 410
103 8 2 4 9 387 388 411
104 8 2 4 9 388 389 412
105 8 2 4 9 389 390 413
106 8 2 4 9 390 391 414
107 8 2 4 9 391 392 415
108 8 2 4 9 392 393 416
109 8 2 4 9 393 394 417
110 8 2 4 9 394 395 418
111 8 2 4 9 395 396 419
112 8 2 4 9 396 397 420
113 8 2 4 9 397 398 421
114 8 2 4 9 398 399 422
115 8 2 4 9 399 400 423
116 8 2 4 9 400 401 424
117 8 2 4 9 401 402 425
118 8 2 4 9 402 403 426
119 8 2 4 9 403 404 427
120 8 2 4 9 404 8 428
121 8 2 4 12 10 463 507
122 8 2 4 12 463 464 508
123 8 2 4 12 464 465 509
124 8 2 4 12 465 466 510
125 8 2 4 12 466 467 511
126 8 2 4 12 467 468 512
127 8 2 4 12 468 469 513
128 8 2 4 12 469 470 514
129 8 2 4 12 470 471 515
130 8 2 4 12 471 472 516
131 8 2 4 12 472 473 517
132 8 2 4 12 473 474 518
133 8 2 4 12 474 475 519
134 8 2 4 12 475 476 520
135 8 2 4 12 476 477 521
136 8 2 4 12 477 478 522
137 8 2 4 12 478 479 523
138 8 2 4 12 479 480 524
139 8 2 4 12 480 481 525
140 8 2 4 12 481 482 526
141 8 2 4 12 482 483 527
142 8 2 4 12 483 484 528
143 8 2 4 12 484 485 529
144 8 2 4 12 485 486 530
145 8 2 4 12 486 487 531
146 8 2 4 12 487 488 532
147 8 2 4 12 488 489 533
148 8 2 4 12 489 490 534
149 8 2 4 12 490 491 535
150 8 2 4 12 491 492 536
151 8 2 4 12 492 493 537
152 8 2 4 12 493 494 538
153 8 2 4 12 494 495 539
154 8 2 4 12 495 496 540
155 8 2 4 12 496 497 541
156 8 2 4 12 497 498 542
157 8 2 4 12 498 499 543
158 8 2 4 12 499 500 544
159 8 2 4 12 500 501 545
160 8 2 4 12 501 502 546
161 8 2 4 12 502 503 547
162 8 2 4 12 503 504 548
163 8 2 4 12 504 505 549
164 8 2 4 12 505 506 550
165 8 2 4 12 506 11 551
166 8 2 1 13 11 552 554
167 8 2 1 13 552 553 555
168 8 2 1 13 553 3 556
169 8 2 4 14 8 557 559
170 8 2 4 14 557 558 560
171 8 2 4 14 558 9 561
172 8 2 4 15 9 562 576
173 8 2 4 15 562 563 577
174 8 2 4 15 563 564 578
175 8 2 4 15 564 565 579
176 8 2 4 15 565 566 580
177 8 2 4 15 566 567 581
178 8 2 4 15 567 568 582
179 8 2 4 15 568 569 583
180 8 2 4 15 569 570 584
181 8 2 4 15 570 571 585
182 8 2 4 15 571 572 586
183 8 2 4 15 572 573 587
184 8 2 4 15 573 574 588
185 8 2 4 15 574 575 589
186 8 2 4 15 575 10 590
187 10 2 5 1 1 12 591 121 35 706 707 127 708
188 10 2 5 1 121 591 592 120 707 709 710 126 711
189 10 2 5 1 120 592 593 119 710 712 713 125 714
190 10 2 5 1 119 593 594 118 713 715 716 124 717
191 10 2 5 1 118 594 595 117 716 718 719 123 720
192 10 2 5 1 117 595 92 3 719 721 116 122 722
193 10 2 5 1 12 13 596 591 36 723 724 706 725
194 10 2 5 1 591 596 597 592 724 726 727 709 728
195 10 2 5 1 592 597 598 593 727 729 730 712 731
196 10 2 5 1 593 598 599 594 730 732 733 715 734
197 10 2 5 1 594 599 600 595 733 735 736 718 737
198 10 2 5 1 595 600 91 92 736 738 115 721 739
199 10 2 5 1 13 14 601 596 37 740 741 723 742
200 10 2 5 1 596 601 602 597 741 743 744 726 745
201 10 2 5 1 597 602 603 598 744 746 747 729 748
202 10 2 5 1 598 603 604 599 747 749 750 732 751
203 10 2 5 1 599 604 605 600 750 752 753 735 754
204 10 2 5 1 600 605 90 91 753 755 114 738 756
205 10 2 5 1 14 15 606 601 38 757 758 740 759
206 10 2 5 1 601 606 607 602 758 760 761 743 762
207 10 2 5 1 602 607 608 603 761 763 764 746 765
208 10 2 5 1 603 608 609 604 764 766 767 749 768
209 10 2 5 1 604 609 610 605 767 769 770 752 771
210 10 2 5 1 605 610 89 90 770 772 113 755 773
211 10 2 5 1 15 16 611 606 39 774 775 757 776
212 10 2 5 1 606 611 612 607 775 777 778 760 779
213 10 2 5 1 607 612 613 608 778 780 781 763 782
214 10 2 5 1 608 613 614 609 781 783 784 766 785
215 10 2 5 1 609 614 615 610 784 786 787 769 788
216 10 2 5 1 610 615 88 89 787 789 112 772 790
217 10 2 5 1 16 17 616 611 40 791 792 774 793
218 10 2 5 1 611 616 617 612 792 794 795 777 796
219 10 2 5 1 612 617 618 613 795 797 798 780 799
220 10 2 5 1 613 618 619 614 798 800 801 783 802
221 10 2 5 1 614 619 620 615 801 803 804 786 805
222 10 2 5 1 615 620 87 88 804 806 111 789 807
223 10 2 5 1 17 18 621 616 41 808 809 791 810
224 10 2 5 1 616 621 622 617 809 811 812 794 813
225 10 2 5 1 617 622 623 618 812 814 815 797 816
226 10 2 5 1 618 623 624 619 815 817 818 800 819
227 10 2 5 1 619 624 625 620 818 820 821 803 822
228 10 2 5 1 620 625 86 87 821 823 110 806 824
229 10 2 5 1 18 19 626 621 42 825 826 808 827
230 10 2 5 1 621 626 627 622 826 828 829 811 830
231 10 2 5 1 622 627 628 623 829 831 832 814 833
232 10 2 5 1 623 628 629 624 832 834 835 817 836
233 10 2 5 1 624 629 630 625 835 837 838 820 839
234 10 2 5 1 625 630 85 86 838 840 109 823 841
235 10 2 5 1 19 20 631 626 43 842 843 825 844
236 10 2 5 1 626 631 632 627 843 845 846 828 847
237 10 2 5 1 627 632 633 628 846 848 849 831 850
238 10 2 5 1 628 633 634 629 849 851 852 834 853
239 10 2 5 1 629 634 635 630 852 854 855 837 856
240 10 2 5 1 630 635 84 85 855 857 108 840 858
241 10 2 5 1 20 21 636 631 44 859 860 842 861
242 10 2 5 1 631 636 637 632 860 862 863 845 864
243 10 2 5 1 632 637 638 633 863 865 866 848 867
244 10 2 5 1 633 638 639 634 866 868 869 851 870
245 10 2 5 1 634 639 640 635 869 871 872 854 873
246 10 2 5 1 635 640 83 84 872 874 107 857 875
247 10 2 5 1 21 22 641 636 45 876 877 859 878
248 10 2 5 1 636 641 642 637 877 879 880 862 881
249 10 2 5 1 637 642 643 638 880 882 883 865 884
250 10 2 5 1 638 643 644 639 883 885 886 868 887
251 10 2 5 1 639 644 645 640 886 888 889 871 890
252 10 2 5 1 640 645 82 83 889 891 106 874 892
253 10 2 5 1 22 23 646 641 46 893 894 876 895
254 10 2 5 1 641 646 647 642 894 896 897 879 898
255 10 2 5 1 642 647 648 643 897 899 900 882 901
256 10 2 5 1 643 648 649 644 900 902 903 885 904
257 10 2 5 1 644 649 650 645 903 905 906 888 907
258 10 2 5 1 645 650 81 82 906 908 105 891 909
259 10 2 5 1 23 24 651 646 47 910 911 893 912
260 10 2 5 1 646 651 652 647 911 913 914 896 915
261 10 2 5 1 647 652 653 648 914 916 917 899 918
262 10 2 5 1 648 653 654 649 917 919 920 902 921
263 10 2 5 1 649 654 655 650 920 922 923 905 924
264 10 2 5 1 650 655 80 81 923 925 104 908 926
265 10 2 5 1 24 25 656 651 48 927 928 910 929
266 10 2 5 1 651 656 657 652 928 930 931 913 932
267 10 2 5 1 652 657 658 653 931 933 934 916 935
268 10 2 5 1 653 658 659 654 934 936 937 919 938
269 10 2 5 1 654 659 660 655 937 939 940 922 941
270 10 2 5 1 655 660 79 80 940 942 103 925 943
271 10 2 5 1 25 26 661 656 49 944 945 927 946
272 10 2 5 1 656 661 662 657 945 947 948 930 949
273 10 2 5 1 657 662 663 658 948 950 951 933 952
274 10 2 5 1 658 663 664 659 951 953 954 936 955
275 10 2 5 1 659 664 665 660 954 956 957 939 958
276 10 2 5 1 660 665 78 79 957 959 102 942 960
277 10 2 5 1 26 27 666 661 50 961 962 944 963
278 10 2 5 1 661 666 667 662 962 964 965 947 966
279 10 2 5 1 662 667 668 663 965 967 968 950 969
280 10 2 5 1 663 668 669 664 968 970 971 953 972
281 10 2 5 1 664 669 670 665 971 973 974 956 975
282 10 2 5 1 665 670 77 78 974 976 101 959 977
283 10 2 5 1 27 28 671 666 51 978 979 961 980
284 10 2 5 1 666 671 672 667 979 981 982 964 983
285 10 2 5 1 667 672 673 668 982 984 985 967 986
286 10 2 5 1 668 673 674 669 985 987 988 970 989
287 10 2 5 1 669 674 675 670 988 990 991 973 992
288 10 2 5 1 670 675 76 77 991 993 100 976 994
289 10 2 5 1 28 29 676 671 52 995 996 978 997
290 10 2 5 1 671 676 677 672 996 998 999 981 1000
291 10 2 5 1 672 677 678 673 999 1001 1002 984 1003
292 10 2 5 1 673 678 679 674 1002 1004 1005 987 1006
293 10 2 5 1 674 679 680 675 1005 1007 1008 990 1009
294 10 2 5 1 675 680 75 76 1008 1010 99 993 1011
295 10 2 5 1 29 30 681 676 53 1012 1013 995 1014
296 10 2 5 1 676 681 682 677 1013 1015 1016 998 1017
297 10 2 5 1 677 682 683 678 1016 1018 1019 1001 1020
298 10 2 5 1 678 683 684 679 1019 1021 1022 1004 1023
299 10 2 5 1 679 684 685 680 1022 1024 1025 1007 1026
300 10 2 5 1 680 685 74 75 1025 1027 98 1010 1028
301 10 2 5 1 30 31 686 681 54 1029 1030 1012 1031
302 10 2 5 1 681 686 687 682 1030 1032 1033 1015 1034
303 10 2 5 1 682 687 688 683 1033 1035 1036 1018 1037
304 10 2 5 1 683 688 689 684 1036 1038 1039 1021 1040
305 10 2 5 1 684 689 690 685 1039 1041 1042 1024 1043
306 10 2 5 1 685 690 73 74 1042 1044 97 1027 1045
307 10 2 5 1 31 32 691 686 55 1046 1047 1029 1048
308 10 2 5 1 686 691 692 687 1047 1049 1050 1032 1051
309 10 2 5 1 687 692 693 688 1050 1052 1053 1035 1054
310 10 2 5 1 688 693 694 689 1053 1055 1056 1038 1057
311 10 2 5 1 689 694 695 690 1056 1058 1059 1041 1060
312 10 2 5 1 690 695 72 73 1059 1061 96 1044 1062
313 10 2 5 1 32 33 696 691 56 1063 1064 1046 1065
314 10 2 5 1 691 696 697 692 1064 1066 1067 1049 1068
315 10 2 5 1 692 697 698 693 1067 1069 1070 1052 1071
316 10 2 5 1 693 698 699 694 1070 1072 1073 1055 1074
317 10 2 5 1 694 699 700 695 1073 1075 1076 1058 1077
318 10 2 5 1 695 700 71 72 1076 1078 95 1061 1079
319 10 2 5 1 33 34 701 696 57 1080 1081 1063 1082
320 10 2 5 1 696 701 702 697 1081 1083 1084 1066 1085
321 10 2 5 1 697 702 703 698 1084 1086 1087 1069 1088
322 10 2 5 1 698 703 704 699 1087 1089 1090 1072 1091
323 10 2 5 1 699 704 705 700 1090 1092 1093 1075 1094
324 10 2 5 1 700 705 70 71 1093 1095 94 1078 1096
325 10 2 5 1 34 2 59 701 58 64 1097 1080 1098
326 10 2 5 1 701 59 60 702 1097 65 1099 1083 1100
327 10 2 5 1 702 60 61 703 1099 66 1101 1086 1102
328 10 2 5 1 703 61 62 704 1101 67 1103 1089 1104
329 10 2 5 1 704 62 63 705 1103 68 1105 1092 1106
330 10 2 5 1 705 63 4 70 1105 69 93 1095 1107
331 10 2 5 2 4 128 1108 70 172 2120 2121 93 2122
332 10 2 5 2 70 1108 1109 71 2121 2123 2124 94 2125
333 10 2 5 2 71 1109 1110 72 2124 2126 2127 95 2128
334 10 2 5 2 72 1110 1111 73 2127 2129 2130 96 2131
335 10 2 5 2 73 1111 1112 74 2130 2132 2133 97 2134
336 10 2 5 2 74 1112 1113 75 2133 2135 2136 98 2137
337 10 2 5 2 75 1113 1114 76 2136 2138 2139 99 2140
338 10 2 5 2 76 1114 1115 77 2139 2141 2142 100 2143
339 10 2 5 2 77 1115 1116 78 2142 2144 2145 101 2146
340 10 2 5 2 78 1116 1117 79 2145 2147 2148 102 2149
341 10 2 5 2 79 1117 1118 80 2148 2150 2151 103 2152
342 10 2 5 2 80 1118 1119 81 2151 2153 2154 104 2155
343 10 2 5 2 81 1119 1120 82 2154 2156 2157 105 2158
344 10 2 5 2 82 1120 1121 83 2157 2159 2160 106 2161
345 10 2 5 2 83 1121 1122 84 2160 2162 2163 107 2164
346 10 2 5 2 84 1122 1123 85 2163 2165 2166 108 2167
347 10 2 5 2 85 1123 1124 86 2166 2168 2169 109 2170
348 10 2 5 2 86 1124 1125 87 2169 2171 2172 110 2173
349 10 2 5 2 87 1125 1126 88 2172 2174 2175 111 2176
350 10 2 5 2 88 1126 1127 89 2175 2177 2178 112 2179
351 10 2 5 2 89 1127 1128 90 2178 2180 2181 113 2182
352 10 2 5 2 90 1128 1129 91 2181 2183 2184 114 2185
353 10 2 5 2 91 1129 1130 92 2184 2186 2187 115 2188
354 10 2 5 2 92 1130 307 3 2187 2189 352 116 2190
355 10 2 5 2 128 129 1131 1108 173 2191 2192 2120 2193
356 10 2 5 2 1108 1131 1132 1109 2192 2194 2195 2123 2196
357 10 2 5 2 1109 1132 1133 1110 2195 2197 2198 2126 2199
358 10 2 5 2 1110 1133 1134 1111 2198 2200 2201 2129 2202
359 10 2 5 2 1111 1134 1135 1112 2201 2203 2204 2132 2205
360 10 2 5 2 1112 1135 1136 1113 2204 2206 2207 2135 2208
361 10 2 5 2 1113 1136 1137 1114 2207 2209 2210 2138 2211
362 10 2 5 2 1114 1137 1138 1115 2210 2212 2213 2141 2214
363 10 2 5 2 1115 1138 1139 1116 2213 2215 2216 2144 2217
364 10 2 5 2 1116 1139 1140 1117 2216 2218 2219 2147 2220
365 10 2 5 2 1117 1140 1141 1118 2219 2221 2222 2150 2223
366 10 2 5 2 1118 1141 1142 1119 2222 2224 2225 2153 2226
367 10 2 5 2 1119 1142 1143 1120 2225 2227 2228 2156 2229
368 10 2 5 2 1120 1143 1144 1121 2228 2230 2231 2159 2232
369 10 2 5 2 1121 1144 1145 1122 2231 2233 2234 2162 2235
370 10 2 5 2 1122 1145 1146 1123 2234 2236 2237 2165 2238
371 10 2 5 2 1123 1146 1147 1124 2237 2239 2240 2168 2241
372 10 2 5 2 1124 1147 1148 1125 2240 2242 2243 2171 2244
373 10 2 5 2 1125 1148 1149 1126 2243 2245 2246 2174 2247
374 10 2 5 2 1126 1149 1150 1127 2246 2248 2249 2177 2250
375 10 2 5 2 1127 1150 1151 1128 2249 2251 2252 2180 2253
376 10 2 5 2 1128 1151 1152 1129 2252 2254 2255 2183 2256
377 10 2 5 2 1129 1152 1153 1130 2255 2257 2258 2186 2259
378 10 2 5 2 1130 1153 306 307 2258 2260 351 2189 2261
379 10 2 5 2 129 130 1154 1131 174 2262 2263 2191 2264
380 10 2 5 2 1131 1154 1155 1132 2263 2265 2266 2194 2267
381 10 2 5 2 1132 1155 1156 1133 2266 2268 2269 2197 2270
382 10 2 5 2 1133 1156 1157 1134 2269 2271 2272 2200 2273
383 10 2 5 2 1134 1157 1158 1135 2272 2274 2275 2203 2276
384 10 2 5 2 1135 1158 1159 1136 2275 2277 2278 2206 2279
385 10 2 5 2 1136 1159 1160 1137 2278 2280 2281 2209 2282
386 10 2 5 2 1137 1160 1161 1138 2281 2283 2284 2212 2285
387 10 2 5 2 1138 1161 1162 1139 2284 2286 2287 2215 2288
388 10 2 5 2 1139 1162 1163 1140 2287 2289 2290 2218 2291
389 10 2 5 2 1140 1163 1164 1141 2290 2292 2293 2221 2294
390 10 2 5 2 1141 1164 1165 1142 2293 2295 2296 2224 2297
391 10 2 5 2 1142 1165 1166 1143 2296 2298 2299 2227 2300
392 10 2 5 2 1143 1166 1167 1144 2299 2301 2302 2230 2303
393 10 2 5 2 1144 1167 1168 1145 2302 2304 2305 2233 2306
394 10 2 5 2 1145 1168 1169 1146 2305 2307 2308 2236 2309
395 10 2 5 2 1146 1169 1170 1147 2308 2310 2311 2239 2312
396 10 2 5 2 1147 1170 1171 1148 2311 2313 2314 2242 2315
397 10 2 5 2 1148 1171 1172 1149 2314 2316 2317 2245 2318
398 10 2 5 2 1149 1172 1173 1150 2317 2319 2320 2248 2321
399 10 2 5 2 1150 1173 1174 1151 2320 2322 2323 2251 2324
400 10 2 5 2 1151 1174 1175 1152 2323 2325 2326 2254 2327
401 10 2 5 2 1152 1175 1176 1153 2326 2328 2329 2257 2330
402 10 2 5 2 1153 1176 305 306 2329 2331 350 2260 2332
403 10 2 5 2 130 131 1177 1154 175 2333 2334 2262 2335
404 10 2 5 2 1154 1177 1178 1155 2334 2336 2337 2265 2338
405 10 2 5 2 1155 1178 1179 1156 2337 2339 2340 2268 2341
406 10 2 5 2 1156 1179 1180 1157 2340 2342 2343 2271 2344
407 10 2 5 2 1157 1180 1181 1158 2343 2345 2346 2274 2347
408 10 2 5 2 1158 1181 1182 1159 2346 2348 2349 2277 2350
409 10 2 5 2 1159 1182 1183 1160 2349 2351 2352 2280 2353
410 10 2 5 2 1160 1183 1184 1161 2352 2354 2355 2283 2356
411 10 2 5 2 1161 1184 1185 1162 2355 2357 2358 2286 2359
412 10 2 5 2 1162 1185 1186 1163 2358 2360 2361 2289 2362
413 10 2 5 2 1163 1186 1187 1164 2361 2363 2364 2292 2365
414 10 2 5 2 1164 1187 1188 1165 2364 2366 2367 2295 2368
415 10 2 5 2 1165 1188 1189 1166 2367 2369 2370 2298 2371
416 10 2 5 2 1166 1189 1190 1167 2370 2372 2373 2301 2374
417 10 2 5 2 1167 1190 1191 1168 2373 2375 2376 2304 2377
418 10 2 5 2 1168 1191 1192 1169 2376 2378 2379 2307 2380
419 10 2 5 2 1169 1192 1193 1170 2379 2381 2382 2310 2383
420 10 2 5 2 1170 1193 1194 1171 2382 2384 2385 2313 2386
421 10 2 5 2 1171 1194 1195 1172 2385 2387 2388 2316 2389
422 10 2 5 2 1172 1195 1196 1173 2388 2390 2391 2319 2392
423 10 2 5 2 1173 1196 1197 1174 2391 2393 2394 2322 2395
424 10 2 5 2 1174 1197 1198 1175 2394 2396 2397 2325 2398
425 10 2 5 2 1175 1198 1199 1176 2397 2399 2400 2328 2401
426 10 2 5 2 1176 1199 304 305 2400 2402 349 2331 2403
427 10 2 5 2 131 132 1200 1177 176 2404 2405 2333 2406
428 10 2 5 2 1177 1200 1201 1178 2405 2407 2408 2336 2409
429 10 2 5 2 1178 1201 1202 1179 2408 2410 2411 2339 2412
430 10 2 5 2 1179 1202 1203 1180 2411 2413 2414 2342 2415
431 10 2 5 2 1180 1203 1204 1181 2414 2416 2417 2345 2418
432 10 2 5 2 1181 1204 1205 1182 2417 2419 2420 2348 2421
433 10 2 5 2 1182 1205 1206 1183 2420 2422 2423 2351 2424
434 10 2 5 2 1183 1206 1207 1184 2423 2425 2426 2354 2427
435 10 2 5 2 1184 1207 1208 1185 2426 2428 2429 2357 2430
436 10 2 5 2 1185 1208 1209 1186 2429 2431 2432 2360 2433
437 10 2 5 2 1186 1209 1210 1187 2432 2434 2435 2363 2436
438 10 2 5 2 1187 1210 1211 1188 2435 2437 2438 2366 2439
439 10 2 5 2 1188 1211 1212 1189 2438 2440 2441 2369 2442
440 10 2 5 2 1189 1212 1213 1190 2441 2443 2444 2372 2445
441 10 2 5 2 1190 1213 1214 1191 2444 2446 2447 2375 2448
442 10 2 5 2 1191 1214 1215 1192 2447 2449 2450 2378 2451
443 10 2 5 2 1192 1215 1216 1193 2450 2452 2453 2381 2454
444 10 2 5 2 1193 1216 1217 1194 2453 2455 2456 2384 2457
445 10 2 5 2 1194 1217 1218 1195 2456 2458 2459 2387 2460
446 10 2 5 2 1195 1218 1219 1196 2459 2461 2462 2390 2463
447 10 2 5 2 1196 1219 1220 1197 2462 2464 2465 2393 2466
448 10 2 5 2 1197 1220 1221 1198 2465 2467 2468 2396 2469
449 10 2 5 2 1198 1221 1222 1199 2468 2470 2471 2399 2472
450 10 2 5 2 1199 1222 303 304 2471 2473 348 2402 2474
451 10 2 5 2 132 133 1223 1200 177 2475 2476 2404 2477
452 10 2 5 2 1200 1223 1224 1201 2476 2478 2479 2407 2480
453 10 2 5 2 1201 1224 1225 1202 2479 2481 2482 2410 2483
454 10 2 5 2 1202 1225 1226 1203 2482 2484 2485 2413 2486
455 10 2 5 2 1203 1226 1227 1204 2485 2487 2488 2416 2489
456 10 2 5 2 1204 1227 1228 1205 2488 2490 2491 2419 2492
457 10 2 5 2 1205 1228 1229 1206 2491 2493 2494 2422 2495
458 10 2 5 2 1206 1229 1230 1207 2494 2496 2497 2425 2498
459 10 2 5 2 1207 1230 1231 1208 2497 2499 2500 2428 2501
460 10 2 5 2 1208 1231 1232 1209 2500 2502 2503 2431 2504
461 10 2 5 2 1209 1232 1233 1210 2503 2505 2506 2434 2507
462 10 2 5 2 1210 1233 1234 1211 2506 2508 2509 2437 2510
463 10 2 5 2 1211 1234 1235 1212 2509 2511 2512 2440 2513
464 10 2 5 2 1212 1235 1236 1213 2512 2514 2515 2443 2516
465 10 2 5 2 1213 1236 1237 1214 2515 2517 2518 2446 2519
466 10 2 5 2 1214 1237 1238 1215 2518 2520 2521 2449 2522
467 10 2 5 2 1215 1238 1239 1216 2521 2523 2524 2452 2525
468 10 2 5 2 1216 1239 1240 1217 2524 2526 2527 2455 2528
469 10 2 5 2 1217 1240 1241 1218 2527 2529 2530 2458 2531
470 10 2 5 2 1218 1241 1242 1219 2530 2532 2533 2461 2534
471 10 2 5 2 1219 1242 1243 1220 2533 2535 2536 2464 2537
472 10 2 5 2 1220 1243 1244 1221 2536 2538 2539 2467 2540
473 10 2 5 2 1221 1244 1245 1222 2539 2541 2542 2470 2543
474 10 2 5 2 1222 1245 302 303 2542 2544 347 2473 2545
475 10 2 5 2 133 134 1246 1223 178 2546 2547 2475 2548
476 10 2 5 2 1223 1246 1247 1224 2547 2549 2550 2478 2551
477 10 2 5 2 1224 1247 1248 1225 2550 2552 2553 2481 2554
478 10 2 5 2 1225 1248 1249 1226 2553 2555 2556 2484 2557
479 10 2 5 2 1226 1249 1250 1227 2556 2558 2559 2487 2560
480 10 2 5 2 1227 1250 1251 1228 2559 2561 2562 2490 2563
481 10 2 5 2 1228 1251 1252 1229 2562 2564 2565 2493 2566
482 10 2 5 2 1229 1252 1253 1230 2565 2567 2568 2496 2569
483 10 2 5 2 1230 1253 1254 1231 2568 2570 2571 2499 2572
484 10 2 5 2 1231 1254 1255 1232 2571 2573 2574 2502 2575
485 10 2 5 2 1232 1255 1256 1233 2574 2576 2577 2505 2578
486 10 2 5 2 1233 1256 1257 1234 2577 2579 2580 2508 2581
487 10 2 5 2 1234 1257 1258 1235 2580 2582 2583 2511 2584
488 10 2 5 2 1235 1258 1259 1236 2583 2585 2586 2514 2587
489 10 2 5 2 1236 1259 1260 1237 2586 2588 2589 2517 2590
490 10 2 5 2 1237 1260 1261 1238 2589 2591 2592 2520 2593
491 10 2 5 2 1238 1261 1262 1239 2592 2594 2595 2523 2596
492 10 2 5 2 1239 1262 1263 1240 2595 2597 2598 2526 2599
493 10 2 5 2 1240 1263 1264 1241 2598 2600 2601 2529 2602
494 10 2 5 2 1241 1264 1265 1242 2601 2603 2604 2532 2605
495 10 2 5 2 1242 1265 1266 1243 2604 2606 2607 2535 2608
496 10 2 5 2 1243 1266 1267 1244 2607 2609 2610 2538 2611
497 10 2 5 2 1244 1267 1268 1245 2610 2612 2613 2541 2614
498 10 2 5 2 1245 1268 301 302 2613 2615 346 2544 2616
499 10 2 5 2 134 135 1269 1246 179 2617 2618 2546 2619
500 10 2 5 2 1246 1269 1270 1247 2618 2620 2621 2549 2622
501 10 2 5 2 1247 1270 1271 1248 2621 2623 2624 2552 2625
502 10 2 5 2 1248 1271 1272 1249 2624 2626 2627 2555 2628
503 10 2 5 2 1249 1272 1273 1250 2627 2629 2630 2558 2631
504 10 2 5 2 1250 1273 1274 1251 2630 2632 2633 2561 2634
505 10 2 5 2 1251 1274 1275 1252 2633 2635 2636 2564 2637
506 10 2 5 2 1252 1275 1276 1253 2636 2638 2639 2567 2640
507 10 2 5 2 1253 1276 1277 1254 2639 2641 2642 2570 2643
508 10 2 5 2 1254 1277 1278 1255 2642 2644 2645 2573 2646
509 10 2 5 2 1255 1278 1279 1256 2645 2647 2648 2576 2649
510 10 2 5 2 1256 1279 1280 1257 2648 2650 2651 2579 2652
511 10 2 5 2 1257 1280 1281 1258 2651 2653 2654 2582 2655
512 10 2 5 2 1258 1281 1282 1259 2654 2656 2657 2585 2658
513 10 2 5 2 1259 1282 1283 1260 2657 2659 2660 2588 2661
514 10 2 5 2 1260 1283 1284 1261 2660 2662 2663 2591 2664
515 10 2 5 2 1261 1284 1285 1262 2663 2665 2666 2594 2667
516 10 2 5 2 1262 1285 1286 1263 2666 2668 2669 2597 2670
517 10 2 5 2 1263 1286 1287 1264 2669 2671 2672 2600 2673
518 10 2 5 2 1264 1287 1288 1265 2672 2674 2675 2603 2676
519 10 2 5 2 1265 1288 1289 1266 2675 2677 2678 2606 2679
520 10 2 5 2 1266 1289 1290 1267 2678 2680 2681 2609 2682
521 10 2 5 2 1267 1290 1291 1268 2681 2683 2684 2612 2685
522 10 2 5 2 1268 1291 300 301 2684 2686 345 2615 2687
523 10 2 5 2 135 136 1292 1269 180 2688 2689 2617 2690
524 10 2 5 2 1269 1292 1293 1270 2689 2691 2692 2620 2693
525 10 2 5 2 1270 1293 1294 1271 2692 2694 2695 2623 2696
526 10 2 5 2 1271 1294 1295 1272 2695 2697 2698 2626 2699
527 10 2 5 2 1272 1295 1296 1273 2698 2700 2701 2629 2702
528 10 2 5 2 1273 1296 1297 1274 2701 2703 2704 2632 2705
529 10 2 5 2 1274 1297 1298 1275 2704 2706 2707 2635 2708
530 10 2 5 2 1275 1298 1299 1276 2707 2709 2710 2638 2711
531 10 2 5 2 1276 1299 1300 1277 2710 2712 2713 2641 2714
532 10 2 5 2 1277 1300 1301 1278 2713 2715 2716 2644 2717
533 10 2 5 2 1278 1301 1302 1279 2716 2718 2719 2647 2720
534 10 2 5 2 1279 1302 1303 1280 2719 2721 2722 2650 2723
535 10 2 5 2 1280 1303 1304 1281 2722 2724 2725 2653 2726
536 10 2 5 2 1281 1304 1305 1282 2725 2727 2728 2656 2729
537 10 2 5 2 1282 1305 1306 1283 2728 2730 2731 2659 2732
538 10 2 5 2 1283 1306 1307 1284 2731 2733 2734 2662 2735
539 10 2 5 2 1284 1307 1308 1285 2734 2736 2737 2665 2738
540 10 2 5 2 1285 1308 1309 1286 2737 2739 2740 2668 2741
541 10 2 5 2 1286 1309 1310 1287 2740 2742 2743 2671 2744
542 10 2 5 2 1287 1310 1311 1288 2743 2745 2746 2674 2747
543 10 2 5 2 1288 1311 1312 1289 2746 2748 2749 2677 2750
544 10 2 5 2 1289 1312 1313 1290 2749 2751 2752 2680 2753
545 10 2 5 2 1290 1313 1314 1291 2752 2754 2755 2683 2756
546 10 2 5 2 1291 1314 299 300 2755 2757 344 2686 2758
547 10 2 5 2 136 137 1315 1292 181 2759 2760 2688 2761
548 10 2 5 2 1292 1315 1316 1293 2760 2762 2763 2691 2764
549 10 2 5 2 1293 1316 1317 1294 2763 2765 2766 2694 2767
550 10 2 5 2 1294 1317 1318 1295 2766 2768 2769 2697 2770
551 10 2 5 2 1295 1318 1319 1296 2769 2771 2772 2700 2773
552 10 2 5 2 1296 1319 1320 1297 2772 2774 2775 2703 2776
553 10 2 5 2 1297 1320 1321 1298 2775 2777 2778 2706 2779
554 10 2 5 2 1298 1321 1322 1299 2778 2780 2781 2709 2782
555 10 2 5 2 1299 1322 1323 1300 2781 2783 2784 2712 2785
556 10 2 5 2 1300 1323 1324 1301 2784 2786 2787 2715 2788
557 10 2 5 2 1301 1324 1325 1302 2787 2789 2790 2718 2791
558 10 2 5 2 1302 1325 1326 1303 2790 2792 2793 2721 2794
559 10 2 5 2 1303 1326 1327 1304 2793 2795 2796 2724 2797
560 10 2 5 2 1304 1327 1328 1305 2796 2798 2799 2727 2800
561 10 2 5 2 1305 1328 1329 1306 2799 2801 2802 2730 2803
562 10 2 5 2 1306 1329 1330 1307 2802 2804 2805 2733 2806
563 10 2 5 2 1307 1330 1331 1308 2805 2807 2808 2736 2809
564 10 2 5 2 1308 1331 1332 1309 2808 2810 2811 2739 2812
565 10 2 5 2 1309 1332 1333 1310 2811 2813 2814 2742 2815
566 10 2 5 2 1310 1333 1334 1311 2814 2816 2817 2745 2818
567 10 2 5 2 1311 1334 1335 1312 2817 2819 2820 2748 2821
568 10 2 5 2 1312 1335 1336 1313 2820 2822 2823 2751 2824
569 10 2 5 2 1313 1336 1337 1314 2823 2825 2826 2754 2827
570 10 2 5 2 1314 1337 298 299 2826 2828 343 2757 2829
571 10 2 5 2 137 138 1338 1315 182 2830 2831 2759 2832
572 10 2 5 2 1315 1338 1339 1316 2831 2833 2834 2762 2835
573 10 2 5 2 1316 1339 1340 1317 2834 2836 2837 2765 2838
574 10 2 5 2 1317 1340 1341 1318 2837 2839 2840 2768 2841
575 10 2 5 2 1318 1341 1342 1319 2840 2842 2843 2771 2844
576 10 2 5 2 1319 1342 1343 1320 2843 2845 2846 2774 2847
577 10 2 5 2 1320 1343 1344 1321 2846 2848 2849 2777 2850
578 10 2 5 2 1321 1344 1345 1322 2849 2851 2852 2780 2853
579 10 2 5 2 1322 1345 1346 1323 2852 2854 2855 2783 2856
580 10 2 5 2 1323 1346 1347 1324 2855 2857 2858 2786 2859
581 10 2 5 2 1324 1347 1348 1325 2858 2860 2861 2789 2862
582 10 2 5 2 1325 1348 1349 1326 2861 2863 2864 2792 2865
583 10 2 5 2 1326 1349 1350 1327 2864 2866 2867 2795 2868
584 10 2 5 2 1327 1350 1351 1328 2867 2869 2870 2798 2871
585 10 2 5 2 1328 1351 1352 1329 2870 2872 2873 2801 2874
586 10 2 5 2 1329 1352 1353 1330 2873 2875 2876 2804 2877
587 10 2 5 2 1330 1353 1354 1331 2876 2878 2879 2807 2880
588 10 2 5 2 1331 1354 1355 1332 2879 2881 2882 2810 2883
589 10 2 5 2 1332 1355 1356 1333 2882 2884 2885 2813 2886
590 10 2 5 2 1333 1356 1357 1334 2885 2887 2888 2816 2889
591 10 2 5 2 1334 1357 1358 1335 2888 2890 2891 2819 2892
592 10 2 5 2 1335 1358 1359 1336 2891 2893 2894 2822 2895
593 10 2 5 2 1336 1359 1360 1337 2894 2896 2897 2825 2898
594 10 2 5 2 1337 1360 297 298 2897 2899 342 2828 2900
595 10 2 5 2 138 139 1361 1338 183 2901 2902 2830 2903
596 10 2 5 2 1338 1361 1362 1339 2902 2904 2905 2833 2906
597 10 2 5 2 1339 1362 1363 1340 2905 2907 2908 2836 2909
598 10 2 5 2 1340 1363 1364 1341 2908 2910 2911 2839 2912
599 10 2 5 2 1341 1364 1365 1342 2911 2913 2914 2842 2915
600 10 2 5 2 1342 1365 1366 1343 2914 2916 2917 2845 2918
601 10 2 5 2 1343 1366 1367 1344 2917 2919 2920 2848 2921
602 10 2 5 2 1344 1367 1368 1345 2920 2922 2923 2851 2924
603 10 2 5 2 1345 1368 1369 1346 2923 2925 2926 2854 2927
604 10 2 5 2 1346 1369 1370 1347 2926 2928 2929 2857 2930
605 10 2 5 2 1347 1370 1371 1348 2929 2931 2932 2860 2933
606 10 2 5 2 1348 1371 1372 1349 2932 2934 2935 2863 2936
607 10 2 5 2 1349 1372 1373 1350 2935 2937 2938 2866 2939
608 10 2 5 2 1350 1373 1374 1351 2938 2940 2941 2869 2942
609 10 2 5 2 1351 1374 1375 1352 2941 2943 2944 2872 2945
610 10 2 5 2 1352 1375 1376 1353 2944 2946 2947 2875 2948
611 10 2 5 2 1353 1376 1377 1354 2947 2949 2950 2878 2951
612 10 2 5 2 1354 1377 1378 1355 2950 2952 2953 2881 2954
613 10 2 5 2 1355 1378 1379 1356 2953 2955 2956 2884 2957
614 10 2 5 2 1356 1379 1380 1357 2956 2958 2959 2887 2960
615 10 2 5 2 1357 1380 1381 1358 2959 2961 2962 2890 2963
616 10 2 5 2 1358 1381 1382 1359 2962 2964 2965 2893 2966
617 10 2 5 2 1359 1382 1383 1360 2965 2967 2968 2896 2969
618 10 2 5 2 1360 1383 296 297 2968 2970 341 2899 2971
619 10 2 5 2 139 140 1384 1361 184 2972 2973 2901 2974
620 10 2 5 2 1361 1384 1385 1362 2973 2975 2976 2904 2977
621 10 2 5 2 1362 1385 1386 1363 2976 2978 2979 2907 2980
622 10 2 5 2 1363 1386 1387 1364 2979 2981 2982 2910 2983
623 10 2 5 2 1364 1387 1388 1365 2982 2984 2985 2913 2986
624 10 2 5 2 1365 1388 1389 1366 2985 2987 2988 2916 2989
625 10 2 5 2 1366 1389 1390 1367 2988 2990 2991 2919 2992
626 10 2 5 2 1367 1390 1391 1368 2991 2993 2994 2922 2995
627 10 2 5 2 1368 1391 1392 1369 2994 2996 2997 2925 2998
628 10 2 5 2 1369 1392 1393 1370 2997 2999 3000 2928 3001
629 10 2 5 2 1370 1393 1394 1371 3000 3002 3003 2931 3004
630 10 2 5 2 1371 1394 1395 1372 3003 3005 3006 2934 3007
631 10 2 5 2 1372 1395 1396 1373 3006 3008 3009 2937 3010
632 10 2 5 2 1373 1396 1397 1374 3009 3011 3012 2940 3013
633 10 2 5 2 1374 1397 1398 1375 3012 3014 3015 2943 3016
634 10 2 5 2 1375 1398 1399 1376 3015 3017 3018 2946 3019
635 10 2 5 2 1376 1399 1400 1377 3018 3020 3021 2949 3022
636 10 2 5 2 1377 1400 1401 1378 3021 3023 3024 2952 3025
637 10 2 5 2 1378 1401 1402 1379 3024 3026 3027 2955 3028
638 10 2 5 2 1379 1402 1403 1380 3027 3029 3030 2958 3031
639 10 2 5 2 1380 1403 1404 1381 3030 3032 3033 2961 3034
640 10 2 5 2 1381 1404 1405 1382 3033 3035 3036 2964 3037
641 10 2 5 2 1382 1405 1406 1383 3036 3038 3039 2967 3040
642 10 2 5 2 1383 1406 295 296 3039 3041 340 2970 3042
643 10 2 5 2 140 141 1407 1384 185 3043 3044 2972 3045
644 10 2 5 2 1384 1407 1408 1385 3044 3046 3047 2975 3048
645 10 2 5 2 1385 1408 1409 1386 3047 3049 3050 2978 3051
646 10 2 5 2 1386 1409 1410 1387 3050 3052 3053 2981 3054
647 10 2 5 2 1387 1410 1411 1388 3053 3055 3056 2984 3057
648 10 2 5 2 1388 1411 1412 1389 3056 3058 3059 2987 3060
649 10 2 5 2 1389 1412 1413 1390 3059 3061 3062 2990 3063
650 10 2 5 2 1390 1413 1414 1391 3062 3064 3065 2993 3066
651 10 2 5 2 1391 1414 1415 1392 3065 3067 3068 2996 3069
652 10 2 5 2 1392 1415 1416 1393 3068 3070 3071 2999 3072
653 10 2 5 2 1393 1416 1417 1394 3071 3073 3074 3002 3075
654 10 2 5 2 1394 1417 1418 1395 3074 3076 3077 3005 3078
655 10 2 5 2 1395 1418 1419 1396 3077 3079 3080 3008 3081
656 10 2 5 2 1396 1419 1420 1397 3080 3082 3083 3011 3084
657 10 2 5 2 1397 1420 1421 1398 3083 3085 3086 3014 3087
658 10 2 5 2 1398 1421 1422 1399 3086 3088 3089 3017 3090
659 10 2 5 2 1399 1422 1423 1400 3089 3091 3092 3020 3093
660 10 2 5 2 1400 1423 1424 1401 3092 3094 3095 3023 3096
661 10 2 5 2 1401 1424 1425 1402 3095 3097 3098 3026 3099
662 10 2 5 2 1402 1425 1426 1403 3098 3100 3101 3029 3102
663 10 2 5 2 1403 1426 1427 1404 3101 3103 3104 3032 3105
664 10 2 5 2 1404 1427 1428 1405 3104 3106 3107 3035 3108
665 10 2 5 2 1405 1428 1429 1406 3107 3109 3110 3038 3111
666 10 2 5 2 1406 1429 294 295 3110 3112 339 3041 3113
667 10 2 5 2 141 142 1430 1407 186 3114 3115 3043 3116
668 10 2 5 2 1407 1430 1431 1408 3115 3117 3118 3046 3119
669 10 2 5 2 1408 1431 1432 1409 3118 3120 3121 3049 3122
670 10 2 5 2 1409 1432 1433 1410 3121 3123 3124 3052 3125
671 10 2 5 2 1410 1433 1434 1411 3124 3126 3127 3055 3128
672 10 2 5 2 1411 1434 1435 1412 3127 3129 3130 3058 3131
673 10 2 5 2 1412 1435 1436 1413 3130 3132 3133 3061 3134
674 10 2 5 2 1413 1436 1437 1414 3133 3135 3136 3064 3137
675 10 2 5 2 1414 1437 1438 1415 3136 3138 3139 3067 3140
676 10 2 5 2 1415 1438 1439 1416 3139 3141 3142 3070 3143
677 10 2 5 2 1416 1439 1440 1417 3142 3144 3145 3073 3146
678 10 2 5 2 1417 1440 1441 1418 3145 3147 3148 3076 3149
679 10 2 5 2 1418 1441 1442 1419 3148 3150 3151 3079 3152
680 10 2 5 2 1419 1442 1443 1420 3151 3153 3154 3082 3155
681 10 2 5 2 1420 1443 1444 1421 3154 3156 3157 3085 3158
682 10 2 5 2 1421 1444 1445 1422 3157 3159 3160 3088 3161
683 10 2 5 2 1422 1445 1446 1423 3160 3162 3163 3091 3164
684 10 2 5 2 1423 1446 1447 1424 3163 3165 3166 3094 3167
685 10 2 5 2 1424 1447 1448 1425 3166 3168 3169 3097 3170
686 10 2 5 2 1425 1448 1449 1426 3169 3171 3172 3100 3173
687 10 2 5 2 1426 1449 1450 1427 3172 3174 3175 3103 3176
688 10 2 5 2 1427 1450 1451 1428 3175 3177 3178 3106 3179
689 10 2 5 2 1428 1451 1452 1429 3178 3180 3181 3109 3182
690 10 2 5 2 1429 1452 293 294 3181 3183 338 3112 3184
691 10 2 5 2 142 143 1453 1430 187 3185 3186 3114 3187
692 10 2 5 2 1430 1453 1454 1431 3186 3188 3189 3117 3190
693 10 2 5 2 1431 1454 1455 1432 3189 3191 3192 3120 3193
694 10 2 5 2 1432 1455 1456 1433 3192 3194 3195 3123 3196
695 10 2 5 2 1433 1456 1457 1434 3195 3197 3198 3126 3199
696 10 2 5 2 1434 1457 1458 1435 3198 3200 3201 3129 3202
697 10 2 5 2 1435 1458 1459 1436 3201 3203 3204 3132 3205
698 10 2 5 2 1436 1459 1460 1437 3204 3206 3207 3135 3208
699 10 2 5 2 1437 1460 1461 1438 3207 3209 3210 3138 3211
700 10 2 5 2 1438 1461 1462 1439 3210 3212 3213 3141 3214
701 10 2 5 2 1439 1462 1463 1440 3213 3215 3216 3144 3217
702 10 2 5 2 1440 1463 1464 1441 3216 3218 3219 3147 3220
703 10 2 5 2 1441 1464 1465 1442 3219 3221 3222 3150 3223
704 10 2 5 2 1442 1465 1466 1443 3222 3224 3225 3153 3226
705 10 2 5 2 1443 1466 1467 1444 3225 3227 3228 3156 3229
706 10 2 5 2 1444 1467 1468 1445 3228 3230 3231 3159 3232
707 10 2 5 2 1445 1468 1469 1446 3231 3233 3234 3162 3235
708 10 2 5 2 1446 1469 1470 1447 3234 3236 3237 3165 3238
709 10 2 5 2 1447 1470 1471 1448 3237 3239 3240 3168 3241
710 10 2 5 2 1448 1471 1472 1449 3240 3242 3243 3171 3244
711 10 2 5 2 1449 1472 1473 1450 3243 3245 3246 3174 3247
712 10 2 5 2 1450 1473 1474 1451 3246 3248 3249 3177 3250
713 10 2 5 2 1451 1474 1475 1452 3249 3251 3252 3180 3253
714 10 2 5 2 1452 1475 292 293 3252 3254 337 3183 3255
715 10 2 5 2 143 144 1476 1453 188 3256 3257 3185 3258
716 10 2 5 2 1453 1476 1477 1454 3257 3259 3260 3188 3261
717 10 2 5 2 1454 1477 1478 1455 3260 3262 3263 3191 3264
718 10 2 5 2 1455 1478 1479 1456 3263 3265 3266 3194 3267
719 10 2 5 2 1456 1479 1480 1457 3266 3268 3269 3197 3270
720 10 2 5 2 1457 1480 1481 1458 3269 3271 3272 3200 3273
721 10 2 5 2 1458 1481 1482 1459 3272 3274 3275 3203 3276
722 10 2 5 2 1459 1482 1483 1460 3275 3277 3278 3206 3279
723 10 2 5 2 1460 1483 1484 1461 3278 3280 3281 3209 3282
724 10 2 5 2 1461 1484 1485 1462 3281 3283 3284 3212 3285
725 10 2 5 2 1462 1485 1486 1463 3284 3286 3287 3215 3288
726 10 2 5 2 1463 1486 1487 1464 3287 3289 3290 3218 3291
727 10 2 5 2 1464 1487 1488 1465 3290 3292 3293 3221 3294
728 10 2 5 2 1465 1488 1489 1466 3293 3295 3296 3224 3297
729 10 2 5 2 1466 1489 1490 1467 3296 3298 3299 3227 3300
730 10 2 5 2 1467 1490 1491 1468 3299 3301 3302 3230 3303
731 10 2 5 2 1468 1491 1492 1469 3302 3304 3305 3233 3306
732 10 2 5 2 1469 1492 1493 1470 3305 3307 3308 3236 3309
733 10 2 5 2 1470 1493 1494 1471 3308 3310 3311 3239 3312
734 10 2 5 2 1471 1494 1495 1472 3311 3313 3314 3242 3315
735 10 2 5 2 1472 1495 1496 1473 3314 3316 3317 3245 3318
736 10 2 5 2 1473 1496 1497 1474 3317 3319 3320 3248 3321
737 10 2 5 2 1474 1497 1498 1475 3320 3322 3323 3251 3324
738 10 2 5 2 1475 1498 291 292 3323 3325 336 3254 3326
739 10 2 5 2 144 145 1499 1476 189 3327 3328 3256 3329
740 10 2 5 2 1476 1499 1500 1477 3328 3330 3331 3259 3332
741 10 2 5 2 1477 1500 1501 1478 3331 3333 3334 3262 3335
742 10 2 5 2 1478 1501 1502 1479 3334 3336 3337 3265 3338
743 10 2 5 2 1479 1502 1503 1480 3337 3339 3340 3268 3341
744 10 2 5 2 1480 1503 1504 1481 3340 3342 3343 3271 3344
745 10 2 5 2 1481 1504 1505 1482 3343 3345 3346 3274 3347
746 10 2 5 2 1482 1505 1506 1483 3346 3348 3349 3277 3350
747 10 2 5 2 1483 1506 1507 1484 3349 3351 3352 3280 3353
748 10 2 5 2 1484 1507 1508 1485 3352 3354 3355 3283 3356
749 10 2 5 2 1485 1508 1509 1486 3355 3357 3358 3286 3359
750 10 2 5 2 1486 1509 1510 1487 3358 3360 3361 3289 3362
751 10 2 5 2 1487 1510 1511 1488 3361 3363 3364 3292 3365
752 10 2 5 2 1488 1511 1512 1489 3364 3366 3367 3295 3368
753 10 2 5 2 1489 1512 1513 1490 3367 3369 3370 3298 3371
754 10 2 5 2 1490 1513 1514 1491 3370 3372 3373 3301 3374
755 10 2 5 2 1491 1514 1515 1492 3373 3375 3376 3304 3377
756 10 2 5 2 1492 1515 1516 1493 3376 3378 3379 3307 3380
757 10 2 5 2 1493 1516 1517 1494 3379 3381 3382 3310 3383
758 10 2 5 2 1494 1517 1518 1495 3382 3384 3385 3313 3386
759 10 2 5 2 1495 1518 1519 1496 3385 3387 3388 3316 3389
760 10 2 5 2 1496 1519 1520 1497 3388 3390 3391 3319 3392
761 10 2 5 2 1497 1520 1521 1498 3391 3393 3394 3322 3395
762 10 2 5 2 1498 1521 290 291 3394 3396 335 3325 3397
763 10 2 5 2 145 146 1522 1499 190 3398 3399 3327 3400
764 10 2 5 2 1499 1522 1523 1500 3399 3401 3402 3330 3403
765 10 2 5 2 1500 1523 1524 1501 3402 3404 3405 3333 3406
766 10 2 5 2 1501 1524 1525 1502 3405 3407 3408 3336 3409
767 10 2 5 2 1502 1525 1526 1503 3408 3410 3411 3339 3412
768 10 2 5 2 1503 1526 1527 1504 3411 3413 3414 3342 3415
769 10 2 5 2 1504 1527 1528 1505 3414 3416 3417 3345 3418
770 10 2 5 2 1505 1528 1529 1506 3417 3419 3420 3348 3421
771 10 2 5 2 1506 1529 1530 1507 3420 3422 3423 3351 3424
772 10 2 5 2 1507 1530 1531 1508 3423 3425 3426 3354 3427
773 10 2 5 2 1508 1531 1532 1509 3426 3428 3429 3357 3430
774 10 2 5 2 1509 1532 1533 1510 3429 3431 3432 3360 3433
775 10 2 5 2 1510 1533 1534 1511 3432 3434 3435 3363 3436
776 10 2 5 2 1511 1534 1535 1512 3435 3437 3438 3366 3439
777 10 2 5 2 1512 1535 1536 1513 3438 3440 3441 3369 3442
778 10 2 5 2 1513 1536 1537 1514 3441 3443 3444 3372 3445
779 10 2 5 2 1514 1537 1538 1515 3444 3446 3447 3375 3448
780 10 2 5 2 1515 1538 1539 1516 3447 3449 3450 3378 3451
781 10 2 5 2 1516 1539 1540 1517 3450 3452 3453 3381 3454
782 10 2 5 2 1517 1540 1541 1518 3453 3455 3456 3384 3457
783 10 2 5 2 1518 1541 1542 1519 3456 3458 3459 3387 3460
784 10 2 5 2 1519 1542 1543 1520 3459 3461 3462 3390 3463
785 10 2 5 2 1520 1543 1544 1521 3462 3464 3465 3393 3466
786 10 2 5 2 1521 1544 289 290 3465 3467 334 3396 3468
787 10 2 5 2 146 147 1545 1522 191 3469 3470 3398 3471
788 10 2 5 2 1522 1545 1546 1523 3470 3472 3473 3401 3474
789 10 2 5 2 1523 1546 1547 1524 3473 3475 3476 3404 3477
790 10 2 5 2 1524 1547 1548 1525 3476 3478 3479 3407 3480
791 10 2 5 2 1525 1548 1549 1526 3479 3481 3482 3410 3483
792 10 2 5 2 1526 1549 1550 1527 3482 3484 3485 3413 3486
793 10 2 5 2 1527 1550 1551 1528 3485 3487 3488 3416 3489
794 10 2 5 2 1528 1551 1552 1529 3488 3490 3491 3419 3492
795 10 2 5 2 1529 1552 1553 1530 3491 3493 3494 3422 3495
796 10 2 5 2 1530 1553 1554 1531 3494 3496 3497 3425 3498
797 10 2 5 2 1531 1554 1555 1532 3497 3499 3500 3428 3501
798 10 2 5 2 1532 1555 1556 1533 3500 3502 3503 3431 3504
799 10 2 5 2 1533 1556 1557 1534 3503 3505 3506 3434 3507
800 10 2 5 2 1534 1557 1558 1535 3506 3508 3509 3437 3510
801 10 2 5 2 1535 1558 1559 1536 3509 3511 3512 3440 3513
802 10 2 5 2 1536 1559 1560 1537 3512 3514 3515 3443 3516
803 10 2 5 2 1537 1560 1561 1538 3515 3517 3518 3446 3519
804 10 2 5 2 1538 1561 1562 1539 3518 3520 3521 3449 3522
805 10 2 5 2 1539 1562 1563 1540 3521 3523 3524 3452 3525
806 10 2 5 2 1540 1563 1564 1541 3524 3526 3527 3455 3528
807 10 2 5 2 1541 1564 1565 1542 3527 3529 3530 3458 3531
808 10 2 5 2 1542 1565 1566 1543 3530 3532 3533 3461 3534
809 10 2 5 2 1543 1566 1567 1544 3533 3535 3536 3464 3537
810 10 2 5 2 1544 1567 288 289 3536 3538 333 3467 3539
811 10 2 5 2 147 148 1568 1545 192 3540 3541 3469 3542
812 10 2 5 2 1545 1568 1569 1546 3541 3543 3544 3472 3545
813 10 2 5 2 1546 1569 1570 1547 3544 3546 3547 3475 3548
814 10 2 5 2 1547 1570 1571 1548 3547 3549 3550 3478 3551
815 10 2 5 2 1548 1571 1572 1549 3550 3552 3553 3481 3554
816 10 2 5 2 1549 1572 1573 1550 3553 3555 3556 3484 3557
817 10 2 5 2 1550 1573 1574 1551 3556 3558 3559 3487 3560
818 10 2 5 2 1551 1574 1575 1552 3559 3561 3562 3490 3563
819 10 2 5 2 1552 1575 1576 1553 3562 3564 3565 3493 3566
820 10 2 5 2 1553 1576 1577 1554 3565 3567 3568 3496 3569
821 10 2 5 2 1554 1577 1578 1555 3568 3570 3571 3499 3572
822 10 2 5 2 1555 1578 1579 1556 3571 3573 3574 3502 3575
823 10 2 5 2 1556 1579 1580 1557 3574 3576 3577 3505 3578
824 10 2 5 2 1557 1580 1581 1558 3577 3579 3580 3508 3581
825 10 2 5 2 1558 1581 1582 1559 3580 3582 3583 3511 3584
826 10 2 5 2 1559 1582 1583 1560 3583 3585 3586 3514 3587
827 10 2 5 2 1560 1583 1584 1561 3586 3588 3589 3517 3590
828 10 2 5 2 1561 1584 1585 1562 3589 3591 3592 3520 3593
829 10 2 5 2 1562 1585 1586 1563 3592 3594 3595 3523 3596
830 10 2 5 2 1563 1586 1587 1564 3595 3597 3598 3526 3599
831 10 2 5 2 1564 1587 1588 1565 3598 3600 3601 3529 3602
832 10 2 5 2 1565 1588 1589 1566 3601 3603 3604 3532 3605
833 10 2 5 2 1566 1589 1590 1567 3604 3606 3607 3535 3608
834 10 2 5 2 1567 1590 287 288 3607 3609 332 3538 3610
835 10 2 5 2 148 149 1591 1568 193 3611 3612 3540 3613
836 10 2 5 2 1568 1591 1592 1569 3612 3614 3615 3543 3616
837 10 2 5 2 1569 1592 1593 1570 3615 3617 3618 3546 3619
838 10 2 5 2 1570 1593 1594 1571 3618 3620 3621 3549 3622
839 10 2 5 2 1571 1594 1595 1572 3621 3623 3624 3552 3625
840 10 2 5 2 1572 1595 1596 1573 3624 3626 3627 3555 3628
841 10 2 5 2 1573 1596 1597 1574 3627 3629 3630 3558 3631
842 10 2 5 2 1574 1597 1598 1575 3630 3632 3633 3561 3634
843 10 2 5 2 1575 1598 1599 1576 3633 3635 3636 3564 3637
844 10 2 5 2 1576 1599 1600 1577 3636 3638 3639 3567 3640
845 10 2 5 2 1577 1600 1601 1578 3639 3641 3642 3570 3643
846 10 2 5 2 1578 1601 1602 1579 3642 3644 3645 3573 3646
847 10 2 5 2 1579 1602 1603 1580 3645 3647 3648 3576 3649
848 10 2 5 2 1580 1603 1604 1581 3648 3650 3651 3579 3652
849 10 2 5 2 1581 1604 1605 1582 3651 3653 3654 3582 3655
850 10 2 5 2 1582 1605 1606 1583 3654 3656 3657 3585 3658
851 10 2 5 2 1583 1606 1607 1584 3657 3659 3660 3588 3661
852 10 2 5 2 1584 1607 1608 1585 3660 3662 3663 3591 3664
853 10 2 5 2 1585 1608 1609 1586 3663 3665 3666 3594 3667
854 10 2 5 2 1586 1609 1610 1587 3666 3668 3669 3597 3670
855 10 2 5 2 1587 1610 1611 1588 3669 3671 3672 3600 3673
856 10 2 5 2 1588 1611 1612 1589 3672 3674 3675 3603 3676
857 10 2 5 2 1589 1612 1613 1590 3675 3677 3678 3606 3679
858 10 2 5 2 1590 1613 286 287 3678 3680 331 3609 3681
859 10 2 5 2 149 150 1614 1591 194 3682 3683 3611 3684
860 10 2 5 2 1591 1614 1615 1592 3683 3685 3686 3614 3687
861 10 2 5 2 1592 1615 1616 1593 3686 3688 3689 3617 3690
862 10 2 5 2 1593 1616 1617 1594 3689 3691 3692 3620 3693
863 10 2 5 2 1594 1617 1618 1595 3692 3694 3695 3623 3696
864 10 2 5 2 1595 1618 1619 1596 3695 3697 3698 3626 3699
865 10 2 5 2 1596 1619 1620 1597 3698 3700 3701 3629 3702
866 10 2 5 2 1597 1620 1621 1598 3701 3703 3704 3632 3705
867 10 2 5 2 1598 1621 1622 1599 3704 3706 3707 3635 3708
868 10 2 5 2 1599 1622 1623 1600 3707 3709 3710 3638 3711
869 10 2 5 2 1600 1623 1624 1601 3710 3712 3713 3641 3714
870 10 2 5 2 1601 1624 1625 1602 3713 3715 3716 3644 3717
871 10 2 5 2 1602 1625 1626 1603 3716 3718 3719 3647 3720
872 10 2 5 2 1603 1626 1627 1604 3719 3721 3722 3650 3723
873 10 2 5 2 1604 1627 1628 1605 3722 3724 3725 3653 3726
874 10 2 5 2 1605 1628 1629 1606 3725 3727 3728 3656 3729
875 10 2 5 2 1606 1629 1630 1607 3728 3730 3731 3659 3732
876 10 2 5 2 1607 1630 1631 1608 3731 3733 3734 3662 3735
877 10 2 5 2 1608 1631 1632 1609 3734 3736 3737 3665 3738
878 10 2 5 2 1609 1632 1633 1610 3737 3739 3740 3668 3741
879 10 2 5 2 1610 1633 1634 1611 3740 3742 3743 3671 3744
880 10 2 5 2 1611 1634 1635 1612 3743 3745 3746 3674 3747
881 10 2 5 2 1612 1635 1636 1613 3746 3748 3749 3677 3750
882 10 2 5 2 1613 1636 285 286 3749 3751 330 3680 3752
883 10 2 5 2 150 151 1637 1614 195 3753 3754 3682 3755
884 10 2 5 2 1614 1637 1638 1615 3754 3756 3757 3685 3758
885 10 2 5 2 1615 1638 1639 1616 3757 3759 3760 3688 3761
886 10 2 5 2 1616 1639 1640 1617 3760 3762 3763 3691 3764
887 10 2 5 2 1617 1640 1641 1618 3763 3765 3766 3694 3767
888 10 2 5 2 1618 1641 1642 1619 3766 3768 3769 3697 3770
889 10 2 5 2 1619 1642 1643 1620 3769 3771 3772 3700 3773
890 10 2 5 2 1620 1643 1644 1621 3772 3774 3775 3703 3776
891 10 2 5 2 1621 1644 1645 1622 3775 3777 3778 3706 3779
892 10 2 5 2 1622 1645 1646 1623 3778 3780 3781 3709 3782
893 10 2 5 2 1623 1646 1647 1624 3781 3783 3784 3712 3785
894 10 2 5 2 1624 1647 1648 1625 3784 3786 3787 3715 3788
895 10 2 5 2 1625 1648 1649 1626 3787 3789 3790 3718 3791
896 10 2 5 2 1626 1649 1650 1627 3790 3792 3793 3721 3794
897 10 2 5 2 1627 1650 1651 1628 3793 3795 3796 3724 3797
898 10 2 5 2 1628 1651 1652 1629 3796 3798 3799 3727 3800
899 10 2 5 2 1629 1652 1653 1630 3799 3801 3802 3730 3803
900 10 2 5 2 1630 1653 1654 1631 3802 3804 3805 3733 3806
901 10 2 5 2 1631 1654 1655 1632 3805 3807 3808 3736 3809
902 10 2 5 2 1632 1655 1656 1633 3808 3810 3811 3739 3812
903 10 2 5 2 1633 1656 1657 1634 3811 3813 3814 3742 3815
904 10 2 5 2 1634 1657 1658 1635 3814 3816 3817 3745 3818
905 10 2 5 2 1635 1658 1659 1636 3817 3819 3820 3748 3821
906 10 2 5 2 1636 1659 284 285 3820 3822 329 3751 3823
907 10 2 5 2 151 152 1660 1637 196 3824 3825 3753 3826
908 10 2 5 2 1637 1660 1661 1638 3825 3827 3828 3756 3829
909 10 2 5 2 1638 1661 1662 1639 3828 3830 3831 3759 3832
910 10 2 5 2 1639 1662 1663 1640 3831 3833 3834 3762 3835
911 10 2 5 2 1640 1663 1664 1641 3834 3836 3837 3765 3838
912 10 2 5 2 1641 1664 1665 1642 3837 3839 3840 3768 3841
913 10 2 5 2 1642 1665 1666 1643 3840 3842 3843 3771 3844
914 10 2 5 2 1643 1666 1667 1644 3843 3845 3846 3774 3847
915 10 2 5 2 1644 1667 1668 1645 3846 3848 3849 3777 3850
916 10 2 5 2 1645 1668 1669 1646 3849 3851 3852 3780 3853
917 10 2 5 2 1646 1669 1670 1647 3852 3854 3855 3783 3856
918 10 2 5 2 1647 1670 1671 1648 3855 3857 3858 3786 3859
919 10 2 5 2 1648 1671 1672 1649 3858 3860 3861 3789 3862
920 10 2 5 2 1649 1672 1673 1650 3861 3863 3864 3792 3865
921 10 2 5 2 1650 1673 1674 1651 3864 3866 3867 3795 3868
922 10 2 5 2 1651 1674 1675 1652 3867 3869 3870 3798 3871
923 10 2 5 2 1652 1675 1676 1653 3870 3872 3873 3801 3874
924 10 2 5 2 1653 1676 1677 1654 3873 3875 3876 3804 3877
925 10 2 5 2 1654 1677 1678 1655 3876 3878 3879 3807 3880
926 10 2 5 2 1655 1678 1679 1656 3879 3881 3882 3810 3883
927 10 2 5 2 1656 1679 1680 1657 3882 3884 3885 3813 3886
928 10 2 5 2 1657 1680 1681 1658 3885 3887 3888 3816 3889
929 10 2 5 2 1658 1681 1682 1659 3888 3890 3891 3819 3892
930 10 2 5 2 1659 1682 283 284 3891 3893 328 3822 3894
931 10 2 5 2 152 153 1683 1660 197 3895 3896 3824 3897
932 10 2 5 2 1660 1683 1684 1661 3896 3898 3899 3827 3900
933 10 2 5 2 1661 1684 1685 1662 3899 3901 3902 3830 3903
934 10 2 5 2 1662 1685 1686 1663 3902 3904 3905 3833 3906
935 10 2 5 2 1663 1686 1687 1664 3905 3907 3908 3836 3909
936 10 2 5 2 1664 1687 1688 1665 3908 3910 3911 3839 3912
937 10 2 5 2 1665 1688 1689 1666 3911 3913 3914 3842 3915
938 10 2 5 2 1666 1689 1690 1667 3914 3916 3917 3845 3918
939 10 2 5 2 1667 1690 1691 1668 3917 3919 3920 3848 3921
940 10 2 5 2 1668 1691 1692 1669 3920 3922 3923 3851 3924
941 10 2 5 2 1669 1692 1693 1670 3923 3925 3926 3854 3927
942 10 2 5 2 1670 1693 1694 1671 3926 3928 3929 3857 3930
943 10 2 5 2 1671 1694 1695 1672 3929 3931 3932 3860 3933
944 10 2 5 2 1672 1695 1696 1673 3932 3934 3935 3863 3936
945 10 2 5 2 1673 1696 1697 1674 3935 3937 3938 3866 3939
946 10 2 5 2 1674 1697 1698 1675 3938 3940 3941 3869 3942
947 10 2 5 2 1675 1698 1699 1676 3941 3943 3944 3872 3945
948 10 2 5 2 1676 1699 1700 1677 3944 3946 3947 3875 3948
949 10 2 5 2 1677 1700 1701 1678 3947 3949 3950 3878 3951
950 10 2 5 2 1678 1701 1702 1679 3950 3952 3953 3881 3954
951 10 2 5 2 1679 1702 1703 1680 3953 3955 3956 3884 3957
952 10 2 5 2 1680 1703 1704 1681 3956 3958 3959 3887 3960
953 10 2 5 2 1681 1704 1705 1682 3959 3961 3962 3890 3963
954 10 2 5 2 1682 1705 282 283 3962 3964 327 3893 3965
955 10 2 5 2 153 154 1706 1683 198 3966 3967 3895 3968
956 10 2 5 2 1683 1706 1707 1684 3967 3969 3970 3898 3971
957 10 2 5 2 1684 1707 1708 1685 3970 3972 3973 3901 3974
958 10 2 5 2 1685 1708 1709 1686 3973 3975 3976 3904 3977
959 10 2 5 2 1686 1709 1710 1687 3976 3978 3979 3907 3980
960 10 2 5 2 1687 1710 1711 1688 3979 3981 3982 3910 3983
961 10 2 5 2 1688 1711 1712 1689 3982 3984 3985 3913 3986
962 10 2 5 2 1689 1712 1713 1690 3985 3987 3988 3916 3989
963 10 2 5 2 1690 1713 1714 1691 3988 3990 3991 3919 3992
964 10 2 5 2 1691 1714 1715 1692 3991 3993 3994 3922 3995
965 10 2 5 2 1692 1715 1716 1693 3994 3996 3997 3925 3998
966 10 2 5 2 1693 1716 1717 1694 3997 3999 4000 3928 4001
967 10 2 5 2 1694 1717 1718 1695 4000 4002 4003 3931 4004
968 10 2 5 2 1695 1718 1719 1696 4003 4005 4006 3934 4007
969 10 2 5 2 1696 1719 1720 1697 4006 4008 4009 3937 4010
970 10 2 5 2 1697 1720 1721 1698 4009 4011 4012 3940 4013
971 10 2 5 2 1698 1721 1722 1699 4012 4014 4015 3943 4016
972 10 2 5 2 1699 1722 1723 1700 4015 4017 4018 3946 4019
973 10 2 5 2 1700 1723 1724 1701 4018 4020 4021 3949 4022
974 10 2 5 2 1701 1724 1725 1702 4021 4023 4024 3952 4025
975 10 2 5 2 1702 1725 1726 1703 4024 4026 4027 3955 4028
976 10 2 5 2 1703 1726 1727 1704 4027 4029 4030 3958 4031
977 10 2 5 2 1704 1727 1728 1705 4030 4032 4033 3961 4034
978 10 2 5 2 1705 1728 281 282 4033 4035 326 3964 4036
979 10 2 5 2 154 155 1729 1706 199 4037 4038 3966 4039
980 10 2 5 2 1706 1729 1730 1707 4038 4040 4041 3969 4042
981 10 2 5 2 1707 1730 1731 1708 4041 4043 4044 3972 4045
982 10 2 5 2 1708 1731 1732 1709 4044 4046 4047 3975 4048
983 10 2 5 2 1709 1732 1733 1710 4047 4049 4050 3978 4051
984 10 2 5 2 1710 1733 1734 1711 4050 4052 4053 3981 4054
985 10 2 5 2 1711 1734 1735 1712 4053 4055 4056 3984 4057
986 10 2 5 2 1712 1735 1736 1713 4056 4058 4059 3987 4060
987 10 2 5 2 1713 1736 1737 1714 4059 4061 4062 3990 4063
988 10 2 5 2 1714 1737 1738 1715 4062 4064 4065 3993 4066
989 10 2 5 2 1715 1738 1739 1716 4065 4067 4068 3996 4069
990 10 2 5 2 1716 1739 1740 1717 4068 4070 4071 3999 4072
991 10 2 5 2 1717 1740 1741 1718 4071 4073 4074 4002 4075
992 10 2 5 2 1718 1741 1742 1719 4074 4076 4077 4005 4078
993 10 2 5 2 1719 1742 1743 1720 4077 4079 4080 4008 4081
994 10 2 5 2 1720 1743 1744 1721 4080 4082 4083 4011 4084
995 10 2 5 2 1721 1744 1745 1722 4083 4085 4086 4014 4087
996 10 2 5 2 1722 1745 1746 1723 4086 4088 4089 4017 4090
997 10 2 5 2 1723 1746 1747 1724 4089 4091 4092 4020 4093
998 10 2 5 2 1724 1747 1748 1725 4092 4094 4095 4023 4096
999 10 2 5 2 1725 1748 1749 1726 4095 4097 4098 4026 4099
1000 10 2 5 2 1726 1749 1750 1727 4098 4100 4101 4029 4102
1001 10 2 5 2 1727 1750 1751 1728 4101 4103 4104 4032 4105
1002 10 2 5 2 1728 1751 280 281 4104 4106 325 4035 4107
1003 10 2 5 2 155 156 1752 1729 200 4108 4109 4037 4110
1004 10 2 5 2 1729 1752 1753 1730 4109 4111 4112 4040 4113
1005 10 2 5 2 1730 1753 1754 1731 4112 4114 4115 4043 4116
1006 10 2 5 2 1731 1754 1755 1732 4115 4117 4118 4046 4119
1007 10 2 5 2 1732 1755 1756 1733 4118 4120 4121 4049 4122
1008 10 2 5 2 1733 1756 1757 1734 4121 4123 4124 4052 4125
1009 10 2 5 2 1734 1757 1758 1735 4124 4126 4127 4055 4128
1010 10 2 5 2 1735 1758 1759 1736 4127 4129 4130 4058 4131
1011 10 2 5 2 1736 1759 1760 1737 4130 4132 4133 4061 4134
1012 10 2 5 2 1737 1760 1761 1738 4133 4135 4136 4064 4137
1013 10 2 5 2 1738 1761 1762 1739 4136 4138 4139 4067 4140
1014 10 2 5 2 1739 1762 1763 1740 4139 4141 4142 4070 4143
1015 10 2 5 2 1740 1763 1764 1741 4142 4144 4145 4073 4146
1016 10 2 5 2 1741 1764 1765 1742 4145 4147 4148 4076 4149
1017 10 2 5 2 1742 1765 1766 1743 4148 4150 4151 4079 4152
1018 10 2 5 2 1743 1766 1767 1744 4151 4153 4154 4082 4155
1019 10 2 5 2 1744 1767 1768 1745 4154 4156 4157 4085 4158
1020 10 2 5 2 1745 1768 1769 1746 4157 4159 4160 4088 4161
1021 10 2 5 2 1746 1769 1770 1747 4160 4162 4163 4091 4164
1022 10 2 5 2 1747 1770 1771 1748 4163 4165 4166 4094 4167
1023 10 2 5 2 1748 1771 1772 1749 4166 4168 4169 4097 4170
1024 10 2 5 2 1749 1772 1773 1750 4169 4171 4172 4100 4173
1025 10 2 5 2 1750 1773 1774 1751 4172 4174 4175 4103 4176
1026 10 2 5 2 1751 1774 279 280 4175 4177 324 4106 4178
1027 10 2 5 2 156 157 1775 1752 201 4179 4180 4108 4181
1028 10 2 5 2 1752 1775 1776 1753 4180 4182 4183 4111 4184
1029 10 2 5 2 1753 1776 1777 1754 4183 4185 4186 4114 4187
1030 10 2 5 2 1754 1777 1778 1755 4186 4188 4189 4117 4190
1031 10 2 5 2 1755 1778 1779 1756 4189 4191 4192 4120 4193
1032 10 2 5 2 1756 1779 1780 1757 4192 4194 4195 4123 4196
1033 10 2 5 2 1757 1780 1781 1758 4195 4197 4198 4126 4199
1034 10 2 5 2 1758 1781 1782 1759 4198 4200 4201 4129 4202
1035 10 2 5 2 1759 1782 1783 1760 4201 4203 4204 4132 4205
1036 10 2 5 2 1760 1783 1784 1761 4204 4206 4207 4135 4208
1037 10 2 5 2 1761 1784 1785 1762 4207 4209 4210 4138 4211
1038 10 2 5 2 1762 1785 1786 1763 4210 4212 4213 4141 4214
1039 10 2 5 2 1763 1786 1787 1764 4213 4215 4216 4144 4217
1040 10 2 5 2 1764 1787 1788 1765 4216 4218 4219 4147 4220
1041 10 2 5 2 1765 1788 1789 1766 4219 4221 4222 4150 4223
1042 10 2 5 2 1766 1789 1790 1767 4222 4224 4225 4153 4226
1043 10 2 5 2 1767 1790 1791 1768 4225 4227 4228 4156 4229
1044 10 2 5 2 1768 1791 1792 1769 4228 4230 4231 4159 4232
1045 10 2 5 2 1769 1792 1793 1770 4231 4233 4234 4162 4235
1046 10 2 5 2 1770 1793 1794 1771 4234 4236 4237 4165 4238
1047 10 2 5 2 1771 1794 1795 1772 4237 4239 4240 4168 4241
1048 10 2 5 2 1772 1795 1796 1773 4240 4242 4243 4171 4244
1049 10 2 5 2 1773 1796 1797 1774 4243 4245 4246 4174 4247
1050 10 2 5 2 1774 1797 278 279 4246 4248 323 4177 4249
1051 10 2 5 2 157 158 1798 1775 202 4250 4251 4179 4252
1052 10 2 5 2 1775 1798 1799 1776 4251 4253 4254 4182 4255
1053 10 2 5 2 1776 1799 1800 1777 4254 4256 4257 4185 4258
1054 10 2 5 2 1777 1800 1801 1778 4257 4259 4260 4188 4261
1055 10 2 5 2 1778 1801 1802 1779 4260 4262 4263 4191 4264
1056 10 2 5 2 1779 1802 1803 1780 4263 4265 4266 4194 4267
1057 10 2 5 2 1780 1803 1804 1781 4266 4268 4269 4197 4270
1058 10 2 5 2 1781 1804 1805 1782 4269 4271 4272 4200 4273
1059 10 2 5 2 1782 1805 1806 1783 4272 4274 4275 4203 4276
1060 10 2 5 2 1783 1806 1807 1784 4275 4277 4278 4206 4279
1061 10 2 5 2 1784 1807 1808 1785 4278 4280 4281 4209 4282
1062 10 2 5 2 1785 1808 1809 1786 4281 4283 4284 4212 4285
1063 10 2 5 2 1786 1809 1810 1787 4284 4286 4287 4215 4288
1064 10 2 5 2 1787 1810 1811 1788 4287 4289 4290 4218 4291
1065 10 2 5 2 1788 1811 1812 1789 4290 4292 4293 4221 4294
1066 10 2 5 2 1789 1812 1813 1790 4293 4295 4296 4224 4297
1067 10 2 5 2 1790 1813 1814 1791 4296 4298 4299 4227 4300
1068 10 2 5 2 1791 1814 1815 1792 4299 4301 4302 4230 4303
1069 10 2 5 2 1792 1815 1816 1793 4302 4304 4305 4233 4306
1070 10 2 5 2 1793 1816 1817 1794 4305 4307 4308 4236 4309
1071 10 2 5 2 1794 1817 1818 1795 4308 4310 4311 4239 4312
1072 10 2 5 2 1795 1818 1819 1796 4311 4313 4314 4242 4315
1073 10 2 5 2 1796 1819 1820 1797 4314 4316 4317 4245 4318
1074 10 2 5 2 1797 1820 277 278 4317 4319 322 4248 4320
1075 10 2 5 2 158 159 1821 1798 203 4321 4322 4250 4323
1076 10 2 5 2 1798 1821 1822 1799 4322 4324 4325 4253 4326
1077 10 2 5 2 1799 1822 1823 1800 4325 4327 4328 4256 4329
1078 10 2 5 2 1800 1823 1824 1801 4328 4330 4331 4259 4332
1079 10 2 5 2 1801 1824 1825 1802 4331 4333 4334 4262 4335
1080 10 2 5 2 1802 1825 1826 1803 4334 4336 4337 4265 4338
1081 10 2 5 2 1803 1826 1827 1804 4337 4339 4340 4268 4341
1082 10 2 5 2 1804 1827 1828 1805 4340 4342 4343 4271 4344
1083 10 2 5 2 1805 1828 1829 1806 4343 4345 4346 4274 4347
1084 10 2 5 2 1806 1829 1830 1807 4346 4348 4349 4277 4350
1085 10 2 5 2 1807 1830 1831 1808 4349 4351 4352 4280 4353
1086 10 2 5 2 1808 1831 1832 1809 4352 4354 4355 4283 4356
1087 10 2 5 2 1809 1832 1833 1810 4355 4357 4358 4286 4359
1088 10 2 5 2 1810 1833 1834 1811 4358 4360 4361 4289 4362
1089 10 2 5 2 1811 1834 1835 1812 4361 4363 4364 4292 4365
1090 10 2 5 2 1812 1835 1836 1813 4364 4366 4367 4295 4368
1091 10 2 5 2 1813 1836 1837 1814 4367 4369 4370 4298 4371
1092 10 2 5 2 1814 1837 1838 1815 4370 4372 4373 4301 4374
1093 10 2 5 2 1815 1838 1839 1816 4373 4375 4376 4304 4377
1094 10 2 5 2 1816 1839 1840 1817 4376 4378 4379 4307 4380
1095 10 2 5 2 1817 1840 1841 1818 4379 4381 4382 4310 4383
1096 10 2 5 2 1818 1841 1842 1819 4382 4384 4385 4313 4386
1097 10 2 5 2 1819 1842 1843 1820 4385 4387 4388 4316 4389
1098 10 2 5 2 1820 1843 276 277 4388 4390 321 4319 4391
1099 10 2 5 2 159 160 1844 1821 204 4392 4393 4321 4394
1100 10 2 5 2 1821 1844 1845 1822 4393 4395 4396 4324 4397
1101 10 2 5 2 1822 1845 1846 1823 4396 4398 4399 4327 4400
1102 10 2 5 2 1823 1846 1847 1824 4399 4401 4402 4330 4403
1103 10 2 5 2 1824 1847 1848 1825 4402 4404 4405 4333 4406
1104 10 2 5 2 1825 1848 1849 1826 4405 4407 4408 4336 4409
1105 10 2 5 2 1826 1849 1850 1827 4408 4410 4411 4339 4412
1106 10 2 5 2 1827 1850 1851 1828 4411 4413 4414 4342 4415
1107 10 2 5 2 1828 1851 1852 1829 4414 4416 4417 4345 4418
1108 10 2 5 2 1829 1852 1853 1830 4417 4419 4420 4348 4421
1109 10 2 5 2 1830 1853 1854 1831 4420 4422 4423 4351 4424
1110 10 2 5 2 1831 1854 1855 1832 4423 4425 4426 4354 4427
1111 10 2 5 2 1832 1855 1856 1833 4426 4428 4429 4357 4430
1112 10 2 5 2 1833 1856 1857 1834 4429 4431 4432 4360 4433
1113 10 2 5 2 1834 1857 1858 1835 4432 4434 4435 4363 4436
1114 10 2 5 2 1835 1858 1859 1836 4435 4437 4438 4366 4439
1115 10 2 5 2 1836 1859 1860 1837 4438 4440 4441 4369 4442
1116 10 2 5 2 1837 1860 1861 1838 4441 4443 4444 4372 4445
1117 10 2 5 2 1838 1861 1862 1839 4444 4446 4447 4375 4448
1118 10 2 5 2 1839 1862 1863 1840 4447 4449 4450 4378 4451
1119 10 2 5 2 1840 1863 1864 1841 4450 4452 4453 4381 4454
1120 10 2 5 2 1841 1864 1865 1842 4453 4455 4456 4384 4457
1121 10 2 5 2 1842 1865 1866 1843 4456 4458 4459 4387 4460
1122 10 2 5 2 1843 1866 275 276 4459 4461 320 4390 4462
1123 10 2 5 2 160 161 1867 1844 205 4463 4464 4392 4465
1124 10 2 5 2 1844 1867 1868 1845 4464 4466 4467 4395 4468
1125 10 2 5 2 1845 1868 1869 1846 4467 4469 4470 4398 4471
1126 10 2 5 2 1846 1869 1870 1847 4470 4472 4473 4401 4474
1127 10 2 5 2 1847 1870 1871 1848 4473 4475 4476 4404 4477
1128 10 2 5 2 1848 1871 1872 1849 4476 4478 4479 4407 4480
1129 10 2 5 2 1849 1872 1873 1850 4479 4481 4482 4410 4483
1130 10 2 5 2 1850 1873 1874 1851 4482 4484 4485 4413 4486
1131 10 2 5 2 1851 1874 1875 1852 4485 4487 4488 4416 4489
1132 10 2 5 2 1852 1875 1876 1853 4488 4490 4491 4419 4492
1133 10 2 5 2 1853 1876 1877 1854 4491 4493 4494 4422 4495
1134 10 2 5 2 1854 1877 1878 1855 4494 4496 4497 4425 4498
1135 10 2 5 2 1855 1878 1879 1856 4497 4499 4500 4428 4501
1136 10 2 5 2 1856 1879 1880 1857 4500 4502 4503 4431 4504
1137 10 2 5 2 1857 1880 1881 1858 4503 4505 4506 4434 4507
1138 10 2 5 2 1858 1881 1882 1859 4506 4508 4509 4437 4510
1139 10 2 5 2 1859 1882 1883 1860 4509 4511 4512 4440 4513
1140 10 2 5 2 1860 1883 1884 1861 4512 4514 4515 4443 4516
1141 10 2 5 2 1861 1884 1885 1862 4515 4517 4518 4446 4519
1142 10 2 5 2 1862 1885 1886 1863 4518 4520 4521 4449 4522
1143 10 2 5 2 1863 1886 1887 1864 4521 4523 4524 4452 4525
1144 10 2 5 2 1864 1887 1888 1865 4524 4526 4527 4455 4528
1145 10 2 5 2 1865 1888 1889 1866 4527 4529 4530 4458 4531
1146 10 2 5 2 1866 1889 274 275 4530 4532 319 4461 4533
1147 10 2 5 2 161 162 1890 1867 206 4534 4535 4463 4536
1148 10 2 5 2 1867 1890 1891 1868 4535 4537 4538 4466 4539
1149 10 2 5 2 1868 1891 1892 1869 4538 4540 4541 4469 4542
1150 10 2 5 2 1869 1892 1893 1870 4541 4543 4544 4472 4545
1151 10 2 5 2 1870 1893 1894 1871 4544 4546 4547 4475 4548
1152 10 2 5 2 1871 1894 1895 1872 4547 4549 4550 4478 4551
1153 10 2 5 2 1872 1895 1896 1873 4550 4552 4553 4481 4554
1154 10 2 5 2 1873 1896 1897 1874 4553 4555 4556 4484 4557
1155 10 2 5 2 1874 1897 1898 1875 4556 4558 4559 4487 4560
1156 10 2 5 2 1875 1898 1899 1876 4559 4561 4562 4490 4563
1157 10 2 5 2 1876 1899 1900 1877 4562 4564 4565 4493 4566
1158 10 2 5 2 1877 1900 1901 1878 4565 4567 4568 4496 4569
1159 10 2 5 2 1878 1901 1902 1879 4568 4570 4571 4499 4572
1160 10 2 5 2 1879 1902 1903 1880 4571 4573 4574 4502 4575
1161 10 2 5 2 1880 1903 1904 1881 4574 4576 4577 4505 4578
1162 10 2 5 2 1881 1904 1905 1882 4577 4579 4580 4508 4581
1163 10 2 5 2 1882 1905 1906 1883 4580 4582 4583 4511 4584
1164 10 2 5 2 1883 1906 1907 1884 4583 4585 4586 4514 4587
1165 10 2 5 2 1884 1907 1908 1885 4586 4588 4589 4517 4590
1166 10 2 5 2 1885 1908 1909 1886 4589 4591 4592 4520 4593
1167 10 2 5 2 1886 1909 1910 1887 4592 4594 4595 4523 4596
1168 10 2 5 2 1887 1910 1911 1888 4595 4597 4598 4526 4599
1169 10 2 5 2 1888 1911 1912 1889 4598 4600 4601 4529 4602
1170 10 2 5 2 1889 1912 273 274 4601 4603 318 4532 4604
1171 10 2 5 2 162 163 1913 1890 207 4605 4606 4534 4607
1172 10 2 5 2 1890 1913 1914 1891 4606 4608 4609 4537 4610
1173 10 2 5 2 1891 1914 1915 1892 4609 4611 4612 4540 4613
1174 10 2 5 2 1892 1915 1916 1893 4612 4614 4615 4543 4616
1175 10 2 5 2 1893 1916 1917 1894 4615 4617 4618 4546 4619
1176 10 2 5 2 1894 1917 1918 1895 4618 4620 4621 4549 4622
1177 10 2 5 2 1895 1918 1919 1896 4621 4623 4624 4552 4625
1178 10 2 5 2 1896 1919 1920 1897 4624 4626 4627 4555 4628
1179 10 2 5 2 1897 1920 1921 1898 4627 4629 4630 4558 4631
1180 10 2 5 2 1898 1921 1922 1899 4630 4632 4633 4561 4634
1181 10 2 5 2 1899 1922 1923 1900 4633 4635 4636 4564 4637
1182 10 2 5 2 1900 1923 1924 1901 4636 4638 4639 4567 4640
1183 10 2 5 2 1901 1924 1925 1902 4639 4641 4642 4570 4643
1184 10 2 5 2 1902 1925 1926 1903 4642 4644 4645 4573 4646
1185 10 2 5 2 1903 1926 1927 1904 4645 4647 4648 4576 4649
1186 10 2 5 2 1904 1927 1928 1905 4648 4650 4651 4579 4652
1187 10 2 5 2 1905 1928 1929 1906 4651 4653 4654 4582 4655
1188 10 2 5 2 1906 1929 1930 1907 4654 4656 4657 4585 4658
1189 10 2 5 2 1907 1930 1931 1908 4657 4659 4660 4588 4661
1190 10 2 5 2 1908 1931 1932 1909 4660 4662 4663 4591 4664
1191 10 2 5 2 1909 1932 1933 1910 4663 4665 4666 4594 4667
1192 10 2 5 2 1910 1933 1934 1911 4666 4668 4669 4597 4670
1193 10 2 5 2 1911 1934 1935 1912 4669 4671 4672 4600 4673
1194 10 2 5 2 1912 1935 272 273 4672 4674 317 4603 4675
1195 10 2 5 2 163 164 1936 1913 208 4676 4677 4605 4678
1196 10 2 5 2 1913 1936 1937 1914 4677 4679 4680 4608 4681
1197 10 2 5 2 1914 1937 1938 1915 4680 4682 4683 4611 4684
1198 10 2 5 2 1915 1938 1939 1916 4683 4685 4686 4614 4687
1199 10 2 5 2 1916 1939 1940 1917 4686 4688 4689 4617 4690
1200 10 2 5 2 1917 1940 1941 1918 4689 4691 4692 4620 4693
1201 10 2 5 2 1918 1941 1942 1919 4692 4694 4695 4623 4696
1202 10 2 5 2 1919 1942 1943 1920 4695 4697 4698 4626 4699
1203 10 2 5 2 1920 1943 1944 1921 4698 4700 4701 4629 4702
1204 10 2 5 2 1921 1944 1945 1922 4701 4703 4704 4632 4705
1205 10 2 5 2 1922 1945 1946 1923 4704 4706 4707 4635 4708
1206 10 2 5 2 1923 1946 1947 1924 4707 4709 4710 4638 4711
1207 10 2 5 2 1924 1947 1948 1925 4710 4712 4713 4641 4714
1208 10 2 5 2 1925 1948 1949 1926 4713 4715 4716 4644 4717
1209 10 2 5 2 1926 1949 1950 1927 4716 4718 4719 4647 4720
1210 10 2 5 2 1927 1950 1951 1928 4719 4721 4722 4650 4723
1211 10 2 5 2 1928 1951 1952 1929 4722 4724 4725 4653 4726
1212 10 2 5 2 1929 1952 1953 1930 4725 4727 4728 4656 4729
1213 10 2 5 2 1930 1953 1954 1931 4728 4730 4731 4659 4732
1214 10 2 5 2 1931 1954 1955 1932 4731 4733 4734 4662 4735
1215 10 2 5 2 1932 1955 1956 1933 4734 4736 4737 4665 4738
1216 10 2 5 2 1933 1956 1957 1934 4737 4739 4740 4668 4741
1217 10 2 5 2 1934 1957 1958 1935 4740 4742 4743 4671 4744
1218 10 2 5 2 1935 1958 271 272 4743 4745 316 4674 4746
1219 10 2 5 2 164 165 1959 1936 209 4747 4748 4676 4749
1220 10 2 5 2 1936 1959 1960 1937 4748 4750 4751 4679 4752
1221 10 2 5 2 1937 1960 1961 1938 4751 4753 4754 4682 4755
1222 10 2 5 2 1938 1961 1962 1939 4754 4756 4757 4685 4758
1223 10 2 5 2 1939 1962 1963 1940 4757 4759 4760 4688 4761
1224 10 2 5 2 1940 1963 1964 1941 4760 4762 4763 4691 4764
1225 10 2 5 2 1941 1964 1965 1942 4763 4765 4766 4694 4767
1226 10 2 5 2 1942 1965 1966 1943 4766 4768 4769 4697 4770
1227 10 2 5 2 1943 1966 1967 1944 4769 4771 4772 4700 4773
1228 10 2 5 2 1944 1967 1968 1945 4772 4774 4775 4703 4776
1229 10 2 5 2 1945 1968 1969 1946 4775 4777 4778 4706 4779
1230 10 2 5 2 1946 1969 1970 1947 4778 4780 4781 4709 4782
1231 10 2 5 2 1947 1970 1971 1948 4781 4783 4784 4712 4785
1232 10 2 5 2 1948 1971 1972 1949 4784 4786 4787 4715 4788
1233 10 2 5 2 1949 1972 1973 1950 4787 4789 4790 4718 4791
1234 10 2 5 2 1950 1973 1974 1951 4790 4792 4793 4721 4794
1235 10 2 5 2 1951 1974 1975 1952 4793 4795 4796 4724 4797
1236 10 2 5 2 1952 1975 1976 1953 4796 4798 4799 4727 4800
1237 10 2 5 2 1953 1976 1977 1954 4799 4801 4802 4730 4803
1238 10 2 5 2 1954 1977 1978 1955 4802 4804 4805 4733 4806
1239 10 2 5 2 1955 1978 1979 1956 4805 4807 4808 4736 4809
1240 10 2 5 2 1956 1979 1980 1957 4808 4810 4811 4739 4812
1241 10 2 5 2 1957 1980 1981 1958 4811 4813 4814 4742 4815
1242 10 2 5 2 1958 1981 270 271 4814 4816 315 4745 4817
1243 10 2 5 2 165 166 1982 1959 210 4818 4819 4747 4820
1244 10 2 5 2 1959 1982 1983 1960 4819 4821 4822 4750 4823
1245 10 2 5 2 1960 1983 1984 1961 4822 4824 4825 4753 4826
1246 10 2 5 2 1961 1984 1985 1962 4825 4827 4828 4756 4829
1247 10 2 5 2 1962 1985 1986 1963 4828 4830 4831 4759 4832
1248 10 2 5 2 1963 1986 1987 1964 4831 4833 4834 4762 4835
1249 10 2 5 2 1964 1987 1988 1965 4834 4836 4837 4765 4838
1250 10 2 5 2 1965 1988 1989 1966 4837 4839 4840 4768 4841
1251 10 2 5 2 1966 1989 1990 1967 4840 4842 4843 4771 4844
1252 10 2 5 2 1967 1990 1991 1968 4843 4845 4846 4774 4847
1253 10 2 5 2 1968 1991 1992 1969 4846 4848 4849 4777 4850
1254 10 2 5 2 1969 1992 1993 1970 4849 4851 4852 4780 4853
1255 10 2 5 2 1970 1993 1994 1971 4852 4854 4855 4783 4856
1256 10 2 5 2 1971 1994 1995 1972 4855 4857 4858 4786 4859
1257 10 2 5 2 1972 1995 1996 1973 4858 4860 4861 4789 4862
1258 10 2 5 2 1973 1996 1997 1974 4861 4863 4864 4792 4865
1259 10 2 5 2 1974 1997 1998 1975 4864 4866 4867 4795 4868
1260 10 2 5 2 1975 1998 1999 1976 4867 4869 4870 4798 4871
1261 10 2 5 2 1976 1999 2000 1977 4870 4872 4873 4801 4874
1262 10 2 5 2 1977 2000 2001 1978 4873 4875 4876 4804 4877
1263 10 2 5 2 1978 2001 2002 1979 4876 4878 4879 4807 4880
1264 10 2 5 2 1979 2002 2003 1980 4879 4881 4882 4810 4883
1265 10 2 5 2 1980 2003 2004 1981 4882 4884 4885 4813 4886
1266 10 2 5 2 1981 2004 269 270 4885 4887 314 4816 4888
1267 10 2 5 2 166 167 2005 1982 211 4889 4890 4818 4891
1268 10 2 5 2 1982 2005 2006 1983 4890 4892 4893 4821 4894
1269 10 2 5 2 1983 2006 2007 1984 4893 4895 4896 4824 4897
1270 10 2 5 2 1984 2007 2008 1985 4896 4898 4899 4827 4900
1271 10 2 5 2 1985 2008 2009 1986 4899 4901 4902 4830 4903
1272 10 2 5 2 1986 2009 2010 1987 4902 4904 4905 4833 4906
1273 10 2 5 2 1987 2010 2011 1988 4905 4907 4908 4836 4909
1274 10 2 5 2 1988 2011 2012 1989 4908 4910 4911 4839 4912
1275 10 2 5 2 1989 2012 2013 1990 4911 4913 4914 4842 4915
1276 10 2 5 2 1990 2013 2014 1991 4914 4916 4917 4845 4918
1277 10 2 5 2 1991 2014 2015 1992 4917 4919 4920 4848 4921
1278 10 2 5 2 1992 2015 2016 1993 4920 4922 4923 4851 4924
1279 10 2 5 2 1993 2016 2017 1994 4923 4925 4926 4854 4927
1280 10 2 5 2 1994 2017 2018 1995 4926 4928 4929 4857 4930
1281 10 2 5 2 1995 2018 2019 1996 4929 4931 4932 4860 4933
1282 10 2 5 2 1996 2019 2020 1997 4932 4934 4935 4863 4936
1283 10 2 5 2 1997 2020 2021 1998 4935 4937 4938 4866 4939
1284 10 2 5 2 1998 2021 2022 1999 4938 4940 4941 4869 4942
1285 10 2 5 2 1999 2022 2023 2000 4941 4943 4944 4872 4945
1286 10 2 5 2 2000 2023 2024 2001 4944 4946 4947 4875 4948
1287 10 2 5 2 2001 2024 2025 2002 4947 4949 4950 4878 4951
1288 10 2 5 2 2002 2025 2026 2003 4950 4952 4953 4881 4954
1289 10 2 5 2 2003 2026 2027 2004 4953 4955 4956 4884 4957
1290 10 2 5 2 2004 2027 268 269 4956 4958 313 4887 4959
1291 10 2 5 2 167 168 2028 2005 212 4960 4961 4889 4962
1292 10 2 5 2 2005 2028 2029 2006 4961 4963 4964 4892 4965
1293 10 2 5 2 2006 2029 2030 2007 4964 4966 4967 4895 4968
1294 10 2 5 2 2007 2030 2031 2008 4967 4969 4970 4898 4971
1295 10 2 5 2 2008 2031 2032 2009 4970 4972 4973 4901 4974
1296 10 2 5 2 2009 2032 2033 2010 4973 4975 4976 4904 4977
1297 10 2 5 2 2010 2033 2034 2011 4976 4978 4979 4907 4980
1298 10 2 5 2 2011 2034 2035 2012 4979 4981 4982 4910 4983
1299 10 2 5 2 2012 2035 2036 2013 4982 4984 4985 4913 4986
1300 10 2 5 2 2013 2036 2037 2014 4985 4987 4988 4916 4989
1301 10 2 5 2 2014 2037 2038 2015 4988 4990 4991 4919 4992
1302 10 2 5 2 2015 2038 2039 2016 4991 4993 4994 4922 4995
1303 10 2 5 2 2016 2039 2040 2017 4994 4996 4997 4925 4998
1304 10 2 5 2 2017 2040 2041 2018 4997 4999 5000 4928 5001
1305 10 2 5 2 2018 2041 2042 2019 5000 5002 5003 4931 5004
1306 10 2 5 2 2019 2042 2043 2020 5003 5005 5006 4934 5007
1307 10 2 5 2 2020 2043 2044 2021 5006 5008 5009 4937 5010
1308 10 2 5 2 2021 2044 2045 2022 5009 5011 5012 4940 5013
1309 10 2 5 2 2022 2045 2046 2023 5012 5014 5015 4943 5016
1310 10 2 5 2 2023 2046 2047 2024 5015 5017 5018 4946 5019
1311 10 2 5 2 2024 2047 2048 2025 5018 5020 5021 4949 5022
1312 10 2 5 2 2025 2048 2049 2026 5021 5023 5024 4952 5025
1313 10 2 5 2 2026 2049 2050 2027 5024 5026 5027 4955 5028
1314 10 2 5 2 2027 2050 267 268 5027 5029 312 4958 5030
1315 10 2 5 2 168 169 2051 2028 213 5031 5032 4960 5033
1316 10 2 5 2 2028 2051 2052 2029 5032 5034 5035 4963 5036
1317 10 2 5 2 2029 2052 2053 2030 5035 5037 5038 4966 5039
1318 10 2 5 2 2030 2053 2054 2031 5038 5040 5041 4969 5042
1319 10 2 5 2 2031 2054 2055 2032 5041 5043 5044 4972 5045
1320 10 2 5 2 2032 2055 2056 2033 5044 5046 5047 4975 5048
1321 10 2 5 2 2033 2056 2057 2034 5047 5049 5050 4978 5051
1322 10 2 5 2 2034 2057 2058 2035 5050 5052 5053 4981 5054
1323 10 2 5 2 2035 2058 2059 2036 5053 5055 5056 4984 5057
1324 10 2 5 2 2036 2059 2060 2037 5056 5058 5059 4987 5060
1325 10 2 5 2 2037 2060 2061 2038 5059 5061 5062 4990 5063
1326 10 2 5 2 2038 2061 2062 2039 5062 5064 5065 4993 5066
1327 10 2 5 2 2039 2062 2063 2040 5065 5067 5068 4996 5069
1328 10 2 5 2 2040 2063 2064 2041 5068 5070 5071 4999 5072
1329 10 2 5 2 2041 2064 2065 2042 5071 5073 5074 5002 5075
1330 10 2 5 2 2042 2065 2066 2043 5074 5076 5077 5005 5078
1331 10 2 5 2 2043 2066 2067 2044 5077 5079 5080 5008 5081
1332 10 2 5 2 2044 2067 2068 2045 5080 5082 5083 5011 5084
1333 10 2 5 2 2045 2068 2069 2046 5083 5085 5086 5014 5087
1334 10 2 5 2 2046 2069 2070 2047 5086 5088 5089 5017 5090
1335 10 2 5 2 2047 2070 2071 2048 5089 5091 5092 5020 5093
1336 10 2 5 2 2048 2071 2072 2049 5092 5094 5095 5023 5096
1337 10 2 5 2 2049 2072 2073 2050 5095 5097 5098 5026 5099
1338 10 2 5 2 2050 2073 266 267 5098 5100 311 5029 5101
1339 10 2 5 2 169 170 2074 2051 214 5102 5103 5031 5104
1340 10 2 5 2 2051 2074 2075 2052 5103 5105 5106 5034 5107
1341 10 2 5 2 2052 2075 2076 2053 5106 5108 5109 5037 5110
1342 10 2 5 2 2053 2076 2077 2054 5109 5111 5112 5040 5113
1343 10 2 5 2 2054 2077 2078 2055 5112 5114 5115 5043 5116
1344 10 2 5 2 2055 2078 2079 2056 5115 5117 5118 5046 5119
1345 10 2 5 2 2056 2079 2080 2057 5118 5120 5121 5049 5122
1346 10 2 5 2 2057 2080 2081 2058 5121 5123 5124 5052 5125
1347 10 2 5 2 2058 2081 2082 2059 5124 5126 5127 5055 5128
1348 10 2 5 2 2059 2082 2083 2060 5127 5129 5130 5058 5131
1349 10 2 5 2 2060 2083 2084 2061 5130 5132 5133 5061 5134
1350 10 2 5 2 2061 2084 2085 2062 5133 5135 5136 5064 5137
1351 10 2 5 2 2062 2085 2086 2063 5136 5138 5139 5067 5140
1352 10 2 5 2 2063 2086 2087 2064 5139 5141 5142 5070 5143
1353 10 2 5 2 2064 2087 2088 2065 5142 5144 5145 5073 5146
1354 10 2 5 2 2065 2088 2089 2066 5145 5147 5148 5076 5149
1355 10 2 5 2 2066 2089 2090 2067 5148 5150 5151 5079 5152
1356 10 2 5 2 2067 2090 2091 2068 5151 5153 5154 5082 5155
1357 10 2 5 2 2068 2091 2092 2069 5154 5156 5157 5085 5158
1358 10 2 5 2 2069 2092 2093 2070 5157 5159 5160 5088 5161
1359 10 2 5 2 2070 2093 2094 2071 5160 5162 5163 5091 5164
1360 10 2 5 2 2071 2094 2095 2072 5163 5165 5166 5094 5167
1361 10 2 5 2 2072 2095 2096 2073 5166 5168 5169 5097 5170
1362 10 2 5 2 2073 2096 265 266 5169 5171 310 5100 5172
1363 10 2 5 2 170 171 2097 2074 215 5173 5174 5102 5175
1364 10 2 5 2 2074 2097 2098 2075 5174 5176 5177 5105 5178
1365 10 2 5 2 2075 2098 2099 2076 5177 5179 5180 5108 5181
1366 10 2 5 2 2076 2099 2100 2077 5180 5182 5183 5111 5184
1367 10 2 5 2 2077 2100 2101 2078 5183 5185 5186 5114 5187
1368 10 2 5 2 2078 2101 2102 2079 5186 5188 5189 5117 5190
1369 10 2 5 2 2079 2102 2103 2080 5189 5191 5192 5120 5193
1370 10 2 5 2 2080 2103 2104 2081 5192 5194 5195 5123 5196
1371 10 2 5 2 2081 2104 2105 2082 5195 5197 5198 5126 5199
1372 10 2 5 2 2082 2105 2106 2083 5198 5200 5201 5129 5202
1373 10 2 5 2 2083 2106 2107 2084 5201 5203 5204 5132 5205
1374 10 2 5 2 2084 2107 2108 2085 5204 5206 5207 5135 5208
1375 10 2 5 2 2085 2108 2109 2086 5207 5209 5210 5138 5211
1376 10 2 5 2 2086 2109 2110 2087 5210 5212 5213 5141 5214
1377 10 2 5 2 2087 2110 2111 2088 5213 5215 5216 5144 5217
1378 10 2 5 2 2088 2111 2112 2089 5216 5218 5219 5147 5220
1379 10 2 5 2 2089 2112 2113 2090 5219 5221 5222 5150 5223
1380 10 2 5 2 2090 2113 2114 2091 5222 5224 5225 5153 5226
1381 10 2 5 2 2091 2114 2115 2092 5225 5227 5228 5156 5229
1382 10 2 5 2 2092 2115 2116 2093 5228 5230 5231 5159 5232
1383 10 2 5 2 2093 2116 2117 2094 5231 5233 5234 5162 5235
1384 10 2 5 2 2094 2117 2118 2095 5234 5236 5237 5165 5238
1385 10 2 5 2 2095 2118 2119 2096 5237 5239 5240 5168 5241
1386 10 2 5 2 2096 2119 264 265 5240 5242 309 5171 5243
1387 10 2 5 2 171 5 217 2097 216 240 5244 5173 5245
1388 10 2 5 2 2097 217 218 2098 5244 241 5246 5176 5247
1389 10 2 5 2 2098 218 219 2099 5246 242 5248 5179 5249
1390 10 2 5 2 2099 219 220 2100 5248 243 5250 5182 5251
1391 10 2 5 2 2100 220 221 2101 5250 244 5252 5185 5253
1392 10 2 5 2 2101 221 222 2102 5252 245 5254 5188 5255
1393 10 2 5 2 2102 222 223 2103 5254 246 5256 5191 5257
1394 10 2 5 2 2103 223 224 2104 5256 247 5258 5194 5259
1395 10 2 5 2 2104 224 225 2105 5258 248 5260 5197 5261
1396 10 2 5 2 2105 225 226 2106 5260 249 5262 5200 5263
1397 10 2 5 2 2106 226 227 2107 5262 250 5264 5203 5265
1398 10 2 5 2 2107 227 228 2108 5264 251 5266 5206 5267
1399 10 2 5 2 2108 228 229 2109 5266 252 5268 5209 5269
1400 10 2 5 2 2109 229 230 2110 5268 253 5270 5212 5271
1401 10 2 5 2 2110 230 231 2111 5270 254 5272 5215 5273
1402 10 2 5 2 2111 231 232 2112 5272 255 5274 5218 5275
1403 10 2 5 2 2112 232 233 2113 5274 256 5276 5221 5277
1404 10 2 5 2 2113 233 234 2114 5276 257 5278 5224 5279
1405 10 2 5 2 2114 234 235 2115 5278 258 5280 5227 5281
1406 10 2 5 2 2115 235 236 2116 5280 259 5282 5230 5283
1407 10 2 5 2 2116 236 237 2117 5282 260 5284 5233 5285
1408 10 2 5 2 2117 237 238 2118 5284 261 5286 5236 5287
1409 10 2 5 2 2118 238 239 2119 5286 262 5288 5239 5289
1410 10 2 5 2 2119 239 6 264 5288 263 308 5242 5290
1411 10 2 5 3 5 353 5291 217 367 5613 5614 240 5615
1412 10 2 5 3 217 5291 5292 218 5614 5616 5617 241 5618
1413 10 2 5 3 218 5292 5293 219 5617 5619 5620 242 5621
1414 10 2 5 3 219 5293 5294 220 5620 5622 5623 243 5624
1415 10 2 5 3 220 5294 5295 221 5623 5625 5626 244 5627
1416 10 2 5 3 221 5295 5296 222 5626 5628 5629 245 5630
1417 10 2 5 3 222 5296 5297 223 5629 5631 5632 246 5633
1418 10 2 5 3 223 5297 5298 224 5632 5634 5635 247 5636
1419 10 2 5 3 224 5298 5299 225 5635 5637 5638 248 5639
1420 10 2 5 3 225 5299 5300 226 5638 5640 5641 249 5642
1421 10 2 5 3 226 5300 5301 227 5641 5643 5644 250 5645
1422 10 2 5 3 227 5301 5302 228 5644 5646 5647 251 5648
1423 10 2 5 3 228 5302 5303 229 5647 5649 5650 252 5651
1424 10 2 5 3 229 5303 5304 230 5650 5652 5653 253 5654
1425 10 2 5 3 230 5304 5305 231 5653 5655 5656 254 5657
1426 10 2 5 3 231 5305 5306 232 5656 5658 5659 255 5660
1427 10 2 5 3 232 5306 5307 233 5659 5661 5662 256 5663
1428 10 2 5 3 233 5307 5308 234 5662 5664 5665 257 5666
1429 10 2 5 3 234 5308 5309 235 5665 5667 5668 258 5669
1430 10 2 5 3 235 5309 5310 236 5668 5670 5671 259 5672
1431 10 2 5 3 236 5310 5311 237 5671 5673 5674 260 5675
1432 10 2 5 3 237 5311 5312 238 5674 5676 5677 261 5678
1433 10 2 5 3 238 5312 5313 239 5677 5679 5680 262 5681
1434 10 2 5 3 239 5313 442 6 5680 5682 457 263 5683
1435 10 2 5 3 353 354 5314 5291 368 5684 5685 5613 5686
1436 10 2 5 3 5291 5314 5315 5292 5685 5687 5688 5616 5689
1437 10 2 5 3 5292 5315 5316 5293 5688 5690 5691 5619 5692
1438 10 2 5 3 5293 5316 5317 5294 5691 5693 5694 5622 5695
1439 10 2 5 3 5294 5317 5318 5295 5694 5696 5697 5625 5698
1440 10 2 5 3 5295 5318 5319 5296 5697 5699 5700 5628 5701
1441 10 2 5 3 5296 5319 5320 5297 5700 5702 5703 5631 5704
1442 10 2 5 3 5297 5320 5321 5298 5703 5705 5706 5634 5707
1443 10 2 5 3 5298 5321 5322 5299 5706 5708 5709 5637 5710
1444 10 2 5 3 5299 5322 5323 5300 5709 5711 5712 5640 5713
1445 10 2 5 3 5300 5323 5324 5301 5712 5714 5715 5643 5716
1446 10 2 5 3 5301 5324 5325 5302 5715 5717 5718 5646 5719
1447 10 2 5 3 5302 5325 5326 5303 5718 5720 5721 5649 5722
1448 10 2 5 3 5303 5326 5327 5304 5721 5723 5724 5652 5725
1449 10 2 5 3 5304 5327 5328 5305 5724 5726 5727 5655 5728
1450 10 2 5 3 5305 5328 5329 5306 5727 5729 5730 5658 5731
1451 10 2 5 3 5306 5329 5330 5307 5730 5732 5733 5661 5734
1452 10 2 5 3 5307 5330 5331 5308 5733 5735 5736 5664 5737
1453 10 2 5 3 5308 5331 5332 5309 5736 5738 5739 5667 5740
1454 10 2 5 3 5309 5332 5333 5310 5739 5741 5742 5670 5743
1455 10 2 5 3 5310 5333 5334 5311 5742 5744 5745 5673 5746
1456 10 2 5 3 5311 5334 5335 5312 5745 5747 5748 5676 5749
1457 10 2 5 3 5312 5335 5336 5313 5748 5750 5751 5679 5752
1458 10 2 5 3 5313 5336 441 442 5751 5753 456 5682 5754
1459 10 2 5 3 354 355 5337 5314 369 5755 5756 5684 5757
1460 10 2 5 3 5314 5337 5338 5315 5756 5758 5759 5687 5760
1461 10 2 5 3 5315 5338 5339 5316 5759 5761 5762 5690 5763
1462 10 2 5 3 5316 5339 5340 5317 5762 5764 5765 5693 5766
1463 10 2 5 3 5317 5340 5341 5318 5765 5767 5768 5696 5769
1464 10 2 5 3 5318 5341 5342 5319 5768 5770 5771 5699 5772
1465 10 2 5 3 5319 5342 5343 5320 5771 5773 5774 5702 5775
1466 10 2 5 3 5320 5343 5344 5321 5774 5776 5777 5705 5778
1467 10 2 5 3 5321 5344 5345 5322 5777 5779 5780 5708 5781
1468 10 2 5 3 5322 5345 5346 5323 5780 5782 5783 5711 5784
1469 10 2 5 3 5323 5346 5347 5324 5783 5785 5786 5714 5787
1470 10 2 5 3 5324 5347 5348 5325 5786 5788 5789 5717 5790
1471 10 2 5 3 5325 5348 5349 5326 5789 5791 5792 5720 5793
1472 10 2 5 3 5326 5349 5350 5327 5792 5794 5795 5723 5796
1473 10 2 5 3 5327 5350 5351 5328 5795 5797 5798 5726 5799
1474 10 2 5 3 5328 5351 5352 5329 5798 5800 5801 5729 5802
1475 10 2 5 3 5329 5352 5353 5330 5801 5803 5804 5732 5805
1476 10 2 5 3 5330 5353 5354 5331 5804 5806 5807 5735 5808
1477 10 2 5 3 5331 5354 5355 5332 5807 5809 5810 5738 5811
1478 10 2 5 3 5332 5355 5356 5333 5810 5812 5813 5741 5814
1479 10 2 5 3 5333 5356 5357 5334 5813 5815 5816 5744 5817
1480 10 2 5 3 5334 5357 5358 5335 5816 5818 5819 5747 5820
1481 10 2 5 3 5335 5358 5359 5336 5819 5821 5822 5750 5823
1482 10 2 5 3 5336 5359 440 441 5822 5824 455 5753 5825
1483 10 2 5 3 355 356 5360 5337 370 5826 5827 5755 5828
1484 10 2 5 3 5337 5360 5361 5338 5827 5829 5830 5758 5831
1485 10 2 5 3 5338 5361 5362 5339 5830 5832 5833 5761 5834
1486 10 2 5 3 5339 5362 5363 5340 5833 5835 5836 5764 5837
1487 10 2 5 3 5340 5363 5364 5341 5836 5838 5839 5767 5840
1488 10 2 5 3 5341 5364 5365 5342 5839 5841 5842 5770 5843
1489 10 2 5 3 5342 5365 5366 5343 5842 5844 5845 5773 5846
1490 10 2 5 3 5343 5366 5367 5344 5845 5847 5848 5776 5849
1491 10 2 5 3 5344 5367 5368 5345 5848 5850 5851 5779 5852
1492 10 2 5 3 5345 5368 5369 5346 5851 5853 5854 5782 5855
1493 10 2 5 3 5346 5369 5370 5347 5854 5856 5857 5785 5858
1494 10 2 5 3 5347 5370 5371 5348 5857 5859 5860 5788 5861
1495 10 2 5 3 5348 5371 5372 5349 5860 5862 5863 5791 5864
1496 10 2 5 3 5349 5372 5373 5350 5863 5865 5866 5794 5867
1497 10 2 5 3 5350 5373 5374 5351 5866 5868 5869 5797 5870
1498 10 2 5 3 5351 5374 5375 5352 5869 5871 5872 5800 5873
1499 10 2 5 3 5352 5375 5376 5353 5872 5874 5875 5803 5876
1500 10 2 5 3 5353 5376 5377 5354 5875 5877 5878 5806 5879
1501 10 2 5 3 5354 5377 5378 5355 5878 5880 5881 5809 5882
1502 10 2 5 3 5355 5378 5379 5356 5881 5883 5884 5812 5885
1503 10 2 5 3 5356 5379 5380 5357 5884 5886 5887 5815 5888
1504 10 2 5 3 5357 5380 5381 5358 5887 5889 5890 5818 5891
1505 10 2 5 3 5358 5381 5382 5359 5890 5892 5893 5821 5894
1506 10 2 5 3 5359 5382 439 440 5893 5895 454 5824 5896
1507 10 2 5 3 356 357 5383 5360 371 5897 5898 5826 5899
1508 10 2 5 3 5360 5383 5384 5361 5898 5900 5901 5829 5902
1509 10 2 5 3 5361 5384 5385 5362 5901 5903 5904 5832 5905
1510 10 2 5 3 5362 5385 5386 5363 5904 5906 5907 5835 5908
1511 10 2 5 3 5363 5386 5387 5364 5907 5909 5910 5838 5911
1512 10 2 5 3 5364 5387 5388 5365 5910 5912 5913 5841 5914
1513 10 2 5 3 5365 5388 5389 5366 5913 5915 5916 5844 5917
1514 10 2 5 3 5366 5389 5390 5367 5916 5918 5919 5847 5920
1515 10 2 5 3 5367 5390 5391 5368 5919 5921 5922 5850 5923
1516 10 2 5 3 5368 5391 5392 5369 5922 5924 5925 5853 5926
1517 10 2 5 3 5369 5392 5393 5370 5925 5927 5928 5856 5929
1518 10 2 5 3 5370 5393 5394 5371 5928 5930 5931 5859 5932
1519 10 2 5 3 5371 5394 5395 5372 5931 5933 5934 5862 5935
1520 10 2 5 3 5372 5395 5396 5373 5934 5936 5937 5865 5938
1521 10 2 5 3 5373 5396 5397 5374 5937 5939 5940 5868 5941
1522 10 2 5 3 5374 5397 5398 5375 5940 5942 5943 5871 5944
1523 10 2 5 3 5375 5398 5399 5376 5943 5945 5946 5874 5947
1524 10 2 5 3 5376 5399 5400 5377 5946 5948 5949 5877 5950
1525 10 2 5 3 5377 5400 5401 5378 5949 5951 5952 5880 5953
1526 10 2 5 3 5378 5401 5402 5379 5952 5954 5955 5883 5956
1527 10 2 5 3 5379 5402 5403 5380 5955 5957 5958 5886 5959
1528 10 2 5 3 5380 5403 5404 5381 5958 5960 5961 5889 5962
1529 10 2 5 3 5381 5404 5405 5382 5961 5963 5964 5892 5965
1530 10 2 5 3 5382 5405 438 439 5964 5966 453 5895 5967
1531 10 2 5 3 357 358 5406 5383 372 5968 5969 5897 5970
1532 10 2 5 3 5383 5406 5407 5384 5969 5971 5972 5900 5973
1533 10 2 5 3 5384 5407 5408 5385 5972 5974 5975 5903 5976
1534 10 2 5 3 5385 5408 5409 5386 5975 5977 5978 5906 5979
1535 10 2 5 3 5386 5409 5410 5387 5978 5980 5981 5909 5982
1536 10 2 5 3 5387 5410 5411 5388 5981 5983 5984 5912 5985
1537 10 2 5 3 5388 5411 5412 5389 5984 5986 5987 5915 5988
1538 10 2 5 3 5389 5412 5413 5390 5987 5989 5990 5918 5991
1539 10 2 5 3 5390 5413 5414 5391 5990 5992 5993 5921 5994
1540 10 2 5 3 5391 5414 5415 5392 5993 5995 5996 5924 5997
1541 10 2 5 3 5392 5415 5416 5393 5996 5998 5999 5927 6000
1542 10 2 5 3 5393 5416 5417 5394 5999 6001 6002 5930 6003
1543 10 2 5 3 5394 5417 5418 5395 6002 6004 6005 5933 6006
1544 10 2 5 3 5395 5418 5419 5396 6005 6007 6008 5936 6009
1545 10 2 5 3 5396 5419 5420 5397 6008 6010 6011 5939 6012
1546 10 2 5 3 5397 5420 5421 5398 6011 6013 6014 5942 6015
1547 10 2 5 3 5398 5421 5422 5399 6014 6016 6017 5945 6018
1548 10 2 5 3 5399 5422 5423 5400 6017 6019 6020 5948 6021
1549 10 2 5 3 5400 5423 5424 5401 6020 6022 6023 5951 6024
1550 10 2 5 3 5401 5424 5425 5402 6023 6025 6026 5954 6027
1551 10 2 5 3 5402 5425 5426 5403 6026 6028 6029 5957 6030
1552 10 2 5 3 5403 5426 5427 5404 6029 6031 6032 5960 6033
1553 10 2 5 3 5404 5427 5428 5405 6032 6034 6035 5963 6036
1554 10 2 5 3 5405 5428 437 438 6035 6037 452 5966 6038
1555 10 2 5 3 358 359 5429 5406 373 6039 6040 5968 6041
1556 10 2 5 3 5406 5429 5430 5407 6040 6042 6043 5971 6044
1557 10 2 5 3 5407 5430 5431 5408 6043 6045 6046 5974 6047
1558 10 2 5 3 5408 5431 5432 5409 6046 6048 6049 5977 6050
1559 10 2 5 3 5409 5432 5433 5410 6049 6051 6052 5980 6053
1560 10 2 5 3 5410 5433 5434 5411 6052 6054 6055 5983 6056
1561 10 2 5 3 5411 5434 5435 5412 6055 6057 6058 5986 6059
1562 10 2 5 3 5412 5435 5436 5413 6058 6060 6061 5989 6062
1563 10 2 5 3 5413 5436 5437 5414 6061 6063 6064 5992 6065
1564 10 2 5 3 5414 5437 5438 5415 6064 6066 6067 5995 6068
1565 10 2 5 3 5415 5438 5439 5416 6067 6069 6070 5998 6071
1566 10 2 5 3 5416 5439 5440 5417 6070 6072 6073 6001 6074
1567 10 2 5 3 5417 5440 5441 5418 6073 6075 6076 6004 6077
1568 10 2 5 3 5418 5441 5442 5419 6076 6078 6079 6007 6080
1569 10 2 5 3 5419 5442 5443 5420 6079 6081 6082 6010 6083
1570 10 2 5 3 5420 5443 5444 5421 6082 6084 6085 6013 6086
1571 10 2 5 3 5421 5444 5445 5422 6085 6087 6088 6016 6089
1572 10 2 5 3 5422 5445 5446 5423 6088 6090 6091 6019 6092
1573 10 2 5 3 5423 5446 5447 5424 6091 6093 6094 6022 6095
1574 10 2 5 3 5424 5447 5448 5425 6094 6096 6097 6025 6098
1575 10 2 5 3 5425 5448 5449 5426 6097 6099 6100 6028 6101
1576 10 2 5 3 5426 5449 5450 5427 6100 6102 6103 6031 6104
1577 10 2 5 3 5427 5450 5451 5428 6103 6105 6106 6034 6107
1578 10 2 5 3 5428 5451 436 437 6106 6108 451 6037 6109
1579 10 2 5 3 359 360 5452 5429 374 6110 6111 6039 6112
1580 10 2 5 3 5429 5452 5453 5430 6111 6113 6114 6042 6115
1581 10 2 5 3 5430 5453 5454 5431 6114 6116 6117 6045 6118
1582 10 2 5 3 5431 5454 5455 5432 6117 6119 6120 6048 6121
1583 10 2 5 3 5432 5455 5456 5433 6120 6122 6123 6051 6124
1584 10 2 5 3 5433 5456 5457 5434 6123 6125 6126 6054 6127
1585 10 2 5 3 5434 5457 5458 5435 6126 6128 6129 6057 6130
1586 10 2 5 3 5435 5458 5459 5436 6129 6131 6132 6060 6133
1587 10 2 5 3 5436 5459 5460 5437 6132 6134 6135 6063 6136
1588 10 2 5 3 5437 5460 5461 5438 6135 6137 6138 6066 6139
1589 10 2 5 3 5438 5461 5462 5439 6138 6140 6141 6069 6142
1590 10 2 5 3 5439 5462 5463 5440 6141 6143 6144 6072 6145
1591 10 2 5 3 5440 5463 5464 5441 6144 6146 6147 6075 6148
1592 10 2 5 3 5441 5464 5465 5442 6147 6149 6150 6078 6151
1593 10 2 5 3 5442 5465 5466 5443 6150 6152 6153 6081 6154
1594 10 2 5 3 5443 5466 5467 5444 6153 6155 6156 6084 6157
1595 10 2 5 3 5444 5467 5468 5445 6156 6158 6159 6087 6160
1596 10 2 5 3 5445 5468 5469 5446 6159 6161 6162 6090 6163
1597 10 2 5 3 5446 5469 5470 5447 6162 6164 6165 6093 6166
1598 10 2 5 3 5447 5470 5471 5448 6165 6167 6168 6096 6169
1599 10 2 5 3 5448 5471 5472 5449 6168 6170 6171 6099 6172
1600 10 2 5 3 5449 5472 5473 5450 6171 6173 6174 6102 6175
1601 10 2 5 3 5450 5473 5474 5451 6174 6176 6177 6105 6178
1602 10 2 5 3 5451 5474 435 436 6177 6179 450 6108 6180
1603 10 2 5 3 360 361 5475 5452 375 6181 6182 6110 6183
1604 10 2 5 3 5452 5475 5476 5453 6182 6184 6185 6113 6186
1605 10 2 5 3 5453 5476 5477 5454 6185 6187 6188 6116 6189
1606 10 2 5 3 5454 5477 5478 5455 6188 6190 6191 6119 6192
1607 10 2 5 3 5455 5478 5479 5456 6191 6193 6194 6122 6195
1608 10 2 5 3 5456 5479 5480 5457 6194 6196 6197 6125 6198
1609 10 2 5 3 5457 5480 5481 5458 6197 6199 6200 6128 6201
1610 10 2 5 3 5458 5481 5482 5459 6200 6202 6203 6131 6204
1611 10 2 5 3 5459 5482 5483 5460 6203 6205 6206 6134 6207
1612 10 2 5 3 5460 5483 5484 5461 6206 6208 6209 6137 6210
1613 10 2 5 3 5461 5484 5485 5462 6209 6211 6212 6140 6213
1614 10 2 5 3 5462 5485 5486 5463 6212 6214 6215 6143 6216
1615 10 2 5 3 5463 5486 5487 5464 6215 6217 6218 6146 6219
1616 10 2 5 3 5464 5487 5488 5465 6218 6220 6221 6149 6222
1617 10 2 5 3 5465 5488 5489 5466 6221 6223 6224 6152 6225
1618 10 2 5 3 5466 5489 5490 5467 6224 6226 6227 6155 6228
1619 10 2 5 3 5467 5490 5491 5468 6227 6229 6230 6158 6231
1620 10 2 5 3 5468 5491 5492 5469 6230 6232 6233 6161 6234
1621 10 2 5 3 5469 5492 5493 5470 6233 6235 6236 6164 6237
1622 10 2 5 3 5470 5493 5494 5471 6236 6238 6239 6167 6240
1623 10 2 5 3 5471 5494 5495 5472 6239 6241 6242 6170 6243
1624 10 2 5 3 5472 5495 5496 5473 6242 6244 6245 6173 6246
1625 10 2 5 3 5473 5496 5497 5474 6245 6247 6248 6176 6249
1626 10 2 5 3 5474 5497 434 435 6248 6250 449 6179 6251
1627 10 2 5 3 361 362 5498 5475 376 6252 6253 6181 6254
1628 10 2 5 3 5475 5498 5499 5476 6253 6255 6256 6184 6257
1629 10 2 5 3 5476 5499 5500 5477 6256 6258 6259 6187 6260
1630 10 2 5 3 5477 5500 5501 5478 6259 6261 6262 6190 6263
1631 10 2 5 3 5478 5501 5502 5479 6262 6264 6265 6193 6266
1632 10 2 5 3 5479 5502 5503 5480 6265 6267 6268 6196 6269
1633 10 2 5 3 5480 5503 5504 5481 6268 6270 6271 6199 6272
1634 10 2 5 3 5481 5504 5505 5482 6271 6273 6274 6202 6275
1635 10 2 5 3 5482 5505 5506 5483 6274 6276 6277 6205 6278
1636 10 2 5 3 5483 5506 5507 5484 6277 6279 6280 6208 6281
1637 10 2 5 3 5484 5507 5508 5485 6280 6282 6283 6211 6284
1638 10 2 5 3 5485 5508 5509 5486 6283 6285 6286 6214 6287
1639 10 2 5 3 5486 5509 5510 5487 6286 6288 6289 6217 6290
1640 10 2 5 3 5487 5510 5511 5488 6289 6291 6292 6220 6293
1641 10 2 5 3 5488 5511 5512 5489 6292 6294 6295 6223 6296
1642 10 2 5 3 5489 5512 5513 5490 6295 6297 6298 6226 6299
1643 10 2 5 3 5490 5513 5514 5491 6298 6300 6301 6229 6302
1644 10 2 5 3 5491 5514 5515 5492 6301 6303 6304 6232 6305
1645 10 2 5 3 5492 5515 5516 5493 6304 6306 6307 6235 6308
1646 10 2 5 3 5493 5516 5517 5494 6307 6309 6310 6238 6311
1647 10 2 5 3 5494 5517 5518 5495 6310 6312 6313 6241 6314
1648 10 2 5 3 5495 5518 5519 5496 6313 6315 6316 6244 6317
1649 10 2 5 3 5496 5519 5520 5497 6316 6318 6319 6247 6320
1650 10 2 5 3 5497 5520 433 434 6319 6321 448 6250 6322
1651 10 2 5 3 362 363 5521 5498 377 6323 6324 6252 6325
1652 10 2 5 3 5498 5521 5522 5499 6324 6326 6327 6255 6328
1653 10 2 5 3 5499 5522 5523 5500 6327 6329 6330 6258 6331
1654 10 2 5 3 5500 5523 5524 5501 6330 6332 6333 6261 6334
1655 10 2 5 3 5501 5524 5525 5502 6333 6335 6336 6264 6337
1656 10 2 5 3 5502 5525 5526 5503 6336 6338 6339 6267 6340
1657 10 2 5 3 5503 5526 5527 5504 6339 6341 6342 6270 6343
1658 10 2 5 3 5504 5527 5528 5505 6342 6344 6345 6273 6346
1659 10 2 5 3 5505 5528 5529 5506 6345 6347 6348 6276 6349
1660 10 2 5 3 5506 5529 5530 5507 6348 6350 6351 6279 6352
1661 10 2 5 3 5507 5530 5531 5508 6351 6353 6354 6282 6355
1662 10 2 5 3 5508 5531 5532 5509 6354 6356 6357 6285 6358
1663 10 2 5 3 5509 5532 5533 5510 6357 6359 6360 6288 6361
1664 10 2 5 3 5510 5533 5534 5511 6360 6362 6363 6291 6364
1665 10 2 5 3 5511 5534 5535 5512 6363 6365 6366 6294 6367
1666 10 2 5 3 5512 5535 5536 5513 6366 6368 6369 6297 6370
1667 10 2 5 3 5513 5536 5537 5514 6369 6371 6372 6300 6373
1668 10 2 5 3 5514 5537 5538 5515 6372 6374 6375 6303 6376
1669 10 2 5 3 5515 5538 5539 5516 6375 6377 6378 6306 6379
1670 10 2 5 3 5516 5539 5540 5517 6378 6380 6381 6309 6382
1671 10 2 5 3 5517 5540 5541 5518 6381 6383 6384 6312 6385
1672 10 2 5 3 5518 5541 5542 5519 6384 6386 6387 6315 6388
1673 10 2 5 3 5519 5542 5543 5520 6387 6389 6390 6318 6391
1674 10 2 5 3 5520 5543 432 433 6390 6392 447 6321 6393
1675 10 2 5 3 363 364 5544 5521 378 6394 6395 6323 6396
1676 10 2 5 3 5521 5544 5545 5522 6395 6397 6398 6326 6399
1677 10 2 5 3 5522 5545 5546 5523 6398 6400 6401 6329 6402
1678 10 2 5 3 5523 5546 5547 5524 6401 6403 6404 6332 6405
1679 10 2 5 3 5524 5547 5548 5525 6404 6406 6407 6335 6408
1680 10 2 5 3 5525 5548 5549 5526 6407 6409 6410 6338 6411
1681 10 2 5 3 5526 5549 5550 5527 6410 6412 6413 6341 6414
1682 10 2 5 3 5527 5550 5551 5528 6413 6415 6416 6344 6417
1683 10 2 5 3 5528 5551 5552 5529 6416 6418 6419 6347 6420
1684 10 2 5 3 5529 5552 5553 5530 6419 6421 6422 6350 6423
1685 10 2 5 3 5530 5553 5554 5531 6422 6424 6425 6353 6426
1686 10 2 5 3 5531 5554 5555 5532 6425 6427 6428 6356 6429
1687 10 2 5 3 5532 5555 5556 5533 6428 6430 6431 6359 6432
1688 10 2 5 3 5533 5556 5557 5534 6431 6433 6434 6362 6435
1689 10 2 5 3 5534 5557 5558 5535 6434 6436 6437 6365 6438
1690 10 2 5 3 5535 5558 5559 5536 6437 6439 6440 6368 6441
1691 10 2 5 3 5536 5559 5560 5537 6440 6442 6443 6371 6444
1692 10 2 5 3 5537 5560 5561 5538 6443 6445 6446 6374 6447
1693 10 2 5 3 5538 5561 5562 5539 6446 6448 6449 6377 6450
1694 10 2 5 3 5539 5562 5563 5540 6449 6451 6452 6380 6453
1695 10 2 5 3 5540 5563 5564 5541 6452 6454 6455 6383 6456
1696 10 2 5 3 5541 5564 5565 5542 6455 6457 6458 6386 6459
1697 10 2 5 3 5542 5565 5566 5543 6458 6460 6461 6389 6462
1698 10 2 5 3 5543 5566 431 432 6461 6463 446 6392 6464
1699 10 2 5 3 364 365 5567 5544 379 6465 6466 6394 6467
1700 10 2 5 3 5544 5567 5568 5545 6466 6468 6469 6397 6470
1701 10 2 5 3 5545 5568 5569 5546 6469 6471 6472 6400 6473
1702 10 2 5 3 5546 5569 5570 5547 6472 6474 6475 6403 6476
1703 10 2 5 3 5547 5570 5571 5548 6475 6477 6478 6406 6479
1704 10 2 5 3 5548 5571 5572 5549 6478 6480 6481 6409 6482
1705 10 2 5 3 5549 5572 5573 5550 6481 6483 6484 6412 6485
1706 10 2 5 3 5550 5573 5574 5551 6484 6486 6487 6415 6488
1707 10 2 5 3 5551 5574 5575 5552 6487 6489 6490 6418 6491
1708 10 2 5 3 5552 5575 5576 5553 6490 6492 6493 6421 6494
1709 10 2 5 3 5553 5576 5577 5554 6493 6495 6496 6424 6497
1710 10 2 5 3 5554 5577 5578 5555 6496 6498 6499 6427 6500
1711 10 2 5 3 5555 5578 5579 5556 6499 6501 6502 6430 6503
1712 10 2 5 3 5556 5579 5580 5557 6502 6504 6505 6433 6506
1713 10 2 5 3 5557 5580 5581 5558 6505 6507 6508 6436 6509
1714 10 2 5 3 5558 5581 5582 5559 6508 6510 6511 6439 6512
1715 10 2 5 3 5559 5582 5583 5560 6511 6513 6514 6442 6515
1716 10 2 5 3 5560 5583 5584 5561 6514 6516 6517 6445 6518
1717 10 2 5 3 5561 5584 5585 5562 6517 6519 6520 6448 6521
1718 10 2 5 3 5562 5585 5586 5563 6520 6522 6523 6451 6524
1719 10 2 5 3 5563 5586 5587 5564 6523 6525 6526 6454 6527
1720 10 2 5 3 5564 5587 5588 5565 6526 6528 6529 6457 6530
1721 10 2 5 3 5565 5588 5589 5566 6529 6531 6532 6460 6533
1722 10 2 5 3 5566 5589 430 431 6532 6534 445 6463 6535
1723 10 2 5 3 365 366 5590 5567 380 6536 6537 6465 6538
1724 10 2 5 3 5567 5590 5591 5568 6537 6539 6540 6468 6541
1725 10 2 5 3 5568 5591 5592 5569 6540 6542 6543 6471 6544
1726 10 2 5 3 5569 5592 5593 5570 6543 6545 6546 6474 6547
1727 10 2 5 3 5570 5593 5594 5571 6546 6548 6549 6477 6550
1728 10 2 5 3 5571 5594 5595 5572 6549 6551 6552 6480 6553
1729 10 2 5 3 5572 5595 5596 5573 6552 6554 6555 6483 6556
1730 10 2 5 3 5573 5596 5597 5574 6555 6557 6558 6486 6559
1731 10 2 5 3 5574 5597 5598 5575 6558 6560 6561 6489 6562
1732 10 2 5 3 5575 5598 5599 5576 6561 6563 6564 6492 6565
1733 10 2 5 3 5576 5599 5600 5577 6564 6566 6567 6495 6568
1734 10 2 5 3 5577 5600 5601 5578 6567 6569 6570 6498 6571
1735 10 2 5 3 5578 5601 5602 5579 6570 6572 6573 6501 6574
1736 10 2 5 3 5579 5602 5603 5580 6573 6575 6576 6504 6577
1737 10 2 5 3 5580 5603 5604 5581 6576 6578 6579 6507 6580
1738 10 2 5 3 5581 5604 5605 5582 6579 6581 6582 6510 6583
1739 10 2 5 3 5582 5605 5606 5583 6582 6584 6585 6513 6586
1740 10 2 5 3 5583 5606 5607 5584 6585 6587 6588 6516 6589
1741 10 2 5 3 5584 5607 5608 5585 6588 6590 6591 6519 6592
1742 10 2 5 3 5585 5608 5609 5586 6591 6593 6594 6522 6595
1743 10 2 5 3 5586 5609 5610 5587 6594 6596 6597 6525 6598
1744 10 2 5 3 5587 5610 5611 5588 6597 6599 6600 6528 6601
1745 10 2 5 3 5588 5611 5612 5589 6600 6602 6603 6531 6604
1746 10 2 5 3 5589 5612 429 430 6603 6605 444 6534 6606
1747 10 2 5 3 366 7 382 5590 381 405 6607 6536 6608
1748 10 2 5 3 5590 382 383 5591 6607 406 6609 6539 6610
1749 10 2 5 3 5591 383 384 5592 6609 407 6611 6542 6612
1750 10 2 5 3 5592 384 385 5593 6611 408 6613 6545 6614
1751 10 2 5 3 5593 385 386 5594 6613 409 6615 6548 6616
1752 10 2 5 3 5594 386 387 5595 6615 410 6617 6551 6618
1753 10 2 5 3 5595 387 388 5596 6617 411 6619 6554 6620
1754 10 2 5 3 5596 388 389 5597 6619 412 6621 6557 6622
1755 10 2 5 3 5597 389 390 5598 6621 413 6623 6560 6624
1756 10 2 5 3 5598 390 391 5599 6623 414 6625 6563 6626
1757 10 2 5 3 5599 391 392 5600 6625 415 6627 6566 6628
1758 10 2 5 3 5600 392 393 5601 6627 416 6629 6569 6630
1759 10 2 5 3 5601 393 394 5602 6629 417 6631 6572 6632
1760 10 2 5 3 5602 394 395 5603 6631 418 6633 6575 6634
1761 10 2 5 3 5603 395 396 5604 6633 419 6635 6578 6636
1762 10 2 5 3 5604 396 397 5605 6635 420 6637 6581 6638
1763 10 2 5 3 5605 397 398 5606 6637 421 6639 6584 6640
1764 10 2 5 3 5606 398 399 5607 6639 422 6641 6587 6642
1765 10 2 5 3 5607 399 400 5608 6641 423 6643 6590 6644
1766 10 2 5 3 5608 400 401 5609 6643 424 6645 6593 6646
1767 10 2 5 3 5609 401 402 5610 6645 425 6647 6596 6648
1768 10 2 5 3 5610 402 403 5611 6647 426 6649 6599 6650
1769 10 2 5 3 5611 403 404 5612 6649 427 6651 6602 6652
1770 10 2 5 3 5612 404 8 429 6651 428 443 6605 6653
1771 10 2 5 4 8 557 6654 429 559 6682 6683 443 6684
1772 10 2 5 4 429 6654 6655 430 6683 6685 6686 444 6687
1773 10 2 5 4 430 6655 6656 431 6686 6688 6689 445 6690
1774 10 2 5 4 431 6656 6657 432 6689 6691 6692 446 6693
1775 10 2 5 4 432 6657 6658 433 6692 6694 6695 447 6696
1776 10 2 5 4 433 6658 6659 434 6695 6697 6698 448 6699
1777 10 2 5 4 434 6659 6660 435 6698 6700 6701 449 6702
1778 10 2 5 4 435 6660 6661 436 6701 6703 6704 450 6705
1779 10 2 5 4 436 6661 6662 437 6704 6706 6707 451 6708
1780 10 2 5 4 437 6662 6663 438 6707 6709 6710 452 6711
1781 10 2 5 4 438 6663 6664 439 6710 6712 6713 453 6714
1782 10 2 5 4 439 6664 6665 440 6713 6715 6716 454 6717
1783 10 2 5 4 440 6665 6666 441 6716 6718 6719 455 6720
1784 10 2 5 4 441 6666 6667 442 6719 6721 6722 456 6723
1785 10 2 5 4 442 6667 458 6 6722 6724 460 457 6725
1786 10 2 5 4 557 558 6668 6654 560 6726 6727 6682 6728
1787 10 2 5 4 6654 6668 6669 6655 6727 6729 6730 6685 6731
1788 10 2 5 4 6655 6669 6670 6656 6730 6732 6733 6688 6734
1789 10 2 5 4 6656 6670 6671 6657 6733 6735 6736 6691 6737
1790 10 2 5 4 6657 6671 6672 6658 6736 6738 6739 6694 6740
1791 10 2 5 4 6658 6672 6673 6659 6739 6741 6742 6697 6743
1792 10 2 5 4 6659 6673 6674 6660 6742 6744 6745 6700 6746
1793 10 2 5 4 6660 6674 6675 6661 6745 6747 6748 6703 6749
1794 10 2 5 4 6661 6675 6676 6662 6748 6750 6751 6706 6752
1795 10 2 5 4 6662 6676 6677 6663 6751 6753 6754 6709 6755
1796 10 2 5 4 6663 6677 6678 6664 6754 6756 6757 6712 6758
1797 10 2 5 4 6664 6678 6679 6665 6757 6759 6760 6715 6761
1798 10 2 5 4 6665 6679 6680 6666 6760 6762 6763 6718 6764
1799 10 2 5 4 6666 6680 6681 6667 6763 6765 6766 6721 6767
1800 10 2 5 4 6667 6681 459 458 6766 6768 461 6724 6769
1801 10 2 5 4 558 9 562 6668 561 576 6770 6726 6771
1802 10 2 5 4 6668 562 563 6669 6770 577 6772 6729 6773
1803 10 2 5 4 6669 563 564 6670 6772 578 6774 6732 6775
1804 10 2 5 4 6670 564 565 6671 6774 579 6776 6735 6777
1805 10 2 5 4 6671 565 566 6672 6776 580 6778 6738 6779
1806 10 2 5 4 6672 566 567 6673 6778 581 6780 6741 6781
1807 10 2 5 4 6673 567 568 6674 6780 582 6782 6744 6783
1808 10 2 5 4 6674 568 569 6675 6782 583 6784 6747 6785
1809 10 2 5 4 6675 569 570 6676 6784 584 6786 6750 6787
1810 10 2 5 4 6676 570 571 6677 6786 585 6788 6753 6789
1811 10 2 5 4 6677 571 572 6678 6788 586 6790 6756 6791
1812 10 2 5 4 6678 572 573 6679 6790 587 6792 6759 6793
1813 10 2 5 4 6679 573 574 6680 6792 588 6794 6762 6795
1814 10 2 5 4 6680 574 575 6681 6794 589 6796 6765 6797
1815 10 2 5 4 6681 575 10 459 6796 590 462 6768 6798
1816 10 2 5 5 6 458 6799 264 460 6887 6888 308 6889
1817 10 2 5 5 264 6799 6800 265 6888 6890 6891 309 6892
1818 10 2 5 5 265 6800 6801 266 6891 6893 6894 310 6895
1819 10 2 5 5 266 6801 6802 267 6894 6896 6897 311 6898
1820 10 2 5 5 267 6802 6803 268 6897 6899 6900 312 6901
1821 10 2 5 5 268 6803 6804 269 6900 6902 6903 313 6904
1822 10 2 5 5 269 6804 6805 270 6903 6905 6906 314 6907
1823 10 2 5 5 270 6805 6806 271 6906 6908 6909 315 6910
1824 10 2 5 5 271 6806 6807 272 6909 6911 6912 316 6913
1825 10 2 5 5 272 6807 6808 273 6912 6914 6915 317 6916
1826 10 2 5 5 273 6808 6809 274 6915 6917 6918 318 6919
1827 10 2 5 5 274 6809 6810 275 6918 6920 6921 319 6922
1828 10 2 5 5 275 6810 6811 276 6921 6923 6924 320 6925
1829 10 2 5 5 276 6811 6812 277 6924 6926 6927 321 6928
1830 10 2 5 5 277 6812 6813 278 6927 6929 6930 322 6931
1831 10 2 5 5 278 6813 6814 279 6930 6932 6933 323 6934
1832 10 2 5 5 279 6814 6815 280 6933 6935 6936 324 6937
1833 10 2 5 5 280 6815 6816 281 6936 6938 6939 325 6940
1834 10 2 5 5 281 6816 6817 282 6939 6941 6942 326 6943
1835 10 2 5 5 282 6817 6818 283 6942 6944 6945 327 6946
1836 10 2 5 5 283 6818 6819 284 6945 6947 6948 328 6949
1837 10 2 5 5 284 6819 6820 285 6948 6950 6951 329 6952
1838 10 2 5 5 285 6820 6821 286 6951 6953 6954 330 6955
1839 10 2 5 5 286 6821 6822 287 6954 6956 6957 331 6958
1840 10 2 5 5 287 6822 6823 288 6957 6959 6960 332 6961
1841 10 2 5 5 288 6823 6824 289 6960 6962 6963 333 6964
1842 10 2 5 5 289 6824 6825 290 6963 6965 6966 334 6967
1843 10 2 5 5 290 6825 6826 291 6966 6968 6969 335 6970
1844 10 2 5 5 291 6826 6827 292 6969 6971 6972 336 6973
1845 10 2 5 5 292 6827 6828 293 6972 6974 6975 337 6976
1846 10 2 5 5 293 6828 6829 294 6975 6977 6978 338 6979
1847 10 2 5 5 294 6829 6830 295 6978 6980 6981 339 6982
1848 10 2 5 5 295 6830 6831 296 6981 6983 6984 340 6985
1849 10 2 5 5 296 6831 6832 297 6984 6986 6987 341 6988
1850 10 2 5 5 297 6832 6833 298 6987 6989 6990 342 6991
1851 10 2 5 5 298 6833 6834 299 6990 6992 6993 343 6994
1852 10 2 5 5 299 6834 6835 300 6993 6995 6996 344 6997
1853 10 2 5 5 300 6835 6836 301 6996 6998 6999 345 7000
1854 10 2 5 5 301 6836 6837 302 6999 7001 7002 346 7003
1855 10 2 5 5 302 6837 6838 303 7002 7004 7005 347 7006
1856 10 2 5 5 303 6838 6839 304 7005 7007 7008 348 7009
1857 10 2 5 5 304 6839 6840 305 7008 7010 7011 349 7012
1858 10 2 5 5 305 6840 6841 306 7011 7013 7014 350 7015
1859 10 2 5 5 306 6841 6842 307 7014 7016 7017 351 7018
1860 10 2 5 5 307 6842 553 3 7017 7019 556 352 7020
1861 10 2 5 5 458 459 6843 6799 461 7021 7022 6887 7023
1862 10 2 5 5 6799 6843 6844 6800 7022 7024 7025 6890 7026
1863 10 2 5 5 6800 6844 6845 6801 7025 7027 7028 6893 7029
1864 10 2 5 5 6801 6845 6846 6802 7028 7030 7031 6896 7032
1865 10 2 5 5 6802 6846 6847 6803 7031 7033 7034 6899 7035
1866 10 2 5 5 6803 6847 6848 6804 7034 7036 7037 6902 7038
1867 10 2 5 5 6804 6848 6849 6805 7037 7039 7040 6905 7041
1868 10 2 5 5 6805 6849 6850 6806 7040 7042 7043 6908 7044
1869 10 2 5 5 6806 6850 6851 6807 7043 7045 7046 6911 7047
1870 10 2 5 5 6807 6851 6852 6808 7046 7048 7049 6914 7050
1871 10 2 5 5 6808 6852 6853 6809 7049 7051 7052 6917 7053
1872 10 2 5 5 6809 6853 6854 6810 7052 7054 7055 6920 7056
1873 10 2 5 5 6810 6854 6855 6811 7055 7057 7058 6923 7059
1874 10 2 5 5 6811 6855 6856 6812 7058 7060 7061 6926 7062
1875 10 2 5 5 6812 6856 6857 6813 7061 7063 7064 6929 7065
1876 10 2 5 5 6813 6857 6858 6814 7064 7066 7067 6932 7068
1877 10 2 5 5 6814 6858 6859 6815 7067 7069 7070 6935 7071
1878 10 2 5 5 6815 6859 6860 6816 7070 7072 7073 6938 7074
1879 10 2 5 5 6816 6860 6861 6817 7073 7075 7076 6941 7077
1880 10 2 5 5 6817 6861 6862 6818 7076 7078 7079 6944 7080
1881 10 2 5 5 6818 6862 6863 6819 7079 7081 7082 6947 7083
1882 10 2 5 5 6819 6863 6864 6820 7082 7084 7085 6950 7086
1883 10 2 5 5 6820 6864 6865 6821 7085 7087 7088 6953 7089
1884 10 2 5 5 6821 6865 6866 6822 7088 7090 7091 6956 7092
1885 10 2 5 5 6822 6866 6867 6823 7091 7093 7094 6959 7095
1886 10 2 5 5 6823 6867 6868 6824 7094 7096 7097 6962 7098
1887 10 2 5 5 6824 6868 6869 6825 7097 7099 7100 6965 7101
1888 10 2 5 5 6825 6869 6870 6826 7100 7102 7103 6968 7104
1889 10 2 5 5 6826 6870 6871 6827 7103 7105 7106 6971 7107
1890 10 2 5 5 6827 6871 6872 6828 7106 7108 7109 6974 7110
1891 10 2 5 5 6828 6872 6873 6829 7109 7111 7112 6977 7113
1892 10 2 5 5 6829 6873 6874 6830 7112 7114 7115 6980 7116
1893 10 2 5 5 6830 6874 6875 6831 7115 7117 7118 6983 7119
1894 10 2 5 5 6831 6875 6876 6832 7118 7120 7121 6986 7122
1895 10 2 5 5 6832 6876 6877 6833 7121 7123 7124 6989 7125
1896 10 2 5 5 6833 6877 6878 6834 7124 7126 7127 6992 7128
1897 10 2 5 5 6834 6878 6879 6835 7127 7129 7130 6995 7131
1898 10 2 5 5 6835 6879 6880 6836 7130 7132 7133 6998 7134
1899 10 2 5 5 6836 6880 6881 6837 7133 7135 7136 7001 7137
1900 10 2 5 5 6837 6881 6882 6838 7136 7138 7139 7004 7140
1901 10 2 5 5 6838 6882 6883 6839 7139 7141 7142 7007 7143
1902 10 2 5 5 6839 6883 6884 6840 7142 7144 7145 7010 7146
1903 10 2 5 5 6840 6884 6885 6841 7145 7147 7148 7013 7149
1904 10 2 5 5 6841 6885 6886 6842 7148 7150 7151 7016 7152
1905 10 2 5 5 6842 6886 552 553 7151 7153 555 7019 7154
1906 10 2 5 5 459 10 463 6843 462 507 7155 7021 7156
1907 10 2 5 5 6843 463 464 6844 7155 508 7157 7024 7158
1908 10 2 5 5 6844 464 465 6845 7157 509 7159 7027 7160
1909 10 2 5 5 6845 465 466 6846 7159 510 7161 7030 7162
1910 10 2 5 5 6846 466 467 6847 7161 511 7163 7033 7164
1911 10 2 5 5 6847 467 468 6848 7163 512 7165 7036 7166
1912 10 2 5 5 6848 468 469 6849 7165 513 7167 7039 7168
1913 10 2 5 5 6849 469 470 6850 7167 514 7169 7042 7170
1914 10 2 5 5 6850 470 471 6851 7169 515 7171 7045 7172
1915 10 2 5 5 6851 471 472 6852 7171 516 7173 7048 7174
1916 10 2 5 5 6852 472 473 6853 7173 517 7175 7051 7176
1917 10 2 5 5 6853 473 474 6854 7175 518 7177 7054 7178
1918 10 2 5 5 6854 474 475 6855 7177 519 7179 7057 7180
1919 10 2 5 5 6855 475 476 6856 7179 520 7181 7060 7182
1920 10 2 5 5 6856 476 477 6857 7181 521 7183 7063 7184
1921 10 2 5 5 6857 477 478 6858 7183 522 7185 7066 7186
1922 10 2 5 5 6858 478 479 6859 7185 523 7187 7069 7188
1923 10 2 5 5 6859 479 480 6860 7187 524 7189 7072 7190
1924 10 2 5 5 6860 480 481 6861 7189 525 7191 7075 7192
1925 10 2 5 5 6861 481 482 6862 7191 526 7193 7078 7194
1926 10 2 5 5 6862 482 483 6863 7193 527 7195 7081 7196
1927 10 2 5 5 6863 483 484 6864 7195 528 7197 7084 7198
1928 10 2 5 5 6864 484 485 6865 7197 529 7199 7087 7200
1929 10 2 5 5 6865 485 486 6866 7199 530 7201 7090 7202
1930 10 2 5 5 6866 486 487 6867 7201 531 7203 7093 7204
1931 10 2 5 5 6867 487 488 6868 7203 532 7205 7096 7206
1932 10 2 5 5 6868 488 489 6869 7205 533 7207 7099 7208
1933 10 2 5 5 6869 489 490 6870 7207 534 7209 7102 7210
1934 10 2 5 5 6870 490 491 6871 7209 535 7211 7105 7212
1935 10 2 5 5 6871 491 492 6872 7211 536 7213 7108 7214
1936 10 2 5 5 6872 492 493 6873 7213 537 7215 7111 7216
1937 10 2 5 5 6873 493 494 6874 7215 538 7217 7114 7218
1938 10 2 5 5 6874 494 495 6875 7217 539 7219 7117 7220
1939 10 2 5 5 6875 495 496 6876 7219 540 7221 7120 7222
1940 10 2 5 5 6876 496 497 6877 7221 541 7223 7123 7224
1941 10 2 5 5 6877 497 498 6878 7223 542 7225 7126 7226
1942 10 2 5 5 6878 498 499 6879 7225 543 7227 7129 7228
1943 10 2 5 5 6879 499 500 6880 7227 544 7229 7132 7230
1944 10 2 5 5 6880 500 501 6881 7229 545 7231 7135 7232
1945 10 2 5 5 6881 501 502 6882 7231 546 7233 7138 7234
1946 10 2 5 5 6882 502 503 6883 7233 547 7235 7141 7236
1947 10 2 5 5 6883 503 504 6884 7235 548 7237 7144 7238
1948 10 2 5 5 6884 504 505 6885 7237 549 7239 7147 7240
1949 10 2 5 5 6885 505 506 6886 7239 550 7241 7150 7242
1950 10 2 5 5 6886 506 11 552 7241 551 554 7153 7243
$EndElements
