$MeshFormat
2.2 0 8
$EndMeshFormat
$PhysicalNames
8
1 1 "Wall"
1 2 "Outlet"
1 3 "Inlet"
2 15 "BoundaryLayer"
2 16 "PostShock"
2 17 "Upstream"
1 18 "ShockDown"
1 19 "ShockUp"
$EndPhysicalNames
$Nodes
3822
1 -2.342137003369313e-18 -1.275000000000000e-02 0.0
2 -2.351321854362918e-18 -1.280000000000000e-02 0.0
3 -2.359944084915812e-18 -1.284693723697258e-02 0.0
4 -2.368038158489682e-18 -1.289099932126500e-02 0.0
5 -2.375636427477887e-18 -1.293236237110377e-02 0.0
6 -2.382769262519503e-18 -1.297119171654761e-02 0.0
7 -2.389465173892197e-18 -1.300764256031936e-02 0.0
8 -2.395750925469149e-18 -1.304186059815866e-02 0.0
9 -2.401651641695512e-18 -1.307398260117467e-02 0.0
10 -2.407190908012008e-18 -1.310413696252660e-02 0.0
11 -2.412390865127040e-18 -1.313244421061725e-02 0.0
12 -2.417272297514151e-18 -1.315901749085070e-02 0.0
13 -2.421854716488541e-18 -1.318396301787983e-02 0.0
14 -2.426156438194713e-18 -1.320738050015127e-02 0.0
15 -2.430194656816967e-18 -1.322936353844479e-02 0.0
16 -2.433985513305364e-18 -1.325000000000000e-02 0.0
17 -2.437115751356084e-18 -1.326704022227959e-02 0.0
18 -2.440363728386657e-18 -1.328472138571292e-02 0.0
19 -2.443733872963585e-18 -1.330306759829315e-02 0.0
20 -2.447230780226934e-18 -1.332210387479770e-02 0.0
21 -2.450859218155732e-18 -1.334185617089551e-02 0.0
22 -2.454624134069039e-18 -1.336235141853714e-02 0.0
23 -2.458530661371539e-18 -1.338361756267611e-02 0.0
24 -2.462584126552856e-18 -1.340568359937142e-02 0.0
25 -2.466790056450141e-18 -1.342857961532319e-02 0.0
26 -2.471154185783831e-18 -1.345233682889546e-02 0.0
27 -2.475682464976852e-18 -1.347698763268190e-02 0.0
28 -2.480381068267924e-18 -1.350256563767263e-02 0.0
29 -2.485256402130046e-18 -1.352910571908232e-02 0.0
30 -2.490315114005618e-18 -1.355664406390192e-02 0.0
31 -2.495564101370131e-18 -1.358521822023917e-02 0.0
32 -2.501010521136762e-18 -1.361486714851479e-02 0.0
33 -2.506661799414723e-18 -1.364563127458441e-02 0.0
34 -2.512525641634635e-18 -1.367755254485867e-02 0.0
35 -2.518610043054777e-18 -1.371067448349642e-02 0.0
36 -2.524923299662484e-18 -1.374504225174929e-02 0.0
37 -2.531474019485607e-18 -1.378070270953834e-02 0.0
38 -2.538271134329422e-18 -1.381770447934683e-02 0.0
39 -2.545323911955008e-18 -1.385609801251627e-02 0.0
40 -2.552641968715699e-18 -1.389593565803597e-02 0.0
41 -2.560235282668829e-18 -1.393727173392015e-02 0.0
42 -2.568114207180664e-18 -1.398016260126966e-02 0.0
43 -2.576289485043053e-18 -1.402466674111951e-02 0.0
44 -2.584772263121059e-18 -1.407084483417683e-02 0.0
45 -2.593574107551542e-18 -1.411875984355810e-02 0.0
46 -2.602707019513399e-18 -1.416847710063835e-02 0.0
47 -2.612183451590996e-18 -1.422006439412953e-02 0.0
48 -2.622016324753068e-18 -1.427359206250933e-02 0.0
49 -2.632219045970261e-18 -1.432913308992663e-02 0.0
50 -2.642805526495332e-18 -1.438676320571426e-02 0.0
51 -2.653790200830924e-18 -1.444656098764474e-02 0.0
52 -2.665188046410789e-18 -1.450860796906992e-02 0.0
53 -2.677014604021289e-18 -1.457298875009040e-02 0.0
54 -2.689285998991016e-18 -1.463979111290647e-02 0.0
55 -2.702018963177428e-18 -1.470910614150779e-02 0.0
56 -2.715230857780479e-18 -1.478102834586499e-02 0.0
57 -2.728939697014348e-18 -1.485565579079259e-02 0.0
58 -2.743164172669541e-18 -1.493309022965881e-02 0.0
59 -2.757923679598856e-18 -1.501343724312474e-02 0.0
60 -2.773238342161971e-18 -1.509680638310196e-02 0.0
61 -2.789129041664691e-18 -1.518331132212483e-02 0.0
62 -2.805617444830290e-18 -1.527307000834129e-02 0.0
63 -2.822726033341754e-18 -1.536620482633330e-02 0.0
64 -2.840478134495202e-18 -1.546284276398634e-02 0.0
65 -2.858897953006305e-18 -1.556311558563542e-02 0.0
66 -2.878010604013030e-18 -1.566716001172372e-02 0.0
67 -2.897842147319751e-18 -1.577511790521883e-02 0.0
68 -2.918419622929385e-18 -1.588713646504066e-02 0.0
69 -2.939771087912024e-18 -1.600336842676494e-02 0.0
70 -2.961925654660306e-18 -1.612397227087578e-02 0.0
71 -2.984913530583725e-18 -1.624911243885142e-02 0.0
72 -3.008766059295960e-18 -1.637895955737758e-02 0.0
73 -3.033515763351406e-18 -1.651369067099432e-02 0.0
74 -3.059196388589182e-18 -1.665348948349360e-02 0.0
75 -3.085842950145055e-18 -1.679854660839648e-02 0.0
76 -3.113491780194041e-18 -1.694905982885174e-02 0.0
77 -3.142180577488759e-18 -1.710523436731019e-02 0.0
78 -3.171948458761104e-18 -1.726728316534224e-02 0.0
79 -3.202836012057300e-18 -1.743542717398050e-02 0.0
80 -3.234885352079081e-18 -1.760989565498305e-02 0.0
81 -3.268140177606432e-18 -1.779092649342836e-02 0.0
82 -3.302645831080199e-18 -1.797876652206786e-02 0.0
83 -3.338449360425811e-18 -1.817367185787864e-02 0.0
84 -3.375599583202396e-18 -1.837590825127496e-02 0.0
85 -3.414147153164771e-18 -1.858575144845482e-02 0.0
86 -3.454144629329051e-18 -1.880348756737568e-02 0.0
87 -3.495646547636060e-18 -1.902941348787185e-02 0.0
88 -3.538709495310238e-18 -1.926383725644556e-02 0.0
89 -3.583392188015453e-18 -1.950707850628361e-02 0.0
90 -3.629755549912900e-18 -1.975946889307228e-02 0.0
91 -3.677862796730249e-18 -2.002135254720474e-02 0.0
92 -3.727779521955320e-18 -2.029308654299752e-02 0.0
93 -3.779573786271788e-18 -2.057504138555582e-02 0.0
94 -3.833316210358867e-18 -2.086760151595149e-02 0.0
95 -3.889080071181526e-18 -2.117116583540253e-02 0.0
96 -3.946941401902492e-18 -2.148614824916870e-02 0.0
97 -4.006979095552295e-18 -2.181297823090494e-02 0.0
98 -4.069275012598694e-18 -2.215210140824212e-02 0.0
99 -4.133914092562162e-18 -2.250398017039337e-02 0.0
100 -4.200984469829609e-18 -2.286909429861463e-02 0.0
101 -4.270577593824260e-18 -2.324794162037905e-02 0.0
102 -4.342788353695525e-18 -2.364103868815696e-02 0.0
103 -4.417715207698893e-18 -2.404892148372727e-02 0.0
104 -4.495460317442242e-18 -2.447214614898030e-02 0.0
105 -4.576129687181609e-18 -2.491128974420864e-02 0.0
106 -4.659833308356362e-18 -2.536695103492000e-02 0.0
107 -4.743536929531115e-18 -2.582261232563136e-02 0.0
108 -4.828317490080579e-18 -2.628413620124181e-02 0.0
109 -4.914188846017200e-18 -2.675159809036995e-02 0.0
110 -5.001165031626301e-18 -2.722507439210668e-02 0.0
111 -5.089260261759762e-18 -2.770464248850147e-02 0.0
112 -5.178488934159202e-18 -2.819038075720917e-02 0.0
113 -5.268865631809060e-18 -2.868236858429957e-02 0.0
114 -5.360405125319951e-18 -2.918068637723178e-02 0.0
115 -5.453122375342681e-18 -2.968541557799554e-02 0.0
116 -5.547032535013321e-18 -3.019663867642154e-02 0.0
117 -5.642150952429747e-18 -3.071443922366314e-02 0.0
118 -5.738493173160034e-18 -3.123890184585137e-02 0.0
119 -5.836074942783134e-18 -3.177011225792578e-02 0.0
120 -5.934912209462230e-18 -3.230815727764309e-02 0.0
121 -6.035021126551208e-18 -3.285312483976618e-02 0.0
122 -6.136418055234663e-18 -3.340510401043564e-02 0.0
123 -6.239119567201869e-18 -3.396418500172614e-02 0.0
124 -6.343142447355152e-18 -3.453045918639015e-02 0.0
125 -6.448503696553115e-18 -3.510401911279135e-02 0.0
126 -6.555220534389152e-18 -3.568495852003017e-02 0.0
127 -6.663310402005707e-18 -3.627337235326389e-02 0.0
128 -6.772790964944756e-18 -3.686935677922395e-02 0.0
129 -6.883680116034949e-18 -3.747300920193281e-02 0.0
130 -6.995995978315905e-18 -3.808442827862308e-02 0.0
131 -7.109756908000125e-18 -3.870371393586142e-02 0.0
132 -7.224981497473029e-18 -3.933096738587998e-02 0.0
133 -7.341688578331571e-18 -3.996629114311784e-02 0.0
134 -7.459897224461963e-18 -4.060978904097538e-02 0.0
135 -7.579626755156995e-18 -4.126156624878415e-02 0.0
136 -7.700896738273450e-18 -4.192172928899508e-02 0.0
137 -7.822166721389907e-18 -4.258189232920602e-02 0.0
138 -7.822166721390018e-18 -4.258189232920662e-02 0.0
139 -7.822166721390018e-18 -4.258189232920662e-02 0.0
140 -7.822166721390018e-18 -4.258189232920662e-02 0.0
141 -7.822166721390018e-18 -4.258189232920662e-02 0.0
142 -7.822166721390018e-18 -4.258189232920662e-02 0.0
143 -7.822166721390018e-18 -4.258189232920662e-02 0.0
144 -7.822166721390018e-18 -4.258189232920662e-02 0.0
145 -7.822166721390018e-18 -4.258189232920662e-02 0.0
146 -7.347880794884118e-18 -3.999999999999999e-02 0.0
147 -1.597998727944883e-03 -1.264946244175959e-02 0.0
148 -1.604265389623099e-03 -1.269906817682531e-02 0.0
149 -1.610148185307447e-03 -1.274563529966490e-02 0.0
150 -1.615670628809398e-03 -1.278934994126196e-02 0.0
151 -1.620854793595773e-03 -1.283038683109821e-02 0.0
152 -1.625721401017434e-03 -1.286890999555546e-02 0.0
153 -1.630289903133495e-03 -1.290507341353673e-02 0.0
154 -1.634578560462121e-03 -1.293902163192724e-02 0.0
155 -1.638604514968679e-03 -1.297089034335509e-02 0.0
156 -1.642383858582983e-03 -1.300080692856108e-02 0.0
157 -1.645931697519491e-03 -1.302889096554557e-02 0.0
158 -1.649262212657560e-03 -1.305525470752733e-02 0.0
159 -1.652388716223086e-03 -1.308000353162496e-02 0.0
160 -1.655323704998101e-03 -1.310323636005424e-02 0.0
161 -1.658078910270996e-03 -1.312504605552480e-02 0.0
162 -1.660665344727036e-03 -1.314551979241683e-02 0.0
163 -1.663168616829310e-03 -1.316533523149415e-02 0.0
164 -1.665759732704432e-03 -1.318584602563399e-02 0.0
165 -1.668441774929170e-03 -1.320707657594404e-02 0.0
166 -1.671217934252780e-03 -1.322905213980542e-02 0.0
167 -1.674091513392954e-03 -1.325179886092064e-02 0.0
168 -1.677065930964962e-03 -1.327534380041607e-02 0.0
169 -1.680144725548686e-03 -1.329971496903570e-02 0.0
170 -1.683331559898367e-03 -1.332494136046484e-02 0.0
171 -1.686630225300078e-03 -1.335105298582298e-02 0.0
172 -1.690044646082111e-03 -1.337808090936721e-02 0.0
173 -1.693578884283636e-03 -1.340605728544851e-02 0.0
174 -1.697237144487196e-03 -1.343501539676480e-02 0.0
175 -1.701023778820777e-03 -1.346498969395646e-02 0.0
176 -1.704943292135414e-03 -1.349601583659128e-02 0.0
177 -1.709000347364480e-03 -1.352813073558761e-02 0.0
178 -1.713199771071046e-03 -1.356137259712624e-02 0.0
179 -1.717546559189909e-03 -1.359578096810320e-02 0.0
180 -1.722045882971107e-03 -1.363139678317758e-02 0.0
181 -1.726703095132016e-03 -1.366826241347034e-02 0.0
182 -1.731523736225317e-03 -1.370642171697201e-02 0.0
183 -1.736513541230442e-03 -1.374592009071927e-02 0.0
184 -1.741678446376307e-03 -1.378680452480259e-02 0.0
185 -1.747024596203484e-03 -1.382912365826889e-02 0.0
186 -1.752558350874176e-03 -1.387292783698614e-02 0.0
187 -1.758286293738730e-03 -1.391826917353833e-02 0.0
188 -1.764215239167655e-03 -1.396520160922236e-02 0.0
189 -1.770352240658488e-03 -1.401378097822045e-02 0.0
190 -1.776704599227136e-03 -1.406406507402448e-02 0.0
191 -1.783279872093691e-03 -1.411611371819128e-02 0.0
192 -1.790085881673036e-03 -1.416998883151062e-02 0.0
193 -1.797130724880951e-03 -1.422575450767058e-02 0.0
194 -1.804422782766781e-03 -1.428347708950804e-02 0.0
195 -1.811970730484137e-03 -1.434322524793482e-02 0.0
196 -1.819783547611472e-03 -1.440507006363355e-02 0.0
197 -1.827870528834833e-03 -1.446908511162028e-02 0.0
198 -1.836241295005488e-03 -1.453534654877463e-02 0.0
199 -1.844905804585572e-03 -1.460393320444143e-02 0.0
200 -1.853874365495392e-03 -1.467492667421177e-02 0.0
201 -1.863157647376460e-03 -1.474841141699493e-02 0.0
202 -1.872766694284868e-03 -1.482447485549675e-02 0.0
203 -1.882712937830084e-03 -1.490320748022392e-02 0.0
204 -1.893008210774810e-03 -1.498470295713802e-02 0.0
205 -1.903664761112088e-03 -1.506905823908713e-02 0.0
206 -1.914695266636383e-03 -1.515637368114799e-02 0.0
207 -1.926112850026000e-03 -1.524675316001550e-02 0.0
208 -1.937931094454753e-03 -1.534030419758192e-02 0.0
209 -1.950164059751490e-03 -1.543713808885255e-02 0.0
210 -1.962826299126660e-03 -1.553737003435026e-02 0.0
211 -1.975932876485864e-03 -1.564111927716629e-02 0.0
212 -1.989499384350943e-03 -1.574850924482031e-02 0.0
213 -2.003541962409969e-03 -1.585966769609866e-02 0.0
214 -2.018077316718163e-03 -1.597472687304533e-02 0.0
215 -2.033122739572618e-03 -1.609382365828656e-02 0.0
216 -2.048696130084450e-03 -1.621709973787620e-02 0.0
217 -2.064816015472864e-03 -1.634470176985557e-02 0.0
218 -2.081501573106455e-03 -1.647678155872834e-02 0.0
219 -2.098772653317979e-03 -1.661349623605807e-02 0.0
220 -2.116649803019731e-03 -1.675500844740310e-02 0.0
221 -2.135154290147618e-03 -1.690148654581139e-02 0.0
222 -2.154308128963018e-03 -1.705310479210531e-02 0.0
223 -2.174134106242520e-03 -1.721004356219480e-02 0.0
224 -2.194655808386702e-03 -1.737248956166543e-02 0.0
225 -2.215897649480204e-03 -1.754063604789676e-02 0.0
226 -2.237884900336462e-03 -1.771468305997510e-02 0.0
227 -2.260643718561684e-03 -1.789483765667432e-02 0.0
228 -2.284201179673802e-03 -1.808131416278780e-02 0.0
229 -2.308585309313449e-03 -1.827433442410452e-02 0.0
230 -2.333825116585261e-03 -1.847412807133266e-02 0.0
231 -2.359950628569188e-03 -1.868093279328475e-02 0.0
232 -2.386992926042855e-03 -1.889499461964925e-02 0.0
233 -2.414984180457473e-03 -1.911656821368509e-02 0.0
234 -2.443957692211303e-03 -1.934591717518726e-02 0.0
235 -2.473947930266192e-03 -1.958331435408403e-02 0.0
236 -2.504990573154311e-03 -1.982904217503870e-02 0.0
237 -2.537122551423895e-03 -2.008339297344219e-02 0.0
238 -2.570382091574459e-03 -2.034666934319614e-02 0.0
239 -2.604808761533777e-03 -2.061918449670023e-02 0.0
240 -2.640443517730722e-03 -2.090126263747210e-02 0.0
241 -2.677328753819958e-03 -2.119323934584300e-02 0.0
242 -2.715508351116470e-03 -2.149546197818817e-02 0.0
243 -2.755027730799907e-03 -2.180829008016681e-02 0.0
244 -2.795933907950876e-03 -2.213209581446336e-02 0.0
245 -2.838275547483433e-03 -2.246726440353878e-02 0.0
246 -2.882103022040356e-03 -2.281419458791880e-02 0.0
247 -2.927468471920035e-03 -2.317329910056415e-02 0.0
248 -2.974425867106307e-03 -2.354500515788718e-02 0.0
249 -3.023031071475006e-03 -2.392975496799911e-02 0.0
250 -3.073341909253622e-03 -2.432800625679239e-02 0.0
251 -3.125418233813144e-03 -2.474023281248416e-02 0.0
252 -3.179321998873906e-03 -2.516692504926864e-02 0.0
253 -3.233225763934669e-03 -2.559361728605311e-02 0.0
254 -3.287250458886869e-03 -2.602126678149686e-02 0.0
255 -3.341396355029527e-03 -2.644987568315275e-02 0.0
256 -3.395663724270308e-03 -2.687944614339158e-02 0.0
257 -3.450052839126881e-03 -2.730998031941284e-02 0.0
258 -3.504563972728297e-03 -2.774148037325559e-02 0.0
259 -3.559197398816355e-03 -2.817394847180927e-02 0.0
260 -3.613953391746974e-03 -2.860738678682464e-02 0.0
261 -3.668832226491578e-03 -2.904179749492462e-02 0.0
262 -3.723834178638473e-03 -2.947718277761528e-02 0.0
263 -3.778959524394227e-03 -2.991354482129675e-02 0.0
264 -3.834208540585065e-03 -3.035088581727424e-02 0.0
265 -3.889581504658254e-03 -3.078920796176900e-02 0.0
266 -3.945078694683498e-03 -3.122851345592940e-02 0.0
267 -4.000700389354330e-03 -3.166880450584192e-02 0.0
268 -4.056446867989523e-03 -3.211008332254229e-02 0.0
269 -4.112318410534477e-03 -3.255235212202656e-02 0.0
270 -4.168315297562638e-03 -3.299561312526223e-02 0.0
271 -4.224437810276900e-03 -3.343986855819942e-02 0.0
272 -4.280686230511020e-03 -3.388512065178203e-02 0.0
273 -4.337060840731029e-03 -3.433137164195894e-02 0.0
274 -4.393561924036660e-03 -3.477862376969527e-02 0.0
275 -4.450189764162756e-03 -3.522687928098359e-02 0.0
276 -4.506944645480708e-03 -3.567614042685524e-02 0.0
277 -4.563826852999875e-03 -3.612640946339160e-02 0.0
278 -4.620836672369017e-03 -3.657768865173545e-02 0.0
279 -4.677974389877731e-03 -3.702998025810229e-02 0.0
280 -4.735240292457888e-03 -3.748328655379174e-02 0.0
281 -4.792634667685074e-03 -3.793760981519897e-02 0.0
282 -4.850157803780028e-03 -3.839295232382609e-02 0.0
283 -4.907680939874982e-03 -3.884829483245320e-02 0.0
284 -4.907680939875034e-03 -3.884829483245360e-02 0.0
285 -4.907680939875034e-03 -3.884829483245360e-02 0.0
286 -4.907680939875034e-03 -3.884829483245360e-02 0.0
287 -4.907680939875034e-03 -3.884829483245360e-02 0.0
288 -4.907680939875034e-03 -3.884829483245360e-02 0.0
289 -4.907680939875034e-03 -3.884829483245360e-02 0.0
290 -4.907680939875034e-03 -3.884829483245360e-02 0.0
291 -4.907680939875034e-03 -3.884829483245360e-02 0.0
292 -4.609301257955042e-03 -3.648637644426744e-02 0.0
293 -3.170796061351905e-03 -1.234943530439004e-02 0.0
294 -3.183230555710148e-03 -1.239786446244647e-02 0.0
295 -3.194903371876689e-03 -1.244332707980803e-02 0.0
296 -3.205861166647618e-03 -1.248600487269789e-02 0.0
297 -3.216147738844818e-03 -1.252606842626465e-02 0.0
298 -3.225804204381930e-03 -1.256367787641919e-02 0.0
299 -3.234869160606590e-03 -1.259898354990544e-02 0.0
300 -3.243378840575850e-03 -1.263212656516345e-02 0.0
301 -3.251367257881410e-03 -1.266323939638648e-02 0.0
302 -3.258866342603549e-03 -1.269244640302655e-02 0.0
303 -3.265906068937161e-03 -1.271986432686504e-02 0.0
304 -3.272514575000017e-03 -1.274560275863512e-02 0.0
305 -3.278718275302159e-03 -1.276976457606101e-02 0.0
306 -3.284541966325930e-03 -1.279244635506516e-02 0.0
307 -3.290008925638686e-03 -1.281373875578671e-02 0.0
308 -3.295141004934333e-03 -1.283372688495436e-02 0.0
309 -3.300907060181246e-03 -1.285618418742841e-02 0.0
310 -3.306861606680646e-03 -1.287937561486129e-02 0.0
311 -3.313010806175831e-03 -1.290332516565870e-02 0.0
312 -3.319361021836316e-03 -1.292805762272964e-02 0.0
313 -3.325918824842421e-03 -1.295359857913171e-02 0.0
314 -3.332691001185107e-03 -1.297997446455471e-02 0.0
315 -3.339684558688090e-03 -1.300721257266999e-02 0.0
316 -3.346906734259515e-03 -1.303534108937385e-02 0.0
317 -3.354365001380682e-03 -1.306438912195417e-02 0.0
318 -3.362067077839577e-03 -1.309438672921058e-02 0.0
319 -3.370020933717213e-03 -1.312536495255914e-02 0.0
320 -3.378234799635037e-03 -1.315735584815394e-02 0.0
321 -3.386717175271953e-03 -1.319039252005865e-02 0.0
322 -3.395476838159754e-03 -1.322450915450251e-02 0.0
323 -3.404522852766085e-03 -1.325974105525610e-02 0.0
324 -3.413864579874318e-03 -1.329612468016360e-02 0.0
325 -3.423511686270057e-03 -1.333369767886915e-02 0.0
326 -3.433474154744297e-03 -1.337249893177666e-02 0.0
327 -3.443762294423573e-03 -1.341256859028304e-02 0.0
328 -3.454386751437817e-03 -1.345394811832677e-02 0.0
329 -3.465358519936924e-03 -1.349668033529462e-02 0.0
330 -3.476688953467469e-03 -1.354080946033097e-02 0.0
331 -3.488389776721306e-03 -1.358638115809564e-02 0.0
332 -3.500473097668247e-03 -1.363344258601757e-02 0.0
333 -3.512951420085338e-03 -1.368204244309304e-02 0.0
334 -3.525837656495726e-03 -1.373223102027934e-02 0.0
335 -3.539145141530490e-03 -1.378406025253557e-02 0.0
336 -3.552887645727273e-03 -1.383758377256484e-02 0.0
337 -3.567079389779978e-03 -1.389285696631310e-02 0.0
338 -3.581735059254297e-03 -1.394993703028242e-02 0.0
339 -3.596869819784280e-03 -1.400888303071765e-02 0.0
340 -3.612499332765676e-03 -1.406975596472797e-02 0.0
341 -3.628639771562292e-03 -1.413261882340652e-02 0.0
342 -3.645307838242131e-03 -1.419753665701332e-02 0.0
343 -3.662520780860629e-03 -1.426457664228903e-02 0.0
344 -3.680296411308886e-03 -1.433380815196925e-02 0.0
345 -3.698653123745342e-03 -1.440530282657114e-02 0.0
346 -3.717609913629991e-03 -1.447913464852679e-02 0.0
347 -3.737186397380807e-03 -1.455538001873993e-02 0.0
348 -3.757402832672752e-03 -1.463411783564538e-02 0.0
349 -3.778280139400337e-03 -1.471542957685282e-02 0.0
350 -3.799839921325459e-03 -1.479939938345954e-02 0.0
351 -3.822104488432895e-03 -1.488611414711933e-02 0.0
352 -3.845096880016590e-03 -1.497566359995768e-02 0.0
353 -3.868840888520642e-03 -1.506814040742623e-02 0.0
354 -3.893361084159633e-03 -1.516364026419267e-02 0.0
355 -3.918682840343800e-03 -1.526226199316523e-02 0.0
356 -3.944832359935349e-03 -1.536410764775426e-02 0.0
357 -3.971836702363081e-03 -1.546928261747675e-02 0.0
358 -3.999723811623395e-03 -1.557789573701300e-02 0.0
359 -4.028522545196628e-03 -1.569005939882838e-02 0.0
360 -4.058262703908682e-03 -1.580588966947664e-02 0.0
361 -4.088975062768803e-03 -1.592550640970514e-02 0.0
362 -4.120691402815453e-03 -1.604903339848635e-02 0.0
363 -4.153444544003215e-03 -1.617659846110389e-02 0.0
364 -4.187268379164760e-03 -1.630833360142565e-02 0.0
365 -4.222197909083037e-03 -1.644437513850091e-02 0.0
366 -4.258269278709945e-03 -1.658486384762285e-02 0.0
367 -4.295519814569011e-03 -1.672994510600226e-02 0.0
368 -4.333988063380735e-03 -1.687976904320338e-02 0.0
369 -4.373713831950598e-03 -1.703449069649745e-02 0.0
370 -4.414738228361006e-03 -1.719427017129470e-02 0.0
371 -4.457103704509782e-03 -1.735927280682084e-02 0.0
372 -4.500854100039235e-03 -1.752966934720953e-02 0.0
373 -4.546034687701270e-03 -1.770563611818778e-02 0.0
374 -4.592692220205465e-03 -1.788735520953715e-02 0.0
375 -4.640874978598606e-03 -1.807501466351965e-02 0.0
376 -4.690632822225745e-03 -1.826880866946316e-02 0.0
377 -4.742017240324464e-03 -1.846893776470787e-02 0.0
378 -4.795081405305760e-03 -1.867560904212160e-02 0.0
379 -4.849880227776659e-03 -1.888903636439870e-02 0.0
380 -4.906470413361518e-03 -1.910944058536448e-02 0.0
381 -4.964910521380801e-03 -1.933704977851392e-02 0.0
382 -5.025261025448049e-03 -1.957209947302124e-02 0.0
383 -5.087584376047763e-03 -1.981483289746477e-02 0.0
384 -5.151945065158941e-03 -2.006550123151889e-02 0.0
385 -5.218409692991138e-03 -2.032436386587391e-02 0.0
386 -5.287047036902132e-03 -2.059168867065262e-02 0.0
387 -5.357928122568484e-03 -2.086775227260131e-02 0.0
388 -5.431126297482649e-03 -2.115284034134216e-02 0.0
389 -5.506717306852702e-03 -2.144724788498311e-02 0.0
390 -5.584779371983204e-03 -2.175127955539120e-02 0.0
391 -5.665393271218328e-03 -2.206524996344524e-02 0.0
392 -5.748642423530997e-03 -2.238948400459397e-02 0.0
393 -5.834612974844540e-03 -2.272431719505677e-02 0.0
394 -5.923393887176181e-03 -2.307009601901459e-02 0.0
395 -6.015077030694617e-03 -2.342717828715052e-02 0.0
396 -6.109757278786934e-03 -2.379593350691106e-02 0.0
397 -6.207532606233250e-03 -2.417674326487102e-02 0.0
398 -6.308504190590664e-03 -2.457000162159801e-02 0.0
399 -6.409475774948077e-03 -2.496325997832500e-02 0.0
400 -6.509622094661235e-03 -2.535330414147534e-02 0.0
401 -6.608949894813295e-03 -2.574016038141347e-02 0.0
402 -6.707465865358253e-03 -2.612385475378992e-02 0.0
403 -6.805176641571532e-03 -2.650441310129624e-02 0.0
404 -6.902088804496878e-03 -2.688186105540553e-02 0.0
405 -6.998208881389605e-03 -2.725622403809879e-02 0.0
406 -7.093543346156233e-03 -2.762752726357717e-02 0.0
407 -7.188098619790508e-03 -2.799579573996020e-02 0.0
408 -7.281881070805876e-03 -2.836105427097011e-02 0.0
409 -7.374897015664414e-03 -2.872332745760246e-02 0.0
410 -7.467152719202266e-03 -2.908263969978303e-02 0.0
411 -7.558654395051581e-03 -2.943901519801126e-02 0.0
412 -7.649408206059030e-03 -2.979247795499017e-02 0.0
413 -7.739420264700874e-03 -3.014305177724302e-02 0.0
414 -7.828696633494663e-03 -3.049076027671671e-02 0.0
415 -7.917243325407556e-03 -3.083562687237213e-02 0.0
416 -8.005066304261309e-03 -3.117767479176144e-02 0.0
417 -8.092171485133953e-03 -3.151692707259254e-02 0.0
418 -8.178564734758182e-03 -3.185340656428068e-02 0.0
419 -8.264251871916505e-03 -3.218713592948745e-02 0.0
420 -8.349238667833138e-03 -3.251813764564714e-02 0.0
421 -8.433530846562717e-03 -3.284643400648064e-02 0.0
422 -8.517134085375829e-03 -3.317204712349700e-02 0.0
423 -8.600054015141382e-03 -3.349499892748268e-02 0.0
424 -8.682296220705864e-03 -3.381531116997861e-02 0.0
425 -8.763866241269484e-03 -3.413300542474525e-02 0.0
426 -8.844769570759269e-03 -3.444810308921562e-02 0.0
427 -8.925011658199070e-03 -3.476062538593645e-02 0.0
428 -9.004597908076579e-03 -3.507059336399754e-02 0.0
429 -9.084184157954088e-03 -3.538056134205862e-02 0.0
430 -9.084184157954161e-03 -3.538056134205891e-02 0.0
431 -9.084184157954161e-03 -3.538056134205891e-02 0.0
432 -9.084184157954161e-03 -3.538056134205891e-02 0.0
433 -9.084184157954161e-03 -3.538056134205891e-02 0.0
434 -9.084184157954161e-03 -3.538056134205891e-02 0.0
435 -9.084184157954161e-03 -3.538056134205891e-02 0.0
436 -9.084184157954161e-03 -3.538056134205891e-02 0.0
437 -9.084184157954161e-03 -3.538056134205891e-02 0.0
438 -8.526683268034992e-03 -3.320923873442919e-02 0.0
439 -4.693588046729642e-03 -1.185465019507521e-02 0.0
440 -4.711994274363875e-03 -1.190113901936962e-02 0.0
441 -4.729273023728663e-03 -1.194478015861929e-02 0.0
442 -4.745493358799162e-03 -1.198574804851360e-02 0.0
443 -4.760720113018736e-03 -1.202420643963832e-02 0.0
444 -4.775014148441285e-03 -1.206030905199443e-02 0.0
445 -4.788432598999740e-03 -1.209420018942419e-02 0.0
446 -4.801029098873082e-03 -1.212601531640041e-02 0.0
447 -4.812853996864686e-03 -1.215588159948433e-02 0.0
448 -4.823954557648857e-03 -1.218391841561633e-02 0.0
449 -4.834375150689961e-03 -1.221023782927122e-02 0.0
450 -4.844157427589265e-03 -1.223494504038520e-02 0.0
451 -4.853340488568346e-03 -1.225813880484497e-02 0.0
452 -4.861961038754523e-03 -1.227991182921967e-02 0.0
453 -4.870053534892975e-03 -1.230035114131336e-02 0.0
454 -4.877650323071980e-03 -1.231953843801933e-02 0.0
455 -4.887454963349013e-03 -1.234430213257786e-02 0.0
456 -4.897557912440029e-03 -1.236981926919493e-02 0.0
457 -4.907968246470821e-03 -1.239611277154755e-02 0.0
458 -4.918695317710746e-03 -1.242320626077176e-02 0.0
459 -4.929748762974469e-03 -1.245112407668301e-02 0.0
460 -4.941138512279328e-03 -1.247989129964217e-02 0.0
461 -4.952874797766108e-03 -1.250953377308682e-02 0.0
462 -4.964968162891224e-03 -1.254007812674808e-02 0.0
463 -4.977429471898585e-03 -1.257155180057379e-02 0.0
464 -4.990269919579639e-03 -1.260398306937956e-02 0.0
465 -5.003501041330372e-03 -1.263740106824989e-02 0.0
466 -5.017134723514289e-03 -1.267183581871202e-02 0.0
467 -5.031183214140698e-03 -1.270731825570623e-02 0.0
468 -5.045659133867882e-03 -1.274388025537668e-02 0.0
469 -5.060575487341040e-03 -1.278155466370776e-02 0.0
470 -5.075945674875196e-03 -1.282037532603178e-02 0.0
471 -5.091783504493555e-03 -1.286037711743434e-02 0.0
472 -5.108103204332142e-03 -1.290159597408493e-02 0.0
473 -5.124919435421836e-03 -1.294406892552062e-02 0.0
474 -5.142247304859324e-03 -1.298783412791210e-02 0.0
475 -5.160102379378763e-03 -1.303293089834180e-02 0.0
476 -5.178500699336382e-03 -1.307939975012495e-02 0.0
477 -5.197458793120556e-03 -1.312728242920527e-02 0.0
478 -5.216993692000311e-03 -1.317662195165805e-02 0.0
479 -5.237122945425615e-03 -1.322746264233418e-02 0.0
480 -5.257864636793160e-03 -1.327985017468010e-02 0.0
481 -5.279237399691841e-03 -1.333383161176908e-02 0.0
482 -5.301260434642504e-03 -1.338945544858108e-02 0.0
483 -5.323953526346990e-03 -1.344677165556880e-02 0.0
484 -5.347337061462018e-03 -1.350583172354943e-02 0.0
485 -5.371432046913808e-03 -1.356668870996208e-02 0.0
486 -5.396260128769951e-03 -1.362939728653269e-02 0.0
487 -5.421843611685464e-03 -1.369401378838918e-02 0.0
488 -5.448205478940480e-03 -1.376059626467083e-02 0.0
489 -5.475369413087604e-03 -1.382920453067760e-02 0.0
490 -5.503359817227468e-03 -1.389990022160601e-02 0.0
491 -5.532201836931592e-03 -1.397274684791998e-02 0.0
492 -5.561921382832265e-03 -1.404780985240638e-02 0.0
493 -5.592545153899723e-03 -1.412515666896642e-02 0.0
494 -5.624100661427545e-03 -1.420485678319587e-02 0.0
495 -5.656616253747801e-03 -1.428698179480845e-02 0.0
496 -5.690121141698186e-03 -1.437160548195836e-02 0.0
497 -5.724645424863973e-03 -1.445880386751998e-02 0.0
498 -5.760220118618402e-03 -1.454865528738405e-02 0.0
499 -5.796877181985778e-03 -1.464124046083184e-02 0.0
500 -5.834649546352301e-03 -1.473664256305043e-02 0.0
501 -5.873571145050444e-03 -1.483494729985430e-02 0.0
502 -5.913676943843434e-03 -1.493624298468038e-02 0.0
503 -5.955002972337235e-03 -1.504062061792561e-02 0.0
504 -5.997586356348254e-03 -1.514817396869846e-02 0.0
505 -6.041465351255830e-03 -1.525899965905773e-02 0.0
506 -6.086679376369496e-03 -1.537319725081428e-02 0.0
507 -6.133269050341865e-03 -1.549086933497383e-02 0.0
508 -6.181276227658968e-03 -1.561212162390101e-02 0.0
509 -6.230744036240813e-03 -1.573706304628751e-02 0.0
510 -6.281716916185959e-03 -1.586580584500976e-02 0.0
511 -6.334240659694903e-03 -1.599846567796383e-02 0.0
512 -6.388362452208136e-03 -1.613516172196835e-02 0.0
513 -6.444130914795858e-03 -1.627601677982866e-02 0.0
514 -6.501596147837385e-03 -1.642115739065846e-02 0.0
515 -6.560809776029530e-03 -1.657071394355794e-02 0.0
516 -6.621824994764376e-03 -1.672482079475073e-02 0.0
517 -6.684696617918097e-03 -1.688361638828461e-02 0.0
518 -6.749481127093773e-03 -1.704724338040472e-02 0.0
519 -6.816236722362429e-03 -1.721584876771078e-02 0.0
520 -6.885023374547883e-03 -1.738958401921353e-02 0.0
521 -6.955902879102377e-03 -1.756860521240904e-02 0.0
522 -7.028938911621384e-03 -1.775307317349316e-02 0.0
523 -7.104197085047476e-03 -1.794315362184189e-02 0.0
524 -7.181745008614623e-03 -1.813901731888779e-02 0.0
525 -7.261652348585900e-03 -1.834084022152589e-02 0.0
526 -7.343990890839151e-03 -1.854880364018698e-02 0.0
527 -7.428834605356832e-03 -1.876309440172042e-02 0.0
528 -7.516259712677984e-03 -1.898390501723264e-02 0.0
529 -7.606344752372023e-03 -1.921143385503219e-02 0.0
530 -7.699170653595861e-03 -1.944588531883672e-02 0.0
531 -7.794820807797745e-03 -1.968747003140186e-02 0.0
532 -7.893381143633133e-03 -1.993640502373715e-02 0.0
533 -7.994940204159908e-03 -2.019291393007891e-02 0.0
534 -8.099589226382275e-03 -2.045722718879518e-02 0.0
535 -8.207422223214791e-03 -2.072958224940320e-02 0.0
536 -8.318536067940197e-03 -2.101022378588559e-02 0.0
537 -8.433030581236877e-03 -2.129940391649660e-02 0.0
538 -8.551008620854174e-03 -2.159738243025608e-02 0.0
539 -8.672576174016075e-03 -2.190442702033460e-02 0.0
540 -8.797842452636331e-03 -2.222081352453934e-02 0.0
541 -8.926919991430499e-03 -2.254682617311686e-02 0.0
542 -9.059924749013085e-03 -2.288275784409530e-02 0.0
543 -9.196976212070589e-03 -2.322891032639550e-02 0.0
544 -9.338197502704050e-03 -2.358559459094726e-02 0.0
545 -9.479418793337510e-03 -2.394227885549903e-02 0.0
546 -9.618055020563185e-03 -2.429243399518379e-02 0.0
547 -9.754153504107389e-03 -2.463617952598744e-02 0.0
548 -9.887760697506267e-03 -2.497363277614923e-02 0.0
549 -1.001892220396146e-02 -2.530490892620864e-02 0.0
550 -1.014768279190553e-02 -2.563012104831907e-02 0.0
551 -1.027408641028243e-02 -2.594938014484205e-02 0.0
552 -1.039817620354832e-02 -2.626279518623479e-02 0.0
553 -1.051999452639772e-02 -2.657047314824439e-02 0.0
554 -1.063958295822019e-02 -2.687251904842108e-02 0.0
555 -1.075698231729228e-02 -2.716903598196308e-02 0.0
556 -1.087223267470978e-02 -2.746012515690544e-02 0.0
557 -1.098537336806489e-02 -2.774588592866462e-02 0.0
558 -1.109644301487304e-02 -2.802641583395074e-02 0.0
559 -1.120547952575394e-02 -2.830181062405918e-02 0.0
560 -1.131252011737134e-02 -2.857216429755262e-02 0.0
561 -1.141760132513596e-02 -2.883756913234494e-02 0.0
562 -1.152075901567580e-02 -2.909811571719780e-02 0.0
563 -1.162202839907831e-02 -2.935389298264064e-02 0.0
564 -1.172144404090836e-02 -2.960498823132472e-02 0.0
565 -1.181903987400630e-02 -2.985148716782152e-02 0.0
566 -1.191484921006995e-02 -3.009347392787567e-02 0.0
567 -1.200890475102473e-02 -3.033103110712244e-02 0.0
568 -1.210123860018550e-02 -3.056423978927949e-02 0.0
569 -1.219188227321424e-02 -3.079317957382259e-02 0.0
570 -1.228086670887697e-02 -3.101792860315482e-02 0.0
571 -1.236822227960395e-02 -3.123856358927830e-02 0.0
572 -1.245397880185644e-02 -3.145515983997777e-02 0.0
573 -1.253816554630377e-02 -3.166779128452490e-02 0.0
574 -1.262081124781404e-02 -3.187653049891197e-02 0.0
575 -1.270345694932432e-02 -3.208526971329904e-02 0.0
576 -1.270345694932439e-02 -3.208526971329922e-02 0.0
577 -1.270345694932439e-02 -3.208526971329922e-02 0.0
578 -1.270345694932439e-02 -3.208526971329922e-02 0.0
579 -1.270345694932439e-02 -3.208526971329922e-02 0.0
580 -1.270345694932439e-02 -3.208526971329922e-02 0.0
581 -1.270345694932439e-02 -3.208526971329922e-02 0.0
582 -1.270345694932439e-02 -3.208526971329922e-02 0.0
583 -1.270345694932439e-02 -3.208526971329922e-02 0.0
584 -1.191337551292168e-02 -3.008975179376159e-02 0.0
585 -6.142359344796869e-03 -1.117291017055926e-02 0.0
586 -6.166447028501955e-03 -1.121672550456145e-02 0.0
587 -6.189059214865680e-03 -1.125785691886333e-02 0.0
588 -6.210286285862130e-03 -1.129646881766543e-02 0.0
589 -6.230213087094013e-03 -1.133271553454613e-02 0.0
590 -6.248919266924544e-03 -1.136674194934030e-02 0.0
591 -6.266479594835692e-03 -1.139868406723072e-02 0.0
592 -6.282964260285329e-03 -1.142866956236729e-02 0.0
593 -6.298439153257798e-03 -1.145681828818661e-02 0.0
594 -6.312966127629280e-03 -1.148324275647176e-02 0.0
595 -6.326603248400659e-03 -1.150804858706726e-02 0.0
596 -6.339405023786058e-03 -1.153133493004651e-02 0.0
597 -6.351422623084744e-03 -1.155319486201935e-02 0.0
598 -6.362704081207224e-03 -1.157371575816362e-02 0.0
599 -6.373294490673047e-03 -1.159297964146789e-02 0.0
600 -6.383236181847727e-03 -1.161106351058119e-02 0.0
601 -6.397797082286068e-03 -1.163754969015287e-02 0.0
602 -6.412770492766747e-03 -1.166478622270599e-02 0.0
603 -6.428168099691696e-03 -1.169279436572676e-02 0.0
604 -6.444001920538400e-03 -1.172159597892557e-02 0.0
605 -6.460284313239264e-03 -1.175121354129802e-02 0.0
606 -6.477027985826686e-03 -1.178167016866923e-02 0.0
607 -6.494246006351392e-03 -1.181298963173521e-02 0.0
608 -6.511951813081744e-03 -1.184519637461539e-02 0.0
609 -6.530159224992003e-03 -1.187831553393062e-02 0.0
610 -6.548882452547713e-03 -1.191237295842176e-02 0.0
611 -6.568136108796648e-03 -1.194739522912404e-02 0.0
612 -6.587935220773960e-03 -1.198340968011293e-02 0.0
613 -6.608295241230426e-03 -1.202044441983775e-02 0.0
614 -6.629232060692976e-03 -1.205852835305967e-02 0.0
615 -6.650762019866870e-03 -1.209769120341122e-02 0.0
616 -6.672901922389249e-03 -1.213796353659489e-02 0.0
617 -6.695669047943992e-03 -1.217937678423897e-02 0.0
618 -6.719081165748099e-03 -1.222196326842919e-02 0.0
619 -6.743156548420164e-03 -1.226575622693538e-02 0.0
620 -6.767913986241731e-03 -1.231078983915279e-02 0.0
621 -6.793372801822674e-03 -1.235709925277830e-02 0.0
622 -6.819552865182051e-03 -1.240472061124240e-02 0.0
623 -6.846474609256198e-03 -1.245369108191830e-02 0.0
624 -6.874159045846157e-03 -1.250404888513022e-02 0.0
625 -6.902627782016913e-03 -1.255583332398345e-02 0.0
626 -6.931903036961205e-03 -1.260908481503955e-02 0.0
627 -6.962007659341091e-03 -1.266384491986051e-02 0.0
628 -6.992965145120812e-03 -1.272015637744662e-02 0.0
629 -7.024799655904841e-03 -1.277806313759326e-02 0.0
630 -7.057536037795463e-03 -1.283761039519272e-02 0.0
631 -7.091199840784585e-03 -1.289884462550773e-02 0.0
632 -7.125817338694917e-03 -1.296181362044439e-02 0.0
633 -7.161415549686085e-03 -1.302656652585261e-02 0.0
634 -7.198022257341678e-03 -1.309315387988333e-02 0.0
635 -7.235666032353703e-03 -1.316162765243237e-02 0.0
636 -7.274376254821345e-03 -1.323204128570176e-02 0.0
637 -7.314183137181460e-03 -1.330444973591012e-02 0.0
638 -7.355117747788686e-03 -1.337890951618475e-02 0.0
639 -7.397212035163581e-03 -1.345547874066879e-02 0.0
640 -7.440498852927699e-03 -1.353421716987800e-02 0.0
641 -7.485011985445094e-03 -1.361518625734247e-02 0.0
642 -7.530786174190234e-03 -1.369844919756965e-02 0.0
643 -7.577857144862920e-03 -1.378407097536623e-02 0.0
644 -7.626261635271371e-03 -1.387211841655729e-02 0.0
645 -7.676037424005244e-03 -1.396266024014229e-02 0.0
646 -7.727223359920945e-03 -1.405576711192871e-02 0.0
647 -7.779859392462269e-03 -1.415151169968505e-02 0.0
648 -7.833986602840024e-03 -1.424996872985634e-02 0.0
649 -7.889647236094961e-03 -1.435121504588646e-02 0.0
650 -7.946884734069065e-03 -1.445532966819262e-02 0.0
651 -8.005743769310908e-03 -1.456239385583901e-02 0.0
652 -8.066270279941541e-03 -1.467249116995762e-02 0.0
653 -8.128511505508145e-03 -1.478570753896577e-02 0.0
654 -8.192516023853404e-03 -1.490213132563127e-02 0.0
655 -8.258333789029392e-03 -1.502185339603752e-02 0.0
656 -8.326016170285565e-03 -1.514496719050241e-02 0.0
657 -8.395615992161275e-03 -1.527156879650629e-02 0.0
658 -8.467187575714102e-03 -1.540175702368609e-02 0.0
659 -8.540786780916193e-03 -1.553563348095395e-02 0.0
660 -8.616471050251680e-03 -1.567330265580060e-02 0.0
661 -8.694299453549216e-03 -1.581487199584549e-02 0.0
662 -8.774332734084619e-03 -1.596045199269714e-02 0.0
663 -8.856633355989593e-03 -1.611015626818932e-02 0.0
664 -8.941265553003553e-03 -1.626410166306027e-02 0.0
665 -9.028295378606568e-03 -1.642240832814421e-02 0.0
666 -9.117790757572589e-03 -1.658519981814626e-02 0.0
667 -9.209821538983165e-03 -1.675260318807410e-02 0.0
668 -9.304459550743046e-03 -1.692474909240142e-02 0.0
669 -9.401778655640203e-03 -1.710177188704079e-02 0.0
670 -9.501854808994039e-03 -1.728380973420528e-02 0.0
671 -9.604766117936762e-03 -1.747100471024095e-02 0.0
672 -9.710592902374202e-03 -1.766350291651412e-02 0.0
673 -9.819417757673646e-03 -1.786145459344015e-02 0.0
674 -9.931325619127625e-03 -1.806501423774260e-02 0.0
675 -1.004640382824395e-02 -1.827434072303439e-02 0.0
676 -1.016474220091373e-02 -1.848959742381496e-02 0.0
677 -1.028643309751065e-02 -1.871095234298034e-02 0.0
678 -1.041157149497607e-02 -1.893857824294551e-02 0.0
679 -1.054025506094636e-02 -1.917265278048151e-02 0.0
680 -1.067258422998023e-02 -1.941335864537245e-02 0.0
681 -1.080866228194561e-02 -1.966088370300063e-02 0.0
682 -1.094859542262719e-02 -1.991542114097124e-02 0.0
683 -1.109249286661757e-02 -2.017716961989076e-02 0.0
684 -1.124046692255679e-02 -2.044633342841699e-02 0.0
685 -1.139263308078658e-02 -2.072312264270168e-02 0.0
686 -1.154911010348795e-02 -2.100775329035011e-02 0.0
687 -1.171002011737229e-02 -2.130044751902564e-02 0.0
688 -1.187548870899852e-02 -2.160143376983085e-02 0.0
689 -1.204564502279044e-02 -2.191094695560059e-02 0.0
690 -1.222062186183102e-02 -2.222922864424599e-02 0.0
691 -1.239559870087160e-02 -2.254751033289140e-02 0.0
692 -1.256567837282301e-02 -2.285688410767078e-02 0.0
693 -1.273099793722769e-02 -2.315759927896635e-02 0.0
694 -1.289169061767196e-02 -2.344989817958197e-02 0.0
695 -1.304788590914488e-02 -2.373401636002831e-02 0.0
696 -1.319970968239241e-02 -2.401018277834230e-02 0.0
697 -1.334728428535101e-02 -2.427861998459418e-02 0.0
698 -1.349072864174229e-02 -2.453954430023050e-02 0.0
699 -1.363015834690830e-02 -2.479316599239787e-02 0.0
700 -1.376568576096461e-02 -2.503968944338775e-02 0.0
701 -1.389742009934623e-02 -2.527931331533896e-02 0.0
702 -1.402546752081945e-02 -2.551223071033050e-02 0.0
703 -1.414993121303038e-02 -2.573862932599385e-02 0.0
704 -1.427091147565923e-02 -2.595869160677001e-02 0.0
705 -1.438850580124729e-02 -2.617259489093328e-02 0.0
706 -1.450280895376182e-02 -2.638051155350013e-02 0.0
707 -1.461391304496198e-02 -2.658260914513853e-02 0.0
708 -1.472190760862763e-02 -2.677905052718941e-02 0.0
709 -1.482687967271052e-02 -2.696999400290934e-02 0.0
710 -1.492891382946619e-02 -2.715559344503993e-02 0.0
711 -1.502809230362310e-02 -2.733599841980698e-02 0.0
712 -1.512449501864377e-02 -2.751135430744914e-02 0.0
713 -1.521819966113155e-02 -2.768180241937330e-02 0.0
714 -1.530928174343474e-02 -2.784748011203110e-02 0.0
715 -1.539781466449856e-02 -2.800852089760825e-02 0.0
716 -1.548386976901408e-02 -2.816505455161606e-02 0.0
717 -1.556751640491171e-02 -2.831720721747162e-02 0.0
718 -1.564882197924550e-02 -2.846510150815110e-02 0.0
719 -1.572785201251353e-02 -2.860885660499805e-02 0.0
720 -1.580467019145788e-02 -2.874858835376624e-02 0.0
721 -1.588148837040223e-02 -2.888832010253444e-02 0.0
722 -1.588148837040230e-02 -2.888832010253457e-02 0.0
723 -1.588148837040230e-02 -2.888832010253457e-02 0.0
724 -1.588148837040230e-02 -2.888832010253457e-02 0.0
725 -1.588148837040230e-02 -2.888832010253457e-02 0.0
726 -1.588148837040230e-02 -2.888832010253457e-02 0.0
727 -1.588148837040230e-02 -2.888832010253457e-02 0.0
728 -1.588148837040230e-02 -2.888832010253457e-02 0.0
729 -1.588148837040230e-02 -2.888832010253457e-02 0.0
730 -1.487887004585562e-02 -2.706456414058390e-02 0.0
731 -7.494261966729033e-03 -1.031496667828058e-02 0.0
732 -7.523651229343657e-03 -1.035541752799933e-02 0.0
733 -7.551240245019499e-03 -1.039339055037915e-02 0.0
734 -7.577139288351847e-03 -1.042903752537929e-02 0.0
735 -7.601451879036919e-03 -1.046250093563804e-02 0.0
736 -7.624275195644974e-03 -1.049391453598256e-02 0.0
737 -7.645700464047626e-03 -1.052340388805321e-02 0.0
738 -7.665813322051955e-03 -1.055108686217937e-02 0.0
739 -7.684694161698859e-03 -1.057707410851269e-02 0.0
740 -7.702418450593821e-03 -1.060146949930092e-02 0.0
741 -7.719057033554489e-03 -1.062437054407024e-02 0.0
742 -7.734676415780746e-03 -1.064586877937539e-02 0.0
743 -7.749339028679130e-03 -1.066605013467560e-02 0.0
744 -7.763103479404106e-03 -1.068499527579867e-02 0.0
745 -7.776024785113619e-03 -1.070277992736612e-02 0.0
746 -7.788154592875270e-03 -1.071947517546805e-02 0.0
747 -7.808025707185104e-03 -1.074682541794372e-02 0.0
748 -7.828422383243605e-03 -1.077489903410835e-02 0.0
749 -7.849358521386074e-03 -1.080371515613213e-02 0.0
750 -7.870848389591232e-03 -1.083329342220302e-02 0.0
751 -7.892906633204858e-03 -1.086365398991016e-02 0.0
752 -7.915548284920583e-03 -1.089481754998129e-02 0.0
753 -7.938788775024680e-03 -1.092680534038346e-02 0.0
754 -7.962643941911797e-03 -1.095963916079671e-02 0.0
755 -7.987130042878831e-03 -1.099334138747057e-02 0.0
756 -8.012263765204265e-03 -1.102793498847344e-02 0.0
757 -8.038062237520563e-03 -1.106344353934537e-02 0.0
758 -8.064543041487319e-03 -1.109989123916475e-02 0.0
759 -8.091724223773173e-03 -1.113730292704003e-02 0.0
760 -8.119624308354605e-03 -1.117570409903753e-02 0.0
761 -8.148262309140028e-03 -1.121512092555703e-02 0.0
762 -8.177657742927771e-03 -1.125558026916689e-02 0.0
763 -8.207830642706776e-03 -1.129710970291089e-02 0.0
764 -8.238801571309073e-03 -1.133973752909930e-02 0.0
765 -8.270591635423366e-03 -1.138349279859683e-02 0.0
766 -8.303222499979229e-03 -1.142840533062086e-02 0.0
767 -8.336716402911757e-03 -1.147450573306321e-02 0.0
768 -8.371096170316729e-03 -1.152182542334942e-02 0.0
769 -8.406385232006581e-03 -1.157039664984973e-02 0.0
770 -8.442607637477834e-03 -1.162025251385634e-02 0.0
771 -8.479788072300818e-03 -1.167142699214195e-02 0.0
772 -8.517951874942895e-03 -1.172395496011493e-02 0.0
773 -8.557125054036623e-03 -1.177787221558692e-02 0.0
774 -8.597334306104636e-03 -1.183321550316900e-02 0.0
775 -8.638607033753333e-03 -1.189002253931320e-02 0.0
776 -8.680971364347751e-03 -1.194833203801622e-02 0.0
777 -8.724456169180359e-03 -1.200818373720304e-02 0.0
778 -8.769091083146861e-03 -1.206961842580831e-02 0.0
779 -8.814906524942353e-03 -1.213267797157403e-02 0.0
780 -8.861933717791691e-03 -1.219740534958237e-02 0.0
781 -8.910204710728106e-03 -1.226384467154324e-02 0.0
782 -8.959752400434617e-03 -1.233204121585640e-02 0.0
783 -9.010610553663133e-03 -1.240204145846868e-02 0.0
784 -9.062813830246486e-03 -1.247389310454737e-02 0.0
785 -9.116397806719112e-03 -1.254764512099124e-02 0.0
786 -9.171399000562462e-03 -1.262334776980156e-02 0.0
787 -9.227854895091665e-03 -1.270105264233558e-02 0.0
788 -9.285803965000399e-03 -1.278081269446608e-02 0.0
789 -9.345285702581420e-03 -1.286268228267081e-02 0.0
790 -9.406340644640529e-03 -1.294671720107638e-02 0.0
791 -9.469010400122433e-03 -1.303297471948203e-02 0.0
792 -9.533337678467230e-03 -1.312151362238892e-02 0.0
793 -9.599366318716888e-03 -1.321239424906184e-02 0.0
794 -9.667141319391569e-03 -1.330567853465040e-02 0.0
795 -9.736708869156108e-03 -1.340143005239779e-02 0.0
796 -9.808116378297595e-03 -1.349971405696601e-02 0.0
797 -9.881412511035487e-03 -1.360059752890690e-02 0.0
798 -9.956647218686276e-03 -1.370414922030938e-02 0.0
799 -1.003387177370531e-02 -1.381043970165400e-02 0.0
800 -1.011313880462896e-02 -1.391954140990675e-02 0.0
801 -1.019450233194101e-02 -1.403152869788482e-02 0.0
802 -1.027801780488758e-02 -1.414647788492807e-02 0.0
803 -1.036374213926577e-02 -1.426446730891065e-02 0.0
804 -1.045173375621186e-02 -1.438557737962827e-02 0.0
805 -1.054205262201522e-02 -1.450989063359748e-02 0.0
806 -1.063476028898540e-02 -1.463749179030429e-02 0.0
807 -1.072991993740000e-02 -1.476846780994055e-02 0.0
808 -1.082759641856206e-02 -1.490290795266725e-02 0.0
809 -1.092785629899619e-02 -1.504090383944538e-02 0.0
810 -1.103076790581368e-02 -1.518254951447561e-02 0.0
811 -1.113640137327743e-02 -1.532794150928940e-02 0.0
812 -1.124482869059844e-02 -1.547717890853523e-02 0.0
813 -1.135612375099646e-02 -1.563036341750481e-02 0.0
814 -1.147036240205824e-02 -1.578759943144526e-02 0.0
815 -1.158762249742764e-02 -1.594899410670443e-02 0.0
816 -1.170798394986290e-02 -1.611465743375797e-02 0.0
817 -1.183152878569719e-02 -1.628470231216786e-02 0.0
818 -1.195834120073954e-02 -1.645924462752345e-02 0.0
819 -1.208850761765433e-02 -1.663840333041747e-02 0.0
820 -1.222211674485828e-02 -1.682230051751092e-02 0.0
821 -1.235925963697527e-02 -1.701106151474188e-02 0.0
822 -1.250002975689010e-02 -1.720481496273520e-02 0.0
823 -1.264452303944336e-02 -1.740369290447105e-02 0.0
824 -1.279283795681113e-02 -1.760783087527222e-02 0.0
825 -1.294507558561370e-02 -1.781736799517148e-02 0.0
826 -1.310133967579931e-02 -1.803244706372183e-02 0.0
827 -1.326173672134975e-02 -1.825321465731444e-02 0.0
828 -1.342637603285600e-02 -1.847982122907047e-02 0.0
829 -1.359536981201341e-02 -1.871242121137482e-02 0.0
830 -1.376883322808716e-02 -1.895117312112190e-02 0.0
831 -1.394688449640010e-02 -1.919623966774479e-02 0.0
832 -1.412964495889651e-02 -1.944778786410181e-02 0.0
833 -1.431723916683666e-02 -1.970598914029574e-02 0.0
834 -1.450979496567844e-02 -1.997101946050345e-02 0.0
835 -1.470744358220410e-02 -2.024305944289551e-02 0.0
836 -1.491031971395127e-02 -2.052229448272744e-02 0.0
837 -1.511319584569844e-02 -2.080152952255937e-02 0.0
838 -1.530857202636891e-02 -2.107044176532492e-02 0.0
839 -1.549672551512407e-02 -2.132941282552111e-02 0.0
840 -1.567792332137277e-02 -2.157881021007085e-02 0.0
841 -1.585242258368549e-02 -2.181898783985364e-02 0.0
842 -1.602047093470079e-02 -2.205028655195609e-02 0.0
843 -1.618230685254182e-02 -2.227303458335534e-02 0.0
844 -1.633815999924163e-02 -2.248754803672150e-02 0.0
845 -1.648825154665753e-02 -2.269413132900028e-02 0.0
846 -1.663279449033699e-02 -2.289307762341238e-02 0.0
847 -1.677199395178057e-02 -2.308466924548264e-02 0.0
848 -1.690604746953063e-02 -2.326917808368938e-02 0.0
849 -1.703514527949917e-02 -2.344686597530250e-02 0.0
850 -1.715947058493238e-02 -2.361798507795784e-02 0.0
851 -1.727919981639517e-02 -2.378277822749512e-02 0.0
852 -1.739450288214449e-02 -2.394147928256738e-02 0.0
853 -1.750554340924687e-02 -2.409431345651069e-02 0.0
854 -1.761247897578229e-02 -2.424149763694539e-02 0.0
855 -1.771546133446391e-02 -2.438324069356225e-02 0.0
856 -1.781463662799092e-02 -2.451974377453025e-02 0.0
857 -1.791014559644034e-02 -2.465120059194689e-02 0.0
858 -1.800212377699181e-02 -2.477779769673576e-02 0.0
859 -1.809070169626899e-02 -2.489971474338182e-02 0.0
860 -1.817600505557041e-02 -2.501712474487975e-02 0.0
861 -1.825815490925277e-02 -2.513019431825750e-02 0.0
862 -1.833726783651964e-02 -2.523908392102317e-02 0.0
863 -1.841345610685952e-02 -2.534394807887095e-02 0.0
864 -1.848682783936793e-02 -2.544493560496918e-02 0.0
865 -1.855748715617971e-02 -2.554218981114175e-02 0.0
866 -1.862553433022911e-02 -2.563584871124250e-02 0.0
867 -1.869358150427851e-02 -2.572950761134326e-02 0.0
868 -1.869358150427857e-02 -2.572950761134334e-02 0.0
869 -1.869358150427857e-02 -2.572950761134334e-02 0.0
870 -1.869358150427857e-02 -2.572950761134334e-02 0.0
871 -1.869358150427857e-02 -2.572950761134334e-02 0.0
872 -1.869358150427857e-02 -2.572950761134334e-02 0.0
873 -1.869358150427857e-02 -2.572950761134334e-02 0.0
874 -1.869358150427857e-02 -2.572950761134334e-02 0.0
875 -1.869358150427857e-02 -2.572950761134334e-02 0.0
876 -1.749597019525929e-02 -2.408113705785739e-02 0.0
877 -8.727975600590784e-03 -9.294349999622994e-03 0.0
878 -8.762202955887219e-03 -9.330798430994065e-03 0.0
879 -8.794333705617089e-03 -9.365014204204922e-03 0.0
880 -8.824496277900646e-03 -9.397134081312888e-03 0.0
881 -8.852811233960166e-03 -9.427286446979826e-03 0.0
882 -8.879391750008847e-03 -9.455591821631689e-03 0.0
883 -8.904344069621458e-03 -9.482163343184333e-03 0.0
884 -8.927767928394913e-03 -9.507107219261107e-03 0.0
885 -8.949756952596153e-03 -9.530523151709713e-03 0.0
886 -8.970399033390744e-03 -9.552504735115198e-03 0.0
887 -8.989776678148003e-03 -9.573139830901915e-03 0.0
888 -9.007967340226844e-03 -9.592510918519778e-03 0.0
889 -9.025043728560498e-03 -9.610695425118505e-03 0.0
890 -9.041074098277552e-03 -9.627766035027584e-03 0.0
891 -9.056122523520902e-03 -9.643790980278965e-03 0.0
892 -9.070249153555128e-03 -9.658834313333699e-03 0.0
893 -9.095698721748011e-03 -9.685935350842091e-03 0.0
894 -9.121780234012200e-03 -9.713709340435554e-03 0.0
895 -9.148509382296026e-03 -9.742172992341834e-03 0.0
896 -9.175902248198201e-03 -9.771343431724170e-03 0.0
897 -9.203975312643302e-03 -9.801238208984670e-03 0.0
898 -9.232745465797530e-03 -9.831875310323502e-03 0.0
899 -9.262230017230678e-03 -9.863273168560300e-03 0.0
900 -9.292446706330448e-03 -9.895450674224275e-03 0.0
901 -9.323413712975345e-03 -9.928427186919709e-03 0.0
902 -9.355149668472612e-03 -9.962222546973661e-03 0.0
903 -9.387673666767765e-03 -9.996857087372905e-03 0.0
904 -9.421005275932459e-03 -1.003235164599728e-02 0.0
905 -9.455164549937630e-03 -1.006872757815681e-02 0.0
906 -9.490172040718978e-03 -1.010600676944011e-02 0.0
907 -9.526048810542030e-03 -1.014421164888189e-02 0.0
908 -9.562816444674266e-03 -1.018336520245736e-02 0.0
909 -9.600497064371901e-03 -1.022349098691175e-02 0.0
910 -9.639113340189142e-03 -1.026461314393326e-02 0.0
911 -9.678688505617929e-03 -1.030675641467788e-02 0.0
912 -9.719246371066380e-03 -1.034994615465493e-02 0.0
913 -9.760811338184324e-03 -1.039420834898219e-02 0.0
914 -9.803408414544553e-03 -1.043956962801989e-02 0.0
915 -9.847063228688651e-03 -1.048605728339284e-02 0.0
916 -9.891802045546395e-03 -1.053369928441043e-02 0.0
917 -9.937651782238068e-03 -1.058252429489444e-02 0.0
918 -9.984640024269145e-03 -1.063256169042454e-02 0.0
919 -1.003279504212712e-02 -1.068384157601219e-02 0.0
920 -1.008214580829046e-02 -1.073639480421331e-02 0.0
921 -1.013272201465990e-02 -1.079025299369070e-02 0.0
922 -1.018455409042255e-02 -1.084544854823745e-02 0.0
923 -1.023767322035970e-02 -1.090201467627267e-02 0.0
924 -1.029211136360906e-02 -1.095998541082135e-02 0.0
925 -1.034790127289305e-02 -1.101939562999033e-02 0.0
926 -1.040507651422447e-02 -1.108028107795275e-02 0.0
927 -1.046367148710146e-02 -1.114267838645351e-02 0.0
928 -1.052372144520402e-02 -1.120662509684878e-02 0.0
929 -1.058526251760437e-02 -1.127215968269275e-02 0.0
930 -1.064833173050401e-02 -1.133932157288528e-02 0.0
931 -1.071296702951056e-02 -1.140815117539432e-02 0.0
932 -1.077920730246774e-02 -1.147868990156730e-02 0.0
933 -1.084709240285222e-02 -1.155098019104636e-02 0.0
934 -1.091666317375153e-02 -1.162506553730214e-02 0.0
935 -1.098796147243727e-02 -1.170099051380162e-02 0.0
936 -1.106103019554856e-02 -1.177880080082579e-02 0.0
937 -1.113591330490083e-02 -1.185854321295317e-02 0.0
938 -1.121265585393542e-02 -1.194026572722583e-02 0.0
939 -1.129130401482604e-02 -1.202401751201481e-02 0.0
940 -1.137190510625824e-02 -1.210984895660223e-02 0.0
941 -1.145450762189870e-02 -1.219781170149806e-02 0.0
942 -1.153916125957150e-02 -1.228795866950963e-02 0.0
943 -1.162591695115878e-02 -1.238034409758265e-02 0.0
944 -1.171482689324393e-02 -1.247502356943288e-02 0.0
945 -1.180594457851572e-02 -1.257205404898810e-02 0.0
946 -1.189932482795214e-02 -1.267149391466043e-02 0.0
947 -1.199502382380347e-02 -1.277340299446979e-02 0.0
948 -1.209309914339434e-02 -1.287784260203935e-02 0.0
949 -1.219360979376517e-02 -1.298487557348499e-02 0.0
950 -1.229661624717372e-02 -1.309456630522055e-02 0.0
951 -1.240218047747830e-02 -1.320698079270207e-02 0.0
952 -1.251036599742431e-02 -1.332218667013386e-02 0.0
953 -1.262123789685670e-02 -1.344025325116073e-02 0.0
954 -1.273486288188133e-02 -1.356125157057048e-02 0.0
955 -1.285130931499868e-02 -1.368525442703207e-02 0.0
956 -1.297064725623417e-02 -1.381233642689490e-02 0.0
957 -1.309294850528980e-02 -1.394257402907578e-02 0.0
958 -1.321828664474248e-02 -1.407604559106043e-02 0.0
959 -1.334673708431494e-02 -1.421283141604728e-02 0.0
960 -1.347837710624609e-02 -1.435301380126194e-02 0.0
961 -1.361328591178784e-02 -1.449667708747131e-02 0.0
962 -1.375154466885657e-02 -1.464390770972725e-02 0.0
963 -1.389323656086784e-02 -1.479479424937022e-02 0.0
964 -1.403844683678368e-02 -1.494942748732431e-02 0.0
965 -1.418726286240270e-02 -1.510790045871557e-02 0.0
966 -1.433977417292369e-02 -1.527030850884661e-02 0.0
967 -1.449607252681453e-02 -1.543674935056117e-02 0.0
968 -1.465625196101869e-02 -1.560732312303302e-02 0.0
969 -1.482040884753257e-02 -1.578213245201477e-02 0.0
970 -1.498864195138773e-02 -1.596128251158265e-02 0.0
971 -1.516105249007293e-02 -1.614488108741452e-02 0.0
972 -1.533774419443162e-02 -1.633303864163917e-02 0.0
973 -1.551882337107163e-02 -1.652586837929585e-02 0.0
974 -1.570439896632460e-02 -1.672348631644415e-02 0.0
975 -1.589458263179353e-02 -1.692601134996508e-02 0.0
976 -1.608948879152803e-02 -1.713356532909538e-02 0.0
977 -1.628923471086752e-02 -1.734627312873819e-02 0.0
978 -1.649394056699404e-02 -1.756426272459402e-02 0.0
979 -1.670372952123680e-02 -1.778766527015740e-02 0.0
980 -1.691872779317226e-02 -1.801661517562540e-02 0.0
981 -1.713906473656415e-02 -1.825125018876553e-02 0.0
982 -1.736487291718925e-02 -1.849171147779178e-02 0.0
983 -1.759068109781434e-02 -1.873217276681803e-02 0.0
984 -1.780634363905305e-02 -1.896183004724684e-02 0.0
985 -1.801231638797997e-02 -1.918116874690838e-02 0.0
986 -1.820903471030352e-02 -1.939065248319312e-02 0.0
987 -1.839691441060078e-02 -1.959072404300234e-02 0.0
988 -1.857635261120587e-02 -1.978180631866926e-02 0.0
989 -1.874772859160954e-02 -1.996430320182879e-02 0.0
990 -1.891140459014430e-02 -2.013860043712546e-02 0.0
991 -1.906772656964953e-02 -2.030506643756401e-02 0.0
992 -1.921702494873499e-02 -2.046405306322583e-02 0.0
993 -1.935961530018842e-02 -2.061589636499763e-02 0.0
994 -1.949579901800342e-02 -2.076091729488392e-02 0.0
995 -1.962586395443759e-02 -2.089942238440503e-02 0.0
996 -1.975008502844737e-02 -2.103170439251443e-02 0.0
997 -1.986872480678574e-02 -2.115804292440490e-02 0.0
998 -1.998203405899096e-02 -2.127870502251154e-02 0.0
999 -2.009025228743949e-02 -2.139394573096079e-02 0.0
1000 -2.019360823358349e-02 -2.150400863465858e-02 0.0
1001 -2.029232036144282e-02 -2.160912637415708e-02 0.0
1002 -2.038659731937362e-02 -2.170952113738824e-02 0.0
1003 -2.047663838108949e-02 -2.180540512930364e-02 0.0
1004 -2.056263386686738e-02 -2.189698102041328e-02 0.0
1005 -2.064476554582859e-02 -2.198444237517125e-02 0.0
1006 -2.072320702014517e-02 -2.206797406111402e-02 0.0
1007 -2.079812409198373e-02 -2.214775263961593e-02 0.0
1008 -2.086967511396239e-02 -2.222394673908790e-02 0.0
1009 -2.093801132386155e-02 -2.229671741140824e-02 0.0
1010 -2.100327716429602e-02 -2.236621847233885e-02 0.0
1011 -2.106561058802412e-02 -2.243259682664642e-02 0.0
1012 -2.112514334953922e-02 -2.249599277861585e-02 0.0
1013 -2.118467611105432e-02 -2.255938873058528e-02 0.0
1014 -2.118467611105438e-02 -2.255938873058533e-02 0.0
1015 -2.118467611105438e-02 -2.255938873058533e-02 0.0
1016 -2.118467611105438e-02 -2.255938873058533e-02 0.0
1017 -2.118467611105438e-02 -2.255938873058533e-02 0.0
1018 -2.118467611105438e-02 -2.255938873058533e-02 0.0
1019 -2.118467611105438e-02 -2.255938873058533e-02 0.0
1020 -2.118467611105438e-02 -2.255938873058533e-02 0.0
1021 -2.118467611105438e-02 -2.255938873058533e-02 0.0
1022 -1.980962912637924e-02 -2.109511241654157e-02 0.0
1023 -9.824043845391312e-03 -8.127155869295792e-03 0.0
1024 -9.862569507530101e-03 -8.159027068783227e-03 0.0
1025 -9.898735270196784e-03 -8.188945989642071e-03 0.0
1026 -9.932685689648391e-03 -8.217032219208383e-03 0.0
1027 -9.964556467310764e-03 -8.243398019464792e-03 0.0
1028 -9.994474992183552e-03 -8.268148775756929e-03 0.0
1029 -1.002256085002004e-02 -8.291383418023624e-03 0.0
1030 -1.004892630131702e-02 -8.313194816224527e-03 0.0
1031 -1.007367673002534e-02 -8.333670151545710e-03 0.0
1032 -1.009691106477445e-02 -8.352891264866980e-03 0.0
1033 -1.011872217429484e-02 -8.370934983883726e-03 0.0
1034 -1.013919723861870e-02 -8.387873430190844e-03 0.0
1035 -1.015841809754267e-02 -8.403774307556134e-03 0.0
1036 -1.017646157774528e-02 -8.418701172535467e-03 0.0
1037 -1.019339979986689e-02 -8.432713688511321e-03 0.0
1038 -1.020930046677921e-02 -8.445867864170137e-03 0.0
1039 -1.024021044883612e-02 -8.471438825176330e-03 0.0
1040 -1.027184748618596e-02 -8.497611258629544e-03 0.0
1041 -1.030422868040448e-02 -8.524399312183611e-03 0.0
1042 -1.033737153532552e-02 -8.551817466269221e-03 0.0
1043 -1.037129396650284e-02 -8.579880541921396e-03 0.0
1044 -1.040601431089445e-02 -8.608603708791079e-03 0.0
1045 -1.044155133677478e-02 -8.638002493345176e-03 0.0
1046 -1.047792425387997e-02 -8.668092787259479e-03 0.0
1047 -1.051515272379176e-02 -8.698890856008985e-03 0.0
1048 -1.055325687056573e-02 -8.730413347660306e-03 0.0
1049 -1.059225729160941e-02 -8.762677301870862e-03 0.0
1050 -1.063217506881637e-02 -8.795700159099759e-03 0.0
1051 -1.067303177996213e-02 -8.829499770035344e-03 0.0
1052 -1.071484951036813e-02 -8.864094405244471e-03 0.0
1053 -1.075765086484013e-02 -8.899502765048774e-03 0.0
1054 -1.080145897988728e-02 -8.935743989633222e-03 0.0
1055 -1.084629753622878e-02 -8.972837669392449e-03 0.0
1056 -1.089219077159454e-02 -9.010803855520458e-03 0.0
1057 -1.093916349382709e-02 -9.049663070849399e-03 0.0
1058 -1.098724109429153e-02 -9.089436320943304e-03 0.0
1059 -1.103644956160103e-02 -9.130145105452759e-03 0.0
1060 -1.108681549566509e-02 -9.171811429736654e-03 0.0
1061 -1.113836612206827e-02 -9.214457816757312e-03 0.0
1062 -1.119112930678713e-02 -9.258107319255394e-03 0.0
1063 -1.124513357125337e-02 -9.302783532211185e-03 0.0
1064 -1.130040810777117e-02 -9.348510605598997e-03 0.0
1065 -1.135698279529735e-02 -9.395313257441563e-03 0.0
1066 -1.141488821559253e-02 -9.443216787171511e-03 0.0
1067 -1.147415566975231e-02 -9.492247089307102e-03 0.0
1068 -1.153481719512722e-02 -9.542430667449666e-03 0.0
1069 -1.159690558264073e-02 -9.593794648610260e-03 0.0
1070 -1.166045439451452e-02 -9.646366797873332e-03 0.0
1071 -1.172549798241076e-02 -9.700175533405285e-03 0.0
1072 -1.179207150600107e-02 -9.755249941816081e-03 0.0
1073 -1.186021095197227e-02 -9.811619793882164e-03 0.0
1074 -1.192995315347921e-02 -9.869315560639217e-03 0.0
1075 -1.200133581005512e-02 -9.928368429853457e-03 0.0
1076 -1.207439750799030e-02 -9.988810322880343e-03 0.0
1077 -1.214917774119014e-02 -1.005067391191985e-02 0.0
1078 -1.222571693252380e-02 -1.011399263767761e-02 0.0
1079 -1.230405645567500e-02 -1.017880072744146e-02 0.0
1080 -1.238423865750678e-02 -1.024513321358319e-02 0.0
1081 -1.246630688095236e-02 -1.031302595249552e-02 0.0
1082 -1.255030548844438e-02 -1.038251564397442e-02 0.0
1083 -1.263627988589526e-02 -1.045363985105742e-02 0.0
1084 -1.272427654724164e-02 -1.052643702032852e-02 0.0
1085 -1.281434303956608e-02 -1.060094650270068e-02 0.0
1086 -1.290652804880977e-02 -1.067720857468720e-02 0.0
1087 -1.300088140608993e-02 -1.075526446017339e-02 0.0
1088 -1.309745411463632e-02 -1.083515635270040e-02 0.0
1089 -1.319629837736133e-02 -1.091692743827313e-02 0.0
1090 -1.329746762507852e-02 -1.100062191870470e-02 0.0
1091 -1.340101654538497e-02 -1.108628503550997e-02 0.0
1092 -1.350700111222298e-02 -1.117396309436110e-02 0.0
1093 -1.361547861613703e-02 -1.126370349011831e-02 0.0
1094 -1.372650769524257e-02 -1.135555473244948e-02 0.0
1095 -1.384014836692313e-02 -1.144956647205228e-02 0.0
1096 -1.395646206027308e-02 -1.154578952749314e-02 0.0
1097 -1.407551164930346e-02 -1.164427591267752e-02 0.0
1098 -1.419736148692886e-02 -1.174507886496632e-02 0.0
1099 -1.432207743975376e-02 -1.184825287395358e-02 0.0
1100 -1.444972692367708e-02 -1.195385371092121e-02 0.0
1101 -1.458037894033421e-02 -1.206193845898638e-02 0.0
1102 -1.471410411439625e-02 -1.217256554395819e-02 0.0
1103 -1.485097473174655e-02 -1.228579476592003e-02 0.0
1104 -1.499106477855526e-02 -1.240168733155485e-02 0.0
1105 -1.513444998127292e-02 -1.252030588723074e-02 0.0
1106 -1.528120784756487e-02 -1.264171455286485e-02 0.0
1107 -1.543141770820840e-02 -1.276597895658368e-02 0.0
1108 -1.558516075997550e-02 -1.289316627019879e-02 0.0
1109 -1.574252010952414e-02 -1.302334524551686e-02 0.0
1110 -1.590358081832212e-02 -1.315658625150387e-02 0.0
1111 -1.606842994862744e-02 -1.329296131232343e-02 0.0
1112 -1.623715661055037e-02 -1.343254414626985e-02 0.0
1113 -1.640985201022233e-02 -1.357541020561697e-02 0.0
1114 -1.658660949909793e-02 -1.372163671740429e-02 0.0
1115 -1.676752462441658e-02 -1.387130272518251e-02 0.0
1116 -1.695269518085110e-02 -1.402448913174090e-02 0.0
1117 -1.714222126337116e-02 -1.418127874283981e-02 0.0
1118 -1.733620532135018e-02 -1.434175631197175e-02 0.0
1119 -1.753475221394489e-02 -1.450600858617536e-02 0.0
1120 -1.773796926677755e-02 -1.467412435292703e-02 0.0
1121 -1.794596632995139e-02 -1.484619448813541e-02 0.0
1122 -1.815885583743070e-02 -1.502231200526494e-02 0.0
1123 -1.837675286781764e-02 -1.520257210561477e-02 0.0
1124 -1.859977520655860e-02 -1.538707222978034e-02 0.0
1125 -1.882804340961379e-02 -1.557591211032544e-02 0.0
1126 -1.906168086862440e-02 -1.576919382569321e-02 0.0
1127 -1.930081387761268e-02 -1.596702185538521e-02 0.0
1128 -1.954557170125087e-02 -1.616950313643836e-02 0.0
1129 -1.979032952488906e-02 -1.637198441749151e-02 0.0
1130 -2.002246805762125e-02 -1.656402611320006e-02 0.0
1131 -2.024263792830417e-02 -1.674616647056443e-02 0.0
1132 -2.045145622049378e-02 -1.691891598549878e-02 0.0
1133 -2.064950820198302e-02 -1.708275883362909e-02 0.0
1134 -2.083734896516768e-02 -1.723815422732182e-02 0.0
1135 -2.101550498283779e-02 -1.738553770274648e-02 0.0
1136 -2.118447558375507e-02 -1.752532234057946e-02 0.0
1137 -2.134473435215219e-02 -1.765789992377049e-02 0.0
1138 -2.149673045507623e-02 -1.778364203561669e-02 0.0
1139 -2.164088990129666e-02 -1.790290110122178e-02 0.0
1140 -2.177761673530611e-02 -1.801601137525944e-02 0.0
1141 -2.190729416976064e-02 -1.812328987880935e-02 0.0
1142 -2.203028565953319e-02 -1.822503728789154e-02 0.0
1143 -2.214693592039085e-02 -1.832153877618945e-02 0.0
1144 -2.225757189515075e-02 -1.841306481432364e-02 0.0
1145 -2.236250367002274e-02 -1.849987192791634e-02 0.0
1146 -2.246202534370691e-02 -1.858220341657148e-02 0.0
1147 -2.255641585168204e-02 -1.866029003578539e-02 0.0
1148 -2.264593974799509e-02 -1.873435064369933e-02 0.0
1149 -2.273084794674301e-02 -1.880459281450654e-02 0.0
1150 -2.281137842532502e-02 -1.887121342023318e-02 0.0
1151 -2.288775689143642e-02 -1.893439918252355e-02 0.0
1152 -2.296019741567334e-02 -1.899432719597629e-02 0.0
1153 -2.302890303152146e-02 -1.905116542449820e-02 0.0
1154 -2.309406630441043e-02 -1.910507317206699e-02 0.0
1155 -2.315586987142871e-02 -1.915620152922224e-02 0.0
1156 -2.321448695321176e-02 -1.920469379653613e-02 0.0
1157 -2.327008183943804e-02 -1.925068588625067e-02 0.0
1158 -2.332281034929381e-02 -1.929430670320728e-02 0.0
1159 -2.337553885914957e-02 -1.933792752016389e-02 0.0
1160 -2.337553885914962e-02 -1.933792752016393e-02 0.0
1161 -2.337553885914962e-02 -1.933792752016393e-02 0.0
1162 -2.337553885914962e-02 -1.933792752016393e-02 0.0
1163 -2.337553885914962e-02 -1.933792752016393e-02 0.0
1164 -2.337553885914962e-02 -1.933792752016393e-02 0.0
1165 -2.337553885914962e-02 -1.933792752016393e-02 0.0
1166 -2.337553885914962e-02 -1.933792752016393e-02 0.0
1167 -2.337553885914962e-02 -1.933792752016393e-02 0.0
1168 -2.184209248309299e-02 -1.806935035259912e-02 0.0
1169 -1.076518105015069e-02 -6.831791635982204e-03 0.0
1170 -1.080739744642579e-02 -6.858582975731154e-03 0.0
1171 -1.084702786634765e-02 -6.883733204983343e-03 0.0
1172 -1.088423071457156e-02 -6.907342850389841e-03 0.0
1173 -1.091915469263437e-02 -6.929506280815510e-03 0.0
1174 -1.095193939332156e-02 -6.950312084535811e-03 0.0
1175 -1.098271585862616e-02 -6.969843423328308e-03 0.0
1176 -1.101160710352977e-02 -6.988178364874214e-03 0.0
1177 -1.103872860769925e-02 -7.005390194798586e-03 0.0
1178 -1.106418877706436e-02 -7.021547709596429e-03 0.0
1179 -1.108808937712141e-02 -7.036715491615516e-03 0.0
1180 -1.111052593969470e-02 -7.050954167195086e-03 0.0
1181 -1.113158814478176e-02 -7.064320648992164e-03 0.0
1182 -1.115136017900849e-02 -7.076868363464150e-03 0.0
1183 -1.116992107212709e-02 -7.088647464416868e-03 0.0
1184 -1.118734501290170e-02 -7.099705033471702e-03 0.0
1185 -1.122318320591611e-02 -7.122448642347757e-03 0.0
1186 -1.125982922852542e-02 -7.145704915473864e-03 0.0
1187 -1.129730129003650e-02 -7.169485408827556e-03 0.0
1188 -1.133561801021266e-02 -7.193801938869948e-03 0.0
1189 -1.137479842852576e-02 -7.218666588417293e-03 0.0
1190 -1.141486201361686e-02 -7.244091712644906e-03 0.0
1191 -1.145582867297013e-02 -7.270089945226414e-03 0.0
1192 -1.149771876280487e-02 -7.296674204611392e-03 0.0
1193 -1.154055309819037e-02 -7.323857700444509e-03 0.0
1194 -1.158435296338895e-02 -7.351653940129359e-03 0.0
1195 -1.162914012243199e-02 -7.380076735540256e-03 0.0
1196 -1.167493682993447e-02 -7.409140209885311e-03 0.0
1197 -1.172176584215316e-02 -7.438858804724223e-03 0.0
1198 -1.176965042829420e-02 -7.469247287144242e-03 0.0
1199 -1.181861438207547e-02 -7.500320757097898e-03 0.0
1200 -1.186868203354965e-02 -7.532094654906125e-03 0.0
1201 -1.191987826119371e-02 -7.564584768930510e-03 0.0
1202 -1.197222850427101e-02 -7.597807243418494e-03 0.0
1203 -1.202575877547197e-02 -7.631778586525394e-03 0.0
1204 -1.208049567383970e-02 -7.666515678517266e-03 0.0
1205 -1.213646639798700e-02 -7.702035780158663e-03 0.0
1206 -1.219369875961127e-02 -7.738356541289453e-03 0.0
1207 -1.225222119731409e-02 -7.775496009594986e-03 0.0
1208 -1.231206279073224e-02 -7.813472639573930e-03 0.0
1209 -1.237325327498730e-02 -7.852305301708270e-03 0.0
1210 -1.243582305546101e-02 -7.892013291839981e-03 0.0
1211 -1.249980322290351e-02 -7.932616340759100e-03 0.0
1212 -1.256522556888236e-02 -7.974134624007886e-03 0.0
1213 -1.263212260157959e-02 -8.016588771905996e-03 0.0
1214 -1.270052756194500e-02 -8.059999879801626e-03 0.0
1215 -1.277047444021344e-02 -8.104389518553747e-03 0.0
1216 -1.284199799279448e-02 -8.149779745250588e-03 0.0
1217 -1.291513375954279e-02 -8.196193114169756e-03 0.0
1218 -1.298991808141779e-02 -8.243652687985381e-03 0.0
1219 -1.306638811854134e-02 -8.292182049227903e-03 0.0
1220 -1.314458186866254e-02 -8.341805312002164e-03 0.0
1221 -1.322453818603871e-02 -8.392547133969643e-03 0.0
1222 -1.330629680074190e-02 -8.444432728600768e-03 0.0
1223 -1.338989833840075e-02 -8.497487877703434e-03 0.0
1224 -1.347538434038715e-02 -8.551738944233903e-03 0.0
1225 -1.356279728445812e-02 -8.607212885396485e-03 0.0
1226 -1.365218060586282e-02 -8.663937266038502e-03 0.0
1227 -1.374357871892547e-02 -8.721940272347179e-03 0.0
1228 -1.383703703911463e-02 -8.781250725855283e-03 0.0
1229 -1.393260200561010e-02 -8.841898097762469e-03 0.0
1230 -1.403032110437835e-02 -8.903912523579423e-03 0.0
1231 -1.413024289176821e-02 -8.967324818102130e-03 0.0
1232 -1.423241701863836e-02 -9.032166490723652e-03 0.0
1233 -1.433689425502873e-02 -9.098469761091058e-03 0.0
1234 -1.444372651538794e-02 -9.166267575115279e-03 0.0
1235 -1.455296688436953e-02 -9.235593621341836e-03 0.0
1236 -1.466466964320949e-02 -9.306482347690593e-03 0.0
1237 -1.477889029669850e-02 -9.378968978572821e-03 0.0
1238 -1.489568560076211e-02 -9.453089532394125e-03 0.0
1239 -1.501511359066258e-02 -9.528880839451871e-03 0.0
1240 -1.513723360983646e-02 -9.606380560236076e-03 0.0
1241 -1.526210633938216e-02 -9.685627204142793e-03 0.0
1242 -1.538979382821225e-02 -9.766660148609321e-03 0.0
1243 -1.552035952388535e-02 -9.849519658680748e-03 0.0
1244 -1.565386830413308e-02 -9.934246907017538e-03 0.0
1245 -1.579038650909761e-02 -1.002088399435412e-02 0.0
1246 -1.592998197429590e-02 -1.010947397041860e-02 0.0
1247 -1.607272406432695e-02 -1.020006085532409e-02 0.0
1248 -1.621868370733894e-02 -1.029268966144215e-02 0.0
1249 -1.636793343027316e-02 -1.038740641576933e-02 0.0
1250 -1.652054739490250e-02 -1.048425818279783e-02 0.0
1251 -1.667660143468220e-02 -1.058329308790174e-02 0.0
1252 -1.683617309243127e-02 -1.068456034125041e-02 0.0
1253 -1.699934165886334e-02 -1.078811026226082e-02 0.0
1254 -1.716618821198599e-02 -1.089399430460118e-02 0.0
1255 -1.733679565738815e-02 -1.100226508175810e-02 0.0
1256 -1.751124876943567e-02 -1.111297639318009e-02 0.0
1257 -1.768963423339551e-02 -1.122618325101037e-02 0.0
1258 -1.787204068850936e-02 -1.134194190742224e-02 0.0
1259 -1.805855877203824e-02 -1.146030988257062e-02 0.0
1260 -1.824928116429993e-02 -1.158134599317367e-02 0.0
1261 -1.844430263472152e-02 -1.170511038173865e-02 0.0
1262 -1.864372008893014e-02 -1.183166454644656e-02 0.0
1263 -1.884763261690500e-02 -1.196107137171042e-02 0.0
1264 -1.905614154221504e-02 -1.209339515942236e-02 0.0
1265 -1.926935047236623e-02 -1.222870166090505e-02 0.0
1266 -1.948736535028392e-02 -1.236705810958335e-02 0.0
1267 -1.971029450695555e-02 -1.250853325439241e-02 0.0
1268 -1.993824871526002e-02 -1.265319739393882e-02 0.0
1269 -2.017134124501043e-02 -1.280112241143182e-02 0.0
1270 -2.040968791923757e-02 -1.295238181040183e-02 0.0
1271 -2.065340717174199e-02 -1.310705075122417e-02 0.0
1272 -2.090262010594349e-02 -1.326520608846604e-02 0.0
1273 -2.115745055505705e-02 -1.342692640907535e-02 0.0
1274 -2.141802514362520e-02 -1.359229207143032e-02 0.0
1275 -2.167859973219335e-02 -1.375765773378530e-02 0.0
1276 -2.192441631989720e-02 -1.391365768399861e-02 0.0
1277 -2.215631074645046e-02 -1.406082236208224e-02 0.0
1278 -2.237507151263297e-02 -1.419965216584721e-02 0.0
1279 -2.258144246139646e-02 -1.433061915238502e-02 0.0
1280 -2.277612530712214e-02 -1.445416864318334e-02 0.0
1281 -2.295978202163038e-02 -1.457072073833382e-02 0.0
1282 -2.313303708505536e-02 -1.468067174498055e-02 0.0
1283 -2.329647960923842e-02 -1.478439552486645e-02 0.0
1284 -2.345066534086005e-02 -1.488224476555950e-02 0.0
1285 -2.359611855112171e-02 -1.497455217968129e-02 0.0
1286 -2.373333381840300e-02 -1.506163163621568e-02 0.0
1287 -2.386277770995553e-02 -1.514377922774412e-02 0.0
1288 -2.398489036835171e-02 -1.522127427723676e-02 0.0
1289 -2.410008700808292e-02 -1.529438028782243e-02 0.0
1290 -2.420875932739571e-02 -1.536334583876720e-02 0.0
1291 -2.431127684016670e-02 -1.542840543070790e-02 0.0
1292 -2.440798813234499e-02 -1.548978028301467e-02 0.0
1293 -2.449922204723412e-02 -1.554767908599381e-02 0.0
1294 -2.458528880364403e-02 -1.560229871048858e-02 0.0
1295 -2.466648105071493e-02 -1.565382487729074e-02 0.0
1296 -2.474307486299972e-02 -1.570243278863915e-02 0.0
1297 -2.481533067918862e-02 -1.574828772395242e-02 0.0
1298 -2.488349418766774e-02 -1.579154560182159e-02 0.0
1299 -2.494779716192296e-02 -1.583235351017343e-02 0.0
1300 -2.500845824862939e-02 -1.587085020640733e-02 0.0
1301 -2.506568371110645e-02 -1.590716658920616e-02 0.0
1302 -2.511966813066625e-02 -1.594142614362553e-02 0.0
1303 -2.517059506824018e-02 -1.597374536097478e-02 0.0
1304 -2.521863768853335e-02 -1.600423413491741e-02 0.0
1305 -2.526668030882653e-02 -1.603472290886004e-02 0.0
1306 -2.526668030882658e-02 -1.603472290886007e-02 0.0
1307 -2.526668030882658e-02 -1.603472290886007e-02 0.0
1308 -2.526668030882658e-02 -1.603472290886007e-02 0.0
1309 -2.526668030882658e-02 -1.603472290886007e-02 0.0
1310 -2.526668030882658e-02 -1.603472290886007e-02 0.0
1311 -2.526668030882658e-02 -1.603472290886007e-02 0.0
1312 -2.526668030882658e-02 -1.603472290886007e-02 0.0
1313 -2.526668030882658e-02 -1.603472290886007e-02 0.0
1314 -2.359606798457967e-02 -1.497452008917790e-02 0.0
1315 -1.153654491894175e-02 -5.428685967454676e-03 0.0
1316 -1.158178627156505e-02 -5.449974932032930e-03 0.0
1317 -1.162425635334585e-02 -5.469959835539139e-03 0.0
1318 -1.166412491920166e-02 -5.488720558574042e-03 0.0
1319 -1.170155132566829e-02 -5.506332088631368e-03 0.0
1320 -1.173668516785542e-02 -5.522864819826378e-03 0.0
1321 -1.176966687738531e-02 -5.538384834264463e-03 0.0
1322 -1.180062828370462e-02 -5.552954166174430e-03 0.0
1323 -1.182969314101290e-02 -5.566631049862237e-03 0.0
1324 -1.185697762291396e-02 -5.579470152476259e-03 0.0
1325 -1.188259078676725e-02 -5.591522792514451e-03 0.0
1326 -1.190663500959523e-02 -5.602837144946811e-03 0.0
1327 -1.192920639728921e-02 -5.613458433772990e-03 0.0
1328 -1.195039516874906e-02 -5.623429112784763e-03 0.0
1329 -1.197028601649243e-02 -5.632789035255826e-03 0.0
1330 -1.198895844517476e-02 -5.641575613237213e-03 0.0
1331 -1.202885449050505e-02 -5.660349267131271e-03 0.0
1332 -1.206962327376692e-02 -5.679533600322793e-03 0.0
1333 -1.211128388636382e-02 -5.699137596544317e-03 0.0
1334 -1.215385583732937e-02 -5.719170436050223e-03 0.0
1335 -1.219735906246311e-02 -5.739641499915696e-03 0.0
1336 -1.224181393366618e-02 -5.760560374429754e-03 0.0
1337 -1.228724126848117e-02 -5.781936855584355e-03 0.0
1338 -1.233366233984061e-02 -5.803780953661711e-03 0.0
1339 -1.238109888602881e-02 -5.826102897921955e-03 0.0
1340 -1.242957312086157e-02 -5.848913141393347e-03 0.0
1341 -1.247910774408854e-02 -5.872222365767267e-03 0.0
1342 -1.252972595202320e-02 -5.896041486400291e-03 0.0
1343 -1.258145144840532e-02 -5.920381657425688e-03 0.0
1344 -1.263430845550107e-02 -5.945254276976731e-03 0.0
1345 -1.268832172544595e-02 -5.970670992524266e-03 0.0
1346 -1.274351655183582e-02 -5.996643706331054e-03 0.0
1347 -1.279991878157154e-02 -6.023184581025412e-03 0.0
1348 -1.285755482696265e-02 -6.050306045296795e-03 0.0
1349 -1.291645167809586e-02 -6.078020799715957e-03 0.0
1350 -1.297663691547410e-02 -6.106341822682438e-03 0.0
1351 -1.303813872293208e-02 -6.135282376502156e-03 0.0
1352 -1.310098590083430e-02 -6.164856013597934e-03 0.0
1353 -1.316520787956188e-02 -6.195076582855906e-03 0.0
1354 -1.323083473329431e-02 -6.225958236110731e-03 0.0
1355 -1.329789719409278e-02 -6.257515434772687e-03 0.0
1356 -1.336642666629150e-02 -6.289762956599731e-03 0.0
1357 -1.343645524120389e-02 -6.322715902617698e-03 0.0
1358 -1.350801571215046e-02 -6.356389704191881e-03 0.0
1359 -1.358114158981542e-02 -6.390800130253308e-03 0.0
1360 -1.365586711793923e-02 -6.425963294683095e-03 0.0
1361 -1.373222728935441e-02 -6.461895663858324e-03 0.0
1362 -1.381025786237218e-02 -6.498614064363010e-03 0.0
1363 -1.388999537752750e-02 -6.536135690867725e-03 0.0
1364 -1.397147717469049e-02 -6.574478114181607e-03 0.0
1365 -1.405474141055207e-02 -6.613659289480503e-03 0.0
1366 -1.413982707649224e-02 -6.653697564715104e-03 0.0
1367 -1.422677401683907e-02 -6.694611689203015e-03 0.0
1368 -1.431562294752725e-02 -6.736420822408773e-03 0.0
1369 -1.440641547516471e-02 -6.779144542915939e-03 0.0
1370 -1.449919411651640e-02 -6.822802857595444e-03 0.0
1371 -1.459400231841420e-02 -6.867416210974513e-03 0.0
1372 -1.469088447810249e-02 -6.913005494810519e-03 0.0
1373 -1.478988596402859e-02 -6.959592057874282e-03 0.0
1374 -1.489105313708824e-02 -7.007197715947373e-03 0.0
1375 -1.499443337233563e-02 -7.055844762038113e-03 0.0
1376 -1.510007508116843e-02 -7.105555976821052e-03 0.0
1377 -1.520802773399812e-02 -7.156354639304813e-03 0.0
1378 -1.531834188341626e-02 -7.208264537733300e-03 0.0
1379 -1.543106918786746e-02 -7.261309980725372e-03 0.0
1380 -1.554626243584026e-02 -7.315515808658200e-03 0.0
1381 -1.566397557058722e-02 -7.370907405299641e-03 0.0
1382 -1.578426371538565e-02 -7.427510709695070e-03 0.0
1383 -1.590718319935107e-02 -7.485352228314240e-03 0.0
1384 -1.603279158381527e-02 -7.544459047463867e-03 0.0
1385 -1.616114768928137e-02 -7.604858845971729e-03 0.0
1386 -1.629231162296864e-02 -7.666579908148248e-03 0.0
1387 -1.642634480695972e-02 -7.729651137031601e-03 0.0
1388 -1.656331000696372e-02 -7.794102067922574e-03 0.0
1389 -1.670327136170839e-02 -7.859962882215497e-03 0.0
1390 -1.684629441297539e-02 -7.927264421531733e-03 0.0
1391 -1.699244613629243e-02 -7.996038202162346e-03 0.0
1392 -1.714179497229694e-02 -8.066316429826694e-03 0.0
1393 -1.729441085878578e-02 -8.138132014753888e-03 0.0
1394 -1.745036526346606e-02 -8.211518587094150e-03 0.0
1395 -1.760973121742236e-02 -8.286510512667303e-03 0.0
1396 -1.777258334931610e-02 -8.363142909055760e-03 0.0
1397 -1.793899792033297e-02 -8.441451662049562e-03 0.0
1398 -1.810905285989497e-02 -8.521473442451145e-03 0.0
1399 -1.828282780215350e-02 -8.603245723247728e-03 0.0
1400 -1.846040412328085e-02 -8.686806797159337e-03 0.0
1401 -1.864186497957745e-02 -8.772195794570706e-03 0.0
1402 -1.882729534641268e-02 -8.859452701855451e-03 0.0
1403 -1.901678205801756e-02 -8.948618380101074e-03 0.0
1404 -1.921041384814789e-02 -9.039734584243597e-03 0.0
1405 -1.940828139163695e-02 -9.132843982620761e-03 0.0
1406 -1.961047734685713e-02 -9.227990176952968e-03 0.0
1407 -1.981709639911044e-02 -9.325217722761304e-03 0.0
1408 -2.002823530496822e-02 -9.424572150232208e-03 0.0
1409 -2.024399293758074e-02 -9.526099985538579e-03 0.0
1410 -2.046447033297806e-02 -9.629848772627266e-03 0.0
1411 -2.068977073738361e-02 -9.735867095483191e-03 0.0
1412 -2.091999965556285e-02 -9.844204600880483e-03 0.0
1413 -2.115526490022959e-02 -9.954912021631311e-03 0.0
1414 -2.139567664253300e-02 -1.006804120034330e-02 0.0
1415 -2.164134746364911e-02 -1.018364511369662e-02 0.0
1416 -2.189239240750087e-02 -1.030177789725220e-02 0.0
1417 -2.214892903463147e-02 -1.042249487080253e-02 0.0
1418 -2.241107747725618e-02 -1.054585256427714e-02 0.0
1419 -2.267896049551843e-02 -1.067190874421468e-02 0.0
1420 -2.295270353497651e-02 -1.080072244081412e-02 0.0
1421 -2.322644657443458e-02 -1.092953613741357e-02 0.0
1422 -2.348372590411672e-02 -1.105060260025622e-02 0.0
1423 -2.372553169984667e-02 -1.116438777071684e-02 0.0
1424 -2.395279458536813e-02 -1.127132956708846e-02 0.0
1425 -2.416638921398168e-02 -1.137183956997280e-02 0.0
1426 -2.436713763477145e-02 -1.146630460630623e-02 0.0
1427 -2.455581245637710e-02 -1.155508823811794e-02 0.0
1428 -2.473313982048725e-02 -1.163853216174970e-02 0.0
1429 -2.489980219649826e-02 -1.171695752292244e-02 0.0
1430 -2.505644100809410e-02 -1.179066615271098e-02 0.0
1431 -2.520365910185593e-02 -1.185994172918346e-02 0.0
1432 -2.534202306740226e-02 -1.192505086917644e-02 0.0
1433 -2.547206541798914e-02 -1.198624415440751e-02 0.0
1434 -2.559428663996255e-02 -1.204375709587431e-02 0.0
1435 -2.570915711895082e-02 -1.209781104025193e-02 0.0
1436 -2.581711895021007e-02 -1.214861402177680e-02 0.0
1437 -2.591858764009028e-02 -1.219636156289583e-02 0.0
1438 -2.601395370517009e-02 -1.224123742676215e-02 0.0
1439 -2.610358417521503e-02 -1.228341432447357e-02 0.0
1440 -2.618782400574336e-02 -1.232305457977557e-02 0.0
1441 -2.626699740563609e-02 -1.236031075378722e-02 0.0
1442 -2.634140908490065e-02 -1.239532623215415e-02 0.0
1443 -2.641134542739033e-02 -1.242823577688842e-02 0.0
1444 -2.647707559299304e-02 -1.245916604501922e-02 0.0
1445 -2.653885255353106e-02 -1.248823607605027e-02 0.0
1446 -2.659691406635889e-02 -1.251555775010019e-02 0.0
1447 -2.665148358940593e-02 -1.254123621848892e-02 0.0
1448 -2.670277114118592e-02 -1.256537030842740e-02 0.0
1449 -2.675097410908280e-02 -1.258805290336810e-02 0.0
1450 -2.679627800902397e-02 -1.260937130048003e-02 0.0
1451 -2.684158190896514e-02 -1.263068969759196e-02 0.0
1452 -2.684158190896518e-02 -1.263068969759197e-02 0.0
1453 -2.684158190896518e-02 -1.263068969759197e-02 0.0
1454 -2.684158190896518e-02 -1.263068969759197e-02 0.0
1455 -2.684158190896518e-02 -1.263068969759197e-02 0.0
1456 -2.684158190896518e-02 -1.263068969759197e-02 0.0
1457 -2.684158190896518e-02 -1.263068969759197e-02 0.0
1458 -2.684158190896518e-02 -1.263068969759197e-02 0.0
1459 -2.684158190896518e-02 -1.263068969759197e-02 0.0
1460 -2.505744536082492e-02 -1.179113876523185e-02 0.0
1461 -1.212597058276321e-02 -3.939966678280578e-03 0.0
1462 -1.217352340857797e-02 -3.955417527999325e-03 0.0
1463 -1.221816337365763e-02 -3.969921931892858e-03 0.0
1464 -1.226006890604548e-02 -3.983537864746795e-03 0.0
1465 -1.229940750412849e-02 -3.996319750086155e-03 0.0
1466 -1.233633640613632e-02 -4.008318677708754e-03 0.0
1467 -1.237100321862990e-02 -4.019582607893531e-03 0.0
1468 -1.240354650649181e-02 -4.030156563100042e-03 0.0
1469 -1.243409634677663e-02 -4.040082807925352e-03 0.0
1470 -1.246277484863510e-02 -4.049401018037621e-03 0.0
1471 -1.248969664139010e-02 -4.058148438761619e-03 0.0
1472 -1.251496933271546e-02 -4.066360033950043e-03 0.0
1473 -1.253869393874893e-02 -4.074068625735683e-03 0.0
1474 -1.256096528785841e-02 -4.081305025723033e-03 0.0
1475 -1.258187239967543e-02 -4.088098158143726e-03 0.0
1476 -1.260149884091078e-02 -4.094475175468052e-03 0.0
1477 -1.264440024988560e-02 -4.108414688240112e-03 0.0
1478 -1.268822295496640e-02 -4.122653548263070e-03 0.0
1479 -1.273298674073685e-02 -4.137198183937840e-03 0.0
1480 -1.277871181664916e-02 -4.152055161713495e-03 0.0
1481 -1.282541882614806e-02 -4.167231189051824e-03 0.0
1482 -1.287312885599062e-02 -4.182733117455532e-03 0.0
1483 -1.292186344576632e-02 -4.198567945561486e-03 0.0
1484 -1.297164459762145e-02 -4.214742822300379e-03 0.0
1485 -1.302249478619243e-02 -4.231265050124247e-03 0.0
1486 -1.307443696875238e-02 -4.248142088303303e-03 0.0
1487 -1.312749459557566e-02 -4.265381556293559e-03 0.0
1488 -1.318169162052485e-02 -4.282991237176778e-03 0.0
1489 -1.323705251186526e-02 -4.300979081174289e-03 0.0
1490 -1.329360226331155e-02 -4.319353209236263e-03 0.0
1491 -1.335136640531160e-02 -4.338121916708074e-03 0.0
1492 -1.341037101657274e-02 -4.357293677075383e-03 0.0
1493 -1.347064273583543e-02 -4.376877145789653e-03 0.0
1494 -1.353220877389989e-02 -4.396881164175819e-03 0.0
1495 -1.359509692591084e-02 -4.417314763423865e-03 0.0
1496 -1.365933558390620e-02 -4.438187168666129e-03 0.0
1497 -1.372495374963522e-02 -4.459507803142162e-03 0.0
1498 -1.379198104765179e-02 -4.481286292453019e-03 0.0
1499 -1.386044773868909e-02 -4.503532468906932e-03 0.0
1500 -1.393038473332131e-02 -4.526256375958273e-03 0.0
1501 -1.400182360591881e-02 -4.549468272741876e-03 0.0
1502 -1.407479660890302e-02 -4.573178638704705e-03 0.0
1503 -1.414933668730731e-02 -4.597398178337004e-03 0.0
1504 -1.422547749365072e-02 -4.622137826005036e-03 0.0
1505 -1.430325340313101e-02 -4.647408750887610e-03 0.0
1506 -1.438269952914396e-02 -4.673222362018619e-03 0.0
1507 -1.446385173913598e-02 -4.699590313437855e-03 0.0
1508 -1.454674667079717e-02 -4.726524509452454e-03 0.0
1509 -1.463142174860205e-02 -4.754037110011313e-03 0.0
1510 -1.471791520070558e-02 -4.782140536194929e-03 0.0
1511 -1.480626607620198e-02 -4.810847475823129e-03 0.0
1512 -1.489651426275413e-02 -4.840170889183226e-03 0.0
1513 -1.498870050460167e-02 -4.870124014881180e-03 0.0
1514 -1.508286642095569e-02 -4.900720375818424e-03 0.0
1515 -1.517905452478856e-02 -4.931973785297020e-03 0.0
1516 -1.527730824202718e-02 -4.963898353255945e-03 0.0
1517 -1.537767193115842e-02 -4.996508492641281e-03 0.0
1518 -1.548019090325563e-02 -5.029818925913215e-03 0.0
1519 -1.558491144243512e-02 -5.063844691692764e-03 0.0
1520 -1.569188082675209e-02 -5.098601151551251e-03 0.0
1521 -1.580114734954505e-02 -5.134103996945570e-03 0.0
1522 -1.591276034123892e-02 -5.170369256302387e-03 0.0
1523 -1.602677019161605e-02 -5.207413302254483e-03 0.0
1524 -1.614322837256569e-02 -5.245252859032476e-03 0.0
1525 -1.626218746132193e-02 -5.283905010015297e-03 0.0
1526 -1.638370116420069e-02 -5.323387205442799e-03 0.0
1527 -1.650782434084644e-02 -5.363717270293999e-03 0.0
1528 -1.663461302899959e-02 -5.404913412334491e-03 0.0
1529 -1.676412446979586e-02 -5.446994230336699e-03 0.0
1530 -1.689641713360875e-02 -5.489978722476624e-03 0.0
1531 -1.703155074644718e-02 -5.533886294910945e-03 0.0
1532 -1.716958631691991e-02 -5.578736770538280e-03 0.0
1533 -1.731058616377897e-02 -5.624550397948611e-03 0.0
1534 -1.745461394405468e-02 -5.671347860564895e-03 0.0
1535 -1.760173468179480e-02 -5.719150285980974e-03 0.0
1536 -1.775201479742084e-02 -5.767979255500035e-03 0.0
1537 -1.790552213771485e-02 -5.817856813877884e-03 0.0
1538 -1.806232600645006e-02 -5.868805479275476e-03 0.0
1539 -1.822249719567945e-02 -5.920848253425151e-03 0.0
1540 -1.838610801769608e-02 -5.974008632015210e-03 0.0
1541 -1.855323233767987e-02 -6.028310615297475e-03 0.0
1542 -1.872394560704543e-02 -6.083778718922659e-03 0.0
1543 -1.889832489750599e-02 -6.140437985008415e-03 0.0
1544 -1.907644893586891e-02 -6.198313993445071e-03 0.0
1545 -1.925839813957832e-02 -6.257432873444154e-03 0.0
1546 -1.944425465302118e-02 -6.317821315334913e-03 0.0
1547 -1.963410238461278e-02 -6.379506582614164e-03 0.0
1548 -1.982802704467890e-02 -6.442516524254918e-03 0.0
1549 -2.002611618415126e-02 -6.506879587279314e-03 0.0
1550 -2.022845923409406e-02 -6.572624829601566e-03 0.0
1551 -2.043514754607931e-02 -6.639781933146706e-03 0.0
1552 -2.064627443342923e-02 -6.708381217251042e-03 0.0
1553 -2.086193521334430e-02 -6.778453652350396e-03 0.0
1554 -2.108222724993596e-02 -6.850030873962289e-03 0.0
1555 -2.130724999818354e-02 -6.923145196968386e-03 0.0
1556 -2.153710504883501e-02 -6.997829630203660e-03 0.0
1557 -2.177189617427207e-02 -7.074117891358853e-03 0.0
1558 -2.201172937536014e-02 -7.152044422202953e-03 0.0
1559 -2.225671292930443e-02 -7.231644404132590e-03 0.0
1560 -2.250695743853372e-02 -7.312953774055324e-03 0.0
1561 -2.276257588063392e-02 -7.396009240614050e-03 0.0
1562 -2.302368365935390e-02 -7.480848300759795e-03 0.0
1563 -2.329039865670671e-02 -7.567509256680430e-03 0.0
1564 -2.356284128618960e-02 -7.656031233092904e-03 0.0
1565 -2.384113454714697e-02 -7.746454194906840e-03 0.0
1566 -2.412540408030076e-02 -7.838818965267436e-03 0.0
1567 -2.440967361345454e-02 -7.931183735628034e-03 0.0
1568 -2.467623971638404e-02 -8.017796312817876e-03 0.0
1569 -2.492620490415032e-02 -8.099014925695699e-03 0.0
1570 -2.516060303057513e-02 -8.175175493731207e-03 0.0
1571 -2.538040356425115e-02 -8.246593016365050e-03 0.0
1572 -2.558651559825566e-02 -8.313562875843745e-03 0.0
1573 -2.577979161015151e-02 -8.376362058918051e-03 0.0
1574 -2.596103098782677e-02 -8.435250302457739e-03 0.0
1575 -2.613098333575612e-02 -8.490471167721012e-03 0.0
1576 -2.629035157535827e-02 -8.542253047721715e-03 0.0
1577 -2.643979485227285e-02 -8.590810111860850e-03 0.0
1578 -2.657993126258096e-02 -8.636343191729332e-03 0.0
1579 -2.671134040924514e-02 -8.679040611745681e-03 0.0
1580 -2.683456579934211e-02 -8.719078968064172e-03 0.0
1581 -2.695011709200333e-02 -8.756623858974973e-03 0.0
1582 -2.705847220636059e-02 -8.791830569817218e-03 0.0
1583 -2.716007929821546e-02 -8.824844715237810e-03 0.0
1584 -2.725535861360765e-02 -8.855802841452322e-03 0.0
1585 -2.734470422694902e-02 -8.884832990998940e-03 0.0
1586 -2.742848567091181e-02 -8.912055232321286e-03 0.0
1587 -2.750704946481261e-02 -8.937582156370437e-03 0.0
1588 -2.758072054781313e-02 -8.961519342280113e-03 0.0
1589 -2.764980362286577e-02 -8.983965794041055e-03 0.0
1590 -2.771458441696237e-02 -9.005014349980647e-03 0.0
1591 -2.777533086289847e-02 -9.024752066741434e-03 0.0
1592 -2.783229420744107e-02 -9.043260579346627e-03 0.0
1593 -2.788571005048303e-02 -9.060616438841844e-03 0.0
1594 -2.793579931948213e-02 -9.076891428909559e-03 0.0
1595 -2.798276918321512e-02 -9.092152862765787e-03 0.0
1596 -2.802681390862600e-02 -9.106463861566948e-03 0.0
1597 -2.807085863403687e-02 -9.120774860368112e-03 0.0
1598 -2.807085863403691e-02 -9.120774860368124e-03 0.0
1599 -2.807085863403691e-02 -9.120774860368124e-03 0.0
1600 -2.807085863403691e-02 -9.120774860368124e-03 0.0
1601 -2.807085863403691e-02 -9.120774860368124e-03 0.0
1602 -2.807085863403691e-02 -9.120774860368124e-03 0.0
1603 -2.807085863403691e-02 -9.120774860368124e-03 0.0
1604 -2.807085863403691e-02 -9.120774860368124e-03 0.0
1605 -2.807085863403691e-02 -9.120774860368124e-03 0.0
1606 -2.619914074577197e-02 -8.512616852679383e-03 0.0
1607 -1.252416244679078e-02 -2.389111760967985e-03 0.0
1608 -1.257327680932721e-02 -2.398480826697271e-03 0.0
1609 -1.261938265878981e-02 -2.407275987864216e-03 0.0
1610 -1.266266428243078e-02 -2.415532399142315e-03 0.0
1611 -1.270329467893867e-02 -2.423283061796380e-03 0.0
1612 -1.274143624992229e-02 -2.430558955590148e-03 0.0
1613 -1.277724144903758e-02 -2.437389162613858e-03 0.0
1614 -1.281085339135208e-02 -2.443800983526731e-03 0.0
1615 -1.284240642538258e-02 -2.449820046678997e-03 0.0
1616 -1.287202667009244e-02 -2.455470410549615e-03 0.0
1617 -1.289983251899510e-02 -2.460774659909144e-03 0.0
1618 -1.292593511337846e-02 -2.465753996092143e-03 0.0
1619 -1.295043878654188e-02 -2.470428321739895e-03 0.0
1620 -1.297344148082129e-02 -2.474816320352206e-03 0.0
1621 -1.299503513906929e-02 -2.478935530966234e-03 0.0
1622 -1.301530607215512e-02 -2.482802418260847e-03 0.0
1623 -1.306014000076944e-02 -2.491354947549567e-03 0.0
1624 -1.310592744533065e-02 -2.500089369733135e-03 0.0
1625 -1.315268868495970e-02 -2.509009553260763e-03 0.0
1626 -1.320044443006844e-02 -2.518119448854804e-03 0.0
1627 -1.324921583153218e-02 -2.527423091260510e-03 0.0
1628 -1.329902449005737e-02 -2.536924601033012e-03 0.0
1629 -1.334989246574850e-02 -2.546628186362299e-03 0.0
1630 -1.340184228787839e-02 -2.556538144937017e-03 0.0
1631 -1.345489696486643e-02 -2.566658865847895e-03 0.0
1632 -1.350907999446885e-02 -2.576994831531669e-03 0.0
1633 -1.356441537418589e-02 -2.587550619756331e-03 0.0
1634 -1.362092761189012e-02 -2.598330905648615e-03 0.0
1635 -1.367864173668101e-02 -2.609340463764593e-03 0.0
1636 -1.373758330997017e-02 -2.620584170204313e-03 0.0
1637 -1.379777843680244e-02 -2.632067004771409e-03 0.0
1638 -1.385925377741775e-02 -2.643794053178641e-03 0.0
1639 -1.392203655905884e-02 -2.655770509300340e-03 0.0
1640 -1.398615458803014e-02 -2.668001677472761e-03 0.0
1641 -1.405163626201309e-02 -2.680492974843358e-03 0.0
1642 -1.411851058264338e-02 -2.693249933770022e-03 0.0
1643 -1.418680716835571e-02 -2.706278204271343e-03 0.0
1644 -1.425655626750167e-02 -2.719583556528990e-03 0.0
1645 -1.432778877174669e-02 -2.733171883443304e-03 0.0
1646 -1.440053622975182e-02 -2.747049203243248e-03 0.0
1647 -1.447483086114655e-02 -2.761221662151862e-03 0.0
1648 -1.455070557079882e-02 -2.775695537108405e-03 0.0
1649 -1.462819396338844e-02 -2.790477238548392e-03 0.0
1650 -1.470733035829053e-02 -2.805573313242763e-03 0.0
1651 -1.478814980477545e-02 -2.820990447197418e-03 0.0
1652 -1.487068809753202e-02 -2.836735468614436e-03 0.0
1653 -1.495498179252089e-02 -2.852815350916265e-03 0.0
1654 -1.504106822316508e-02 -2.869237215834224e-03 0.0
1655 -1.512898551688478e-02 -2.886008336562703e-03 0.0
1656 -1.521877261198393e-02 -2.903136140980435e-03 0.0
1657 -1.531046927489586e-02 -2.920628214940283e-03 0.0
1658 -1.540411611779571e-02 -2.938492305628989e-03 0.0
1659 -1.549975461658745e-02 -2.956736324998380e-03 0.0
1660 -1.559742712927342e-02 -2.975368353269552e-03 0.0
1661 -1.569717691471460e-02 -2.994396642511569e-03 0.0
1662 -1.579904815178977e-02 -3.013829620296284e-03 0.0
1663 -1.590308595896225e-02 -3.033675893430883e-03 0.0
1664 -1.600933641426272e-02 -3.053944251769815e-03 0.0
1665 -1.611784657569702e-02 -3.074643672107791e-03 0.0
1666 -1.622866450208802e-02 -3.095783322155582e-03 0.0
1667 -1.634183927436074e-02 -3.117372564600365e-03 0.0
1668 -1.645742101728008e-02 -3.139420961252434e-03 0.0
1669 -1.657546092165102e-02 -3.161938277280094e-03 0.0
1670 -1.669601126699080e-02 -3.184934485534629e-03 0.0
1671 -1.681912544468339e-02 -3.208419770967239e-03 0.0
1672 -1.694485798162636e-02 -3.232404535139934e-03 0.0
1673 -1.707326456438070e-02 -3.256899400832347e-03 0.0
1674 -1.720440206383422e-02 -3.281915216746536e-03 0.0
1675 -1.733832856038946e-02 -3.307463062311839e-03 0.0
1676 -1.747510336968739e-02 -3.333554252591919e-03 0.0
1677 -1.761478706887808e-02 -3.360200343296172e-03 0.0
1678 -1.775744152345015e-02 -3.387413135897719e-03 0.0
1679 -1.790312991463080e-02 -3.415204682860238e-03 0.0
1680 -1.805191676736861e-02 -3.443587292975967e-03 0.0
1681 -1.820386797891142e-02 -3.472573536817229e-03 0.0
1682 -1.835905084799204e-02 -3.502176252303904e-03 0.0
1683 -1.851753410463462e-02 -3.532408550389300e-03 0.0
1684 -1.867938794059502e-02 -3.563283820866958e-03 0.0
1685 -1.884468404044851e-02 -3.594815738300948e-03 0.0
1686 -1.901349561333861e-02 -3.627018268082300e-03 0.0
1687 -1.918589742540128e-02 -3.659905672614221e-03 0.0
1688 -1.936196583287852e-02 -3.693492517628881e-03 0.0
1689 -1.954177881593641e-02 -3.727793678638527e-03 0.0
1690 -1.972541601320223e-02 -3.762824347523805e-03 0.0
1691 -1.991295875703617e-02 -3.798600039262194e-03 0.0
1692 -2.010449010955325e-02 -3.835136598799547e-03 0.0
1693 -2.030009489941118e-02 -3.872450208067766e-03 0.0
1694 -2.049985975938081e-02 -3.910557393151735e-03 0.0
1695 -2.070387316471544e-02 -3.949475031608669e-03 0.0
1696 -2.091222547233634e-02 -3.989220359943135e-03 0.0
1697 -2.112500896085144e-02 -4.029810981241049e-03 0.0
1698 -2.134231787142537e-02 -4.071264872966027e-03 0.0
1699 -2.156424844951847e-02 -4.113600394921551e-03 0.0
1700 -2.179089898751372e-02 -4.156836297382471e-03 0.0
1701 -2.202236986825004e-02 -4.200991729399442e-03 0.0
1702 -2.225876360948164e-02 -4.246086247279985e-03 0.0
1703 -2.250018490928276e-02 -4.292139823249916e-03 0.0
1704 -2.274674069241814e-02 -4.339172854298978e-03 0.0
1705 -2.299854015769970e-02 -4.387206171214616e-03 0.0
1706 -2.325569482635036e-02 -4.436261047807863e-03 0.0
1707 -2.351831859139642e-02 -4.486359210335451e-03 0.0
1708 -2.378652776811047e-02 -4.537522847122298e-03 0.0
1709 -2.406044114552707e-02 -4.589774618388659e-03 0.0
1710 -2.434018003905404e-02 -4.643137666286262e-03 0.0
1711 -2.462586834420270e-02 -4.697635625147900e-03 0.0
1712 -2.491763259146083e-02 -4.753292631955009e-03 0.0
1713 -2.520939683871897e-02 -4.808949638762119e-03 0.0
1714 -2.548266704606758e-02 -4.861078718776250e-03 0.0
1715 -2.573861549391932e-02 -4.909903496445977e-03 0.0
1716 -2.597834015543043e-02 -4.955633421352613e-03 0.0
1717 -2.620286940660958e-02 -4.998464666711531e-03 0.0
1718 -2.641316643786738e-02 -5.038580970920233e-03 0.0
1719 -2.661013338593135e-02 -5.076154425763290e-03 0.0
1720 -2.679461520385143e-02 -5.111346214655373e-03 0.0
1721 -2.696740328569774e-02 -5.144307304089334e-03 0.0
1722 -2.712923886149993e-02 -5.175179091255517e-03 0.0
1723 -2.728081617699163e-02 -5.204094010610462e-03 0.0
1724 -2.742278547180079e-02 -5.231176101997084e-03 0.0
1725 -2.755575576886159e-02 -5.256541542753465e-03 0.0
1726 -2.768029748701413e-02 -5.280299146092892e-03 0.0
1727 -2.779694488799944e-02 -5.302550827893119e-03 0.0
1728 -2.790619836834698e-02 -5.323392043897299e-03 0.0
1729 -2.800852660598644e-02 -5.342912199202072e-03 0.0
1730 -2.810436857079241e-02 -5.361195031789483e-03 0.0
1731 -2.819413540768677e-02 -5.378318971747972e-03 0.0
1732 -2.827821220037702e-02 -5.394357477723453e-03 0.0
1733 -2.835695962329667e-02 -5.409379352043797e-03 0.0
1734 -2.843071548883418e-02 -5.423449035868536e-03 0.0
1735 -2.849979619648777e-02 -5.436626885629937e-03 0.0
1736 -2.856449809016285e-02 -5.448969431951321e-03 0.0
1737 -2.862509872943444e-02 -5.460529622153343e-03 0.0
1738 -2.868185808022822e-02 -5.471357047388558e-03 0.0
1739 -2.873501963002792e-02 -5.481498155378602e-03 0.0
1740 -2.878481143239323e-02 -5.490996449666634e-03 0.0
1741 -2.883144708526878e-02 -5.499892676239770e-03 0.0
1742 -2.887512664728127e-02 -5.508224998322092e-03 0.0
1743 -2.891880620929376e-02 -5.516557320404413e-03 0.0
1744 -2.891880620929381e-02 -5.516557320404421e-03 0.0
1745 -2.891880620929381e-02 -5.516557320404421e-03 0.0
1746 -2.891880620929381e-02 -5.516557320404421e-03 0.0
1747 -2.891880620929381e-02 -5.516557320404421e-03 0.0
1748 -2.891880620929381e-02 -5.516557320404421e-03 0.0
1749 -2.891880620929381e-02 -5.516557320404421e-03 0.0
1750 -2.891880620929381e-02 -5.516557320404421e-03 0.0
1751 -2.891880620929381e-02 -5.516557320404421e-03 0.0
1752 -2.698743646734949e-02 -5.148128837872303e-03 0.0
1753 -1.272484078746046e-02 -8.005791239987451e-04 0.0
1754 -1.277474212388188e-02 -8.037186499752107e-04 0.0
1755 -1.282158674093909e-02 -8.066658634699899e-04 0.0
1756 -1.286556187877317e-02 -8.094325446342548e-04 0.0
1757 -1.290684330808158e-02 -8.120297520229486e-04 0.0
1758 -1.294559603268190e-02 -8.144678667963500e-04 0.0
1759 -1.298197494903987e-02 -8.167566342140600e-04 0.0
1760 -1.301612546539787e-02 -8.189052025872637e-04 0.0
1761 -1.304818408297850e-02 -8.209221598449610e-04 0.0
1762 -1.307827894158641e-02 -8.228155678603233e-04 0.0
1763 -1.310653033178913e-02 -8.245929946743803e-04 0.0
1764 -1.313305117572413e-02 -8.262615447458367e-04 0.0
1765 -1.315794747845393e-02 -8.278278873479282e-04 0.0
1766 -1.318131875167332e-02 -8.292982832258206e-04 0.0
1767 -1.320325841146232e-02 -8.306786096211035e-04 0.0
1768 -1.322385415167460e-02 -8.319743837634018e-04 0.0
1769 -1.326961997574031e-02 -8.348537253560852e-04 0.0
1770 -1.331635536028663e-02 -8.377940665237883e-04 0.0
1771 -1.336408084569593e-02 -8.407966995578333e-04 0.0
1772 -1.341281740750373e-02 -8.438629441270579e-04 0.0
1773 -1.346258646561755e-02 -8.469941478578164e-04 0.0
1774 -1.351340989373102e-02 -8.501916869262653e-04 0.0
1775 -1.356531002893748e-02 -8.534569666631992e-04 0.0
1776 -1.361830968154720e-02 -8.567914221716985e-04 0.0
1777 -1.367243214511259e-02 -8.601965189578628e-04 0.0
1778 -1.372770120666584e-02 -8.636737535749068e-04 0.0
1779 -1.378414115717337e-02 -8.672246542809010e-04 0.0
1780 -1.384177680221186e-02 -8.708507817104469e-04 0.0
1781 -1.390063347287033e-02 -8.745537295605820e-04 0.0
1782 -1.396073703688329e-02 -8.783351252912164e-04 0.0
1783 -1.402211390999974e-02 -8.821966308404067e-04 0.0
1784 -1.408479106759290e-02 -8.861399433547854e-04 0.0
1785 -1.414879605651611e-02 -8.901667959354622e-04 0.0
1786 -1.421415700720966e-02 -8.942789583997297e-04 0.0
1787 -1.428090264606434e-02 -8.984782380589038e-04 0.0
1788 -1.434906230804670e-02 -9.027664805126456e-04 0.0
1789 -1.441866594959196e-02 -9.071455704601078e-04 0.0
1790 -1.448974416176993e-02 -9.116174325282687e-04 0.0
1791 -1.456232818372991e-02 -9.161840321178127e-04 0.0
1792 -1.463644991643044e-02 -9.208473762669308e-04 0.0
1793 -1.471214193665990e-02 -9.256095145334233e-04 0.0
1794 -1.478943751135407e-02 -9.304725398954866e-04 0.0
1795 -1.486837061221715e-02 -9.354385896715864e-04 0.0
1796 -1.494897593065244e-02 -9.405098464598169e-04 0.0
1797 -1.503128889300930e-02 -9.456885390971613e-04 0.0
1798 -1.511534567615324e-02 -9.509769436390743e-04 0.0
1799 -1.520118322336573e-02 -9.563773843598172e-04 0.0
1800 -1.528883926058093e-02 -9.618922347739853e-04 0.0
1801 -1.537835231296642e-02 -9.675239186796772e-04 0.0
1802 -1.546976172185513e-02 -9.732749112237629e-04 0.0
1803 -1.556310766203599e-02 -9.791477399897208e-04 0.0
1804 -1.565843115941095e-02 -9.851449861085204e-04 0.0
1805 -1.575577410902598e-02 -9.912692853930388e-04 0.0
1806 -1.585517929348414e-02 -9.975233294965116e-04 0.0
1807 -1.595669040174868e-02 -1.003909867095524e-03 0.0
1808 -1.606035204834450e-02 -1.010431705098066e-03 0.0
1809 -1.616620979296644e-02 -1.017091709877178e-03 0.0
1810 -1.627431016050292e-02 -1.023892808530732e-03 0.0
1811 -1.638470066148378e-02 -1.030837990167906e-03 0.0
1812 -1.649742981296140e-02 -1.037930307222907e-03 0.0
1813 -1.661254715983409e-02 -1.045172876796526e-03 0.0
1814 -1.673010329662129e-02 -1.052568882026117e-03 0.0
1815 -1.685014988970004e-02 -1.060121573484601e-03 0.0
1816 -1.697273970001255e-02 -1.067834270609100e-03 0.0
1817 -1.709792660625484e-02 -1.075710363159848e-03 0.0
1818 -1.722576562855667e-02 -1.083753312709999e-03 0.0
1819 -1.735631295266305e-02 -1.091966654167007e-03 0.0
1820 -1.748962595462811e-02 -1.100353997326224e-03 0.0
1821 -1.762576322603213e-02 -1.108919028457427e-03 0.0
1822 -1.776478459973269e-02 -1.117665511924943e-03 0.0
1823 -1.790675117616154e-02 -1.126597291842104e-03 0.0
1824 -1.805172535017838e-02 -1.135718293760747e-03 0.0
1825 -1.819977083849374e-02 -1.145032526396511e-03 0.0
1826 -1.835095270767262e-02 -1.154544083390685e-03 0.0
1827 -1.850533740273158e-02 -1.164257145109376e-03 0.0
1828 -1.866299277634154e-02 -1.174175980480796e-03 0.0
1829 -1.882398811864928e-02 -1.184304948871476e-03 0.0
1830 -1.898839418773079e-02 -1.194648502002219e-03 0.0
1831 -1.915628324068964e-02 -1.205211185904655e-03 0.0
1832 -1.932772906541430e-02 -1.215997642919235e-03 0.0
1833 -1.950280701300820e-02 -1.227012613735557e-03 0.0
1834 -1.968159403090683e-02 -1.238260939475922e-03 0.0
1835 -1.986416869669642e-02 -1.249747563823020e-03 0.0
1836 -2.005061125264912e-02 -1.261477535192705e-03 0.0
1837 -2.024100364098978e-02 -1.273456008952784e-03 0.0
1838 -2.043542953990983e-02 -1.285688249688831e-03 0.0
1839 -2.063397440034426e-02 -1.298179633517986e-03 0.0
1840 -2.083672548352755e-02 -1.310935650451779e-03 0.0
1841 -2.104377189934537e-02 -1.323961906809018e-03 0.0
1842 -2.125520464549870e-02 -1.337264127679780e-03 0.0
1843 -2.147111664749768e-02 -1.350848159441615e-03 0.0
1844 -2.169160279950272e-02 -1.364719972329051e-03 0.0
1845 -2.191676000603088e-02 -1.378885663057531e-03 0.0
1846 -2.214668722454573e-02 -1.393351457502950e-03 0.0
1847 -2.238148550894960e-02 -1.408123713437947e-03 0.0
1848 -2.262125805399709e-02 -1.423208923326171e-03 0.0
1849 -2.286611024064962e-02 -1.438613717175744e-03 0.0
1850 -2.311614968239078e-02 -1.454344865453177e-03 0.0
1851 -2.337148627252280e-02 -1.470409282059014e-03 0.0
1852 -2.363223223246514e-02 -1.486814027366520e-03 0.0
1853 -2.389850216107625e-02 -1.503566311324741e-03 0.0
1854 -2.417041308502016e-02 -1.520673496627305e-03 0.0
1855 -2.444808451020019e-02 -1.538143101948353e-03 0.0
1856 -2.473163847428223e-02 -1.555982805247028e-03 0.0
1857 -2.502119960033081e-02 -1.574200447141966e-03 0.0
1858 -2.531689515158136e-02 -1.592804034357280e-03 0.0
1859 -2.561259070283192e-02 -1.611407621572593e-03 0.0
1860 -2.588941182258861e-02 -1.628823730210867e-03 0.0
1861 -2.614856327758771e-02 -1.645128157770436e-03 0.0
1862 -2.639117293355321e-02 -1.660391863548028e-03 0.0
1863 -2.661829666383635e-02 -1.674681277464198e-03 0.0
1864 -2.683092294473368e-02 -1.688058589176235e-03 0.0
1865 -2.702997715748314e-02 -1.700582018736804e-03 0.0
1866 -2.721632561566099e-02 -1.712306069976295e-03 0.0
1867 -2.739077933550750e-02 -1.723281767711599e-03 0.0
1868 -2.755409756559041e-02 -1.733556879813721e-03 0.0
1869 -2.770699109116774e-02 -1.743176125100656e-03 0.0
1870 -2.785012532763112e-02 -1.752181367960354e-03 0.0
1871 -2.798412321649260e-02 -1.760611800550766e-03 0.0
1872 -2.810956793651897e-02 -1.768504113369952e-03 0.0
1873 -2.822700544181251e-02 -1.775892654938594e-03 0.0
1874 -2.833694683788459e-02 -1.782809581289871e-03 0.0
1875 -2.843987060606295e-02 -1.789284995917304e-03 0.0
1876 -2.853622468591372e-02 -1.795347080789647e-03 0.0
1877 -2.862642842474106e-02 -1.801022219003005e-03 0.0
1878 -2.871087440264916e-02 -1.806335109604001e-03 0.0
1879 -2.878993014110922e-02 -1.811308875083707e-03 0.0
1880 -2.886393970246769e-02 -1.815965162010164e-03 0.0
1881 -2.893322518735681e-02 -1.820324235237471e-03 0.0
1882 -2.899808813652455e-02 -1.824405066101450e-03 0.0
1883 -2.905881084318483e-02 -1.828225414985722e-03 0.0
1884 -2.911565758159960e-02 -1.831801908617543e-03 0.0
1885 -2.916887575723986e-02 -1.835150112429796e-03 0.0
1886 -2.921869698353102e-02 -1.838284598304073e-03 0.0
1887 -2.926533808986909e-02 -1.841219007989675e-03 0.0
1888 -2.930900206529445e-02 -1.843966112474533e-03 0.0
1889 -2.935266604071982e-02 -1.846713216959391e-03 0.0
1890 -2.935266604071985e-02 -1.846713216959394e-03 0.0
1891 -2.935266604071985e-02 -1.846713216959394e-03 0.0
1892 -2.935266604071985e-02 -1.846713216959394e-03 0.0
1893 -2.935266604071985e-02 -1.846713216959394e-03 0.0
1894 -2.935266604071985e-02 -1.846713216959394e-03 0.0
1895 -2.935266604071985e-02 -1.846713216959394e-03 0.0
1896 -2.935266604071985e-02 -1.846713216959394e-03 0.0
1897 -2.935266604071985e-02 -1.846713216959394e-03 0.0
1898 -2.739106487007389e-02 -1.723299732023833e-03 0.0
1899 -1.272484078746046e-02 8.005791239987482e-04 0.0
1900 -1.277474212388188e-02 8.037186499752138e-04 0.0
1901 -1.282158674093909e-02 8.066658634699928e-04 0.0
1902 -1.286556187877317e-02 8.094325446342578e-04 0.0
1903 -1.290684330808158e-02 8.120297520229516e-04 0.0
1904 -1.294559603268190e-02 8.144678667963530e-04 0.0
1905 -1.298197494903987e-02 8.167566342140631e-04 0.0
1906 -1.301612546539787e-02 8.189052025872668e-04 0.0
1907 -1.304818408297850e-02 8.209221598449642e-04 0.0
1908 -1.307827894158641e-02 8.228155678603263e-04 0.0
1909 -1.310653033178913e-02 8.245929946743834e-04 0.0
1910 -1.313305117572413e-02 8.262615447458398e-04 0.0
1911 -1.315794747845393e-02 8.278278873479313e-04 0.0
1912 -1.318131875167332e-02 8.292982832258238e-04 0.0
1913 -1.320325841146232e-02 8.306786096211067e-04 0.0
1914 -1.322385415167460e-02 8.319743837634049e-04 0.0
1915 -1.326961997574031e-02 8.348537253560883e-04 0.0
1916 -1.331635536028663e-02 8.377940665237915e-04 0.0
1917 -1.336408084569593e-02 8.407966995578365e-04 0.0
1918 -1.341281740750373e-02 8.438629441270612e-04 0.0
1919 -1.346258646561755e-02 8.469941478578195e-04 0.0
1920 -1.351340989373102e-02 8.501916869262685e-04 0.0
1921 -1.356531002893748e-02 8.534569666632024e-04 0.0
1922 -1.361830968154720e-02 8.567914221717018e-04 0.0
1923 -1.367243214511259e-02 8.601965189578661e-04 0.0
1924 -1.372770120666584e-02 8.636737535749101e-04 0.0
1925 -1.378414115717337e-02 8.672246542809043e-04 0.0
1926 -1.384177680221186e-02 8.708507817104501e-04 0.0
1927 -1.390063347287033e-02 8.745537295605853e-04 0.0
1928 -1.396073703688329e-02 8.783351252912196e-04 0.0
1929 -1.402211390999974e-02 8.821966308404101e-04 0.0
1930 -1.408479106759290e-02 8.861399433547887e-04 0.0
1931 -1.414879605651611e-02 8.901667959354656e-04 0.0
1932 -1.421415700720966e-02 8.942789583997330e-04 0.0
1933 -1.428090264606434e-02 8.984782380589072e-04 0.0
1934 -1.434906230804670e-02 9.027664805126489e-04 0.0
1935 -1.441866594959196e-02 9.071455704601112e-04 0.0
1936 -1.448974416176993e-02 9.116174325282722e-04 0.0
1937 -1.456232818372991e-02 9.161840321178160e-04 0.0
1938 -1.463644991643044e-02 9.208473762669343e-04 0.0
1939 -1.471214193665990e-02 9.256095145334268e-04 0.0
1940 -1.478943751135407e-02 9.304725398954901e-04 0.0
1941 -1.486837061221715e-02 9.354385896715900e-04 0.0
1942 -1.494897593065244e-02 9.405098464598204e-04 0.0
1943 -1.503128889300930e-02 9.456885390971649e-04 0.0
1944 -1.511534567615324e-02 9.509769436390779e-04 0.0
1945 -1.520118322336573e-02 9.563773843598208e-04 0.0
1946 -1.528883926058093e-02 9.618922347739889e-04 0.0
1947 -1.537835231296642e-02 9.675239186796809e-04 0.0
1948 -1.546976172185513e-02 9.732749112237666e-04 0.0
1949 -1.556310766203599e-02 9.791477399897245e-04 0.0
1950 -1.565843115941095e-02 9.851449861085241e-04 0.0
1951 -1.575577410902598e-02 9.912692853930427e-04 0.0
1952 -1.585517929348414e-02 9.975233294965153e-04 0.0
1953 -1.595669040174868e-02 1.003909867095528e-03 0.0
1954 -1.606035204834450e-02 1.010431705098070e-03 0.0
1955 -1.616620979296644e-02 1.017091709877181e-03 0.0
1956 -1.627431016050292e-02 1.023892808530736e-03 0.0
1957 -1.638470066148378e-02 1.030837990167910e-03 0.0
1958 -1.649742981296140e-02 1.037930307222911e-03 0.0
1959 -1.661254715983409e-02 1.045172876796530e-03 0.0
1960 -1.673010329662129e-02 1.052568882026121e-03 0.0
1961 -1.685014988970004e-02 1.060121573484605e-03 0.0
1962 -1.697273970001255e-02 1.067834270609104e-03 0.0
1963 -1.709792660625484e-02 1.075710363159852e-03 0.0
1964 -1.722576562855667e-02 1.083753312710004e-03 0.0
1965 -1.735631295266305e-02 1.091966654167011e-03 0.0
1966 -1.748962595462811e-02 1.100353997326228e-03 0.0
1967 -1.762576322603213e-02 1.108919028457431e-03 0.0
1968 -1.776478459973269e-02 1.117665511924948e-03 0.0
1969 -1.790675117616154e-02 1.126597291842108e-03 0.0
1970 -1.805172535017838e-02 1.135718293760751e-03 0.0
1971 -1.819977083849374e-02 1.145032526396516e-03 0.0
1972 -1.835095270767262e-02 1.154544083390690e-03 0.0
1973 -1.850533740273158e-02 1.164257145109380e-03 0.0
1974 -1.866299277634154e-02 1.174175980480801e-03 0.0
1975 -1.882398811864928e-02 1.184304948871480e-03 0.0
1976 -1.898839418773079e-02 1.194648502002224e-03 0.0
1977 -1.915628324068964e-02 1.205211185904660e-03 0.0
1978 -1.932772906541430e-02 1.215997642919239e-03 0.0
1979 -1.950280701300820e-02 1.227012613735562e-03 0.0
1980 -1.968159403090683e-02 1.238260939475926e-03 0.0
1981 -1.986416869669642e-02 1.249747563823025e-03 0.0
1982 -2.005061125264912e-02 1.261477535192709e-03 0.0
1983 -2.024100364098978e-02 1.273456008952789e-03 0.0
1984 -2.043542953990983e-02 1.285688249688836e-03 0.0
1985 -2.063397440034426e-02 1.298179633517991e-03 0.0
1986 -2.083672548352755e-02 1.310935650451784e-03 0.0
1987 -2.104377189934537e-02 1.323961906809023e-03 0.0
1988 -2.125520464549870e-02 1.337264127679785e-03 0.0
1989 -2.147111664749768e-02 1.350848159441621e-03 0.0
1990 -2.169160279950272e-02 1.364719972329056e-03 0.0
1991 -2.191676000603088e-02 1.378885663057536e-03 0.0
1992 -2.214668722454573e-02 1.393351457502956e-03 0.0
1993 -2.238148550894960e-02 1.408123713437952e-03 0.0
1994 -2.262125805399709e-02 1.423208923326176e-03 0.0
1995 -2.286611024064962e-02 1.438613717175749e-03 0.0
1996 -2.311614968239078e-02 1.454344865453182e-03 0.0
1997 -2.337148627252280e-02 1.470409282059020e-03 0.0
1998 -2.363223223246514e-02 1.486814027366526e-03 0.0
1999 -2.389850216107625e-02 1.503566311324747e-03 0.0
2000 -2.417041308502016e-02 1.520673496627311e-03 0.0
2001 -2.444808451020019e-02 1.538143101948359e-03 0.0
2002 -2.473163847428223e-02 1.555982805247034e-03 0.0
2003 -2.502119960033081e-02 1.574200447141972e-03 0.0
2004 -2.531689515158136e-02 1.592804034357286e-03 0.0
2005 -2.561259070283192e-02 1.611407621572599e-03 0.0
2006 -2.588941182258861e-02 1.628823730210874e-03 0.0
2007 -2.614856327758771e-02 1.645128157770442e-03 0.0
2008 -2.639117293355321e-02 1.660391863548034e-03 0.0
2009 -2.661829666383635e-02 1.674681277464205e-03 0.0
2010 -2.683092294473368e-02 1.688058589176241e-03 0.0
2011 -2.702997715748314e-02 1.700582018736811e-03 0.0
2012 -2.721632561566099e-02 1.712306069976301e-03 0.0
2013 -2.739077933550750e-02 1.723281767711606e-03 0.0
2014 -2.755409756559041e-02 1.733556879813727e-03 0.0
2015 -2.770699109116774e-02 1.743176125100662e-03 0.0
2016 -2.785012532763112e-02 1.752181367960361e-03 0.0
2017 -2.798412321649260e-02 1.760611800550773e-03 0.0
2018 -2.810956793651897e-02 1.768504113369959e-03 0.0
2019 -2.822700544181251e-02 1.775892654938601e-03 0.0
2020 -2.833694683788459e-02 1.782809581289878e-03 0.0
2021 -2.843987060606295e-02 1.789284995917311e-03 0.0
2022 -2.853622468591372e-02 1.795347080789653e-03 0.0
2023 -2.862642842474106e-02 1.801022219003011e-03 0.0
2024 -2.871087440264916e-02 1.806335109604008e-03 0.0
2025 -2.878993014110922e-02 1.811308875083714e-03 0.0
2026 -2.886393970246769e-02 1.815965162010171e-03 0.0
2027 -2.893322518735681e-02 1.820324235237478e-03 0.0
2028 -2.899808813652455e-02 1.824405066101457e-03 0.0
2029 -2.905881084318483e-02 1.828225414985729e-03 0.0
2030 -2.911565758159960e-02 1.831801908617550e-03 0.0
2031 -2.916887575723986e-02 1.835150112429803e-03 0.0
2032 -2.921869698353102e-02 1.838284598304080e-03 0.0
2033 -2.926533808986909e-02 1.841219007989682e-03 0.0
2034 -2.930900206529445e-02 1.843966112474540e-03 0.0
2035 -2.935266604071982e-02 1.846713216959399e-03 0.0
2036 -2.935266604071986e-02 1.846713216959401e-03 0.0
2037 -2.935266604071986e-02 1.846713216959401e-03 0.0
2038 -2.935266604071986e-02 1.846713216959401e-03 0.0
2039 -2.935266604071986e-02 1.846713216959401e-03 0.0
2040 -2.935266604071986e-02 1.846713216959401e-03 0.0
2041 -2.935266604071986e-02 1.846713216959401e-03 0.0
2042 -2.935266604071986e-02 1.846713216959401e-03 0.0
2043 -2.935266604071986e-02 1.846713216959401e-03 0.0
2044 -2.739106487007390e-02 1.723299732023840e-03 0.0
2045 -1.252416244679078e-02 2.389111760967988e-03 0.0
2046 -1.257327680932721e-02 2.398480826697274e-03 0.0
2047 -1.261938265878981e-02 2.407275987864219e-03 0.0
2048 -1.266266428243078e-02 2.415532399142318e-03 0.0
2049 -1.270329467893867e-02 2.423283061796383e-03 0.0
2050 -1.274143624992229e-02 2.430558955590151e-03 0.0
2051 -1.277724144903758e-02 2.437389162613861e-03 0.0
2052 -1.281085339135208e-02 2.443800983526734e-03 0.0
2053 -1.284240642538258e-02 2.449820046679001e-03 0.0
2054 -1.287202667009244e-02 2.455470410549618e-03 0.0
2055 -1.289983251899510e-02 2.460774659909148e-03 0.0
2056 -1.292593511337846e-02 2.465753996092147e-03 0.0
2057 -1.295043878654188e-02 2.470428321739898e-03 0.0
2058 -1.297344148082129e-02 2.474816320352210e-03 0.0
2059 -1.299503513906929e-02 2.478935530966238e-03 0.0
2060 -1.301530607215512e-02 2.482802418260851e-03 0.0
2061 -1.306014000076944e-02 2.491354947549570e-03 0.0
2062 -1.310592744533065e-02 2.500089369733138e-03 0.0
2063 -1.315268868495970e-02 2.509009553260767e-03 0.0
2064 -1.320044443006844e-02 2.518119448854808e-03 0.0
2065 -1.324921583153218e-02 2.527423091260513e-03 0.0
2066 -1.329902449005737e-02 2.536924601033015e-03 0.0
2067 -1.334989246574850e-02 2.546628186362303e-03 0.0
2068 -1.340184228787839e-02 2.556538144937020e-03 0.0
2069 -1.345489696486643e-02 2.566658865847899e-03 0.0
2070 -1.350907999446885e-02 2.576994831531672e-03 0.0
2071 -1.356441537418589e-02 2.587550619756334e-03 0.0
2072 -1.362092761189012e-02 2.598330905648618e-03 0.0
2073 -1.367864173668101e-02 2.609340463764596e-03 0.0
2074 -1.373758330997017e-02 2.620584170204316e-03 0.0
2075 -1.379777843680244e-02 2.632067004771413e-03 0.0
2076 -1.385925377741775e-02 2.643794053178645e-03 0.0
2077 -1.392203655905884e-02 2.655770509300343e-03 0.0
2078 -1.398615458803014e-02 2.668001677472765e-03 0.0
2079 -1.405163626201309e-02 2.680492974843362e-03 0.0
2080 -1.411851058264338e-02 2.693249933770026e-03 0.0
2081 -1.418680716835571e-02 2.706278204271347e-03 0.0
2082 -1.425655626750167e-02 2.719583556528993e-03 0.0
2083 -1.432778877174669e-02 2.733171883443308e-03 0.0
2084 -1.440053622975182e-02 2.747049203243252e-03 0.0
2085 -1.447483086114655e-02 2.761221662151866e-03 0.0
2086 -1.455070557079882e-02 2.775695537108408e-03 0.0
2087 -1.462819396338844e-02 2.790477238548396e-03 0.0
2088 -1.470733035829053e-02 2.805573313242766e-03 0.0
2089 -1.478814980477545e-02 2.820990447197422e-03 0.0
2090 -1.487068809753202e-02 2.836735468614440e-03 0.0
2091 -1.495498179252089e-02 2.852815350916269e-03 0.0
2092 -1.504106822316508e-02 2.869237215834228e-03 0.0
2093 -1.512898551688478e-02 2.886008336562707e-03 0.0
2094 -1.521877261198393e-02 2.903136140980439e-03 0.0
2095 -1.531046927489586e-02 2.920628214940287e-03 0.0
2096 -1.540411611779571e-02 2.938492305628993e-03 0.0
2097 -1.549975461658745e-02 2.956736324998384e-03 0.0
2098 -1.559742712927342e-02 2.975368353269556e-03 0.0
2099 -1.569717691471460e-02 2.994396642511573e-03 0.0
2100 -1.579904815178977e-02 3.013829620296288e-03 0.0
2101 -1.590308595896225e-02 3.033675893430887e-03 0.0
2102 -1.600933641426272e-02 3.053944251769819e-03 0.0
2103 -1.611784657569702e-02 3.074643672107796e-03 0.0
2104 -1.622866450208802e-02 3.095783322155586e-03 0.0
2105 -1.634183927436074e-02 3.117372564600369e-03 0.0
2106 -1.645742101728008e-02 3.139420961252438e-03 0.0
2107 -1.657546092165102e-02 3.161938277280099e-03 0.0
2108 -1.669601126699080e-02 3.184934485534633e-03 0.0
2109 -1.681912544468339e-02 3.208419770967243e-03 0.0
2110 -1.694485798162636e-02 3.232404535139938e-03 0.0
2111 -1.707326456438070e-02 3.256899400832351e-03 0.0
2112 -1.720440206383422e-02 3.281915216746541e-03 0.0
2113 -1.733832856038946e-02 3.307463062311844e-03 0.0
2114 -1.747510336968739e-02 3.333554252591923e-03 0.0
2115 -1.761478706887808e-02 3.360200343296176e-03 0.0
2116 -1.775744152345015e-02 3.387413135897723e-03 0.0
2117 -1.790312991463080e-02 3.415204682860242e-03 0.0
2118 -1.805191676736861e-02 3.443587292975971e-03 0.0
2119 -1.820386797891142e-02 3.472573536817234e-03 0.0
2120 -1.835905084799204e-02 3.502176252303909e-03 0.0
2121 -1.851753410463462e-02 3.532408550389305e-03 0.0
2122 -1.867938794059502e-02 3.563283820866962e-03 0.0
2123 -1.884468404044851e-02 3.594815738300954e-03 0.0
2124 -1.901349561333861e-02 3.627018268082305e-03 0.0
2125 -1.918589742540128e-02 3.659905672614226e-03 0.0
2126 -1.936196583287852e-02 3.693492517628886e-03 0.0
2127 -1.954177881593641e-02 3.727793678638532e-03 0.0
2128 -1.972541601320223e-02 3.762824347523810e-03 0.0
2129 -1.991295875703617e-02 3.798600039262199e-03 0.0
2130 -2.010449010955325e-02 3.835136598799552e-03 0.0
2131 -2.030009489941118e-02 3.872450208067771e-03 0.0
2132 -2.049985975938081e-02 3.910557393151740e-03 0.0
2133 -2.070387316471544e-02 3.949475031608674e-03 0.0
2134 -2.091222547233634e-02 3.989220359943140e-03 0.0
2135 -2.112500896085144e-02 4.029810981241055e-03 0.0
2136 -2.134231787142537e-02 4.071264872966033e-03 0.0
2137 -2.156424844951847e-02 4.113600394921557e-03 0.0
2138 -2.179089898751372e-02 4.156836297382476e-03 0.0
2139 -2.202236986825004e-02 4.200991729399447e-03 0.0
2140 -2.225876360948164e-02 4.246086247279990e-03 0.0
2141 -2.250018490928276e-02 4.292139823249921e-03 0.0
2142 -2.274674069241814e-02 4.339172854298984e-03 0.0
2143 -2.299854015769970e-02 4.387206171214622e-03 0.0
2144 -2.325569482635036e-02 4.436261047807869e-03 0.0
2145 -2.351831859139642e-02 4.486359210335457e-03 0.0
2146 -2.378652776811047e-02 4.537522847122304e-03 0.0
2147 -2.406044114552707e-02 4.589774618388665e-03 0.0
2148 -2.434018003905404e-02 4.643137666286268e-03 0.0
2149 -2.462586834420270e-02 4.697635625147906e-03 0.0
2150 -2.491763259146083e-02 4.753292631955016e-03 0.0
2151 -2.520939683871897e-02 4.808949638762126e-03 0.0
2152 -2.548266704606758e-02 4.861078718776257e-03 0.0
2153 -2.573861549391932e-02 4.909903496445983e-03 0.0
2154 -2.597834015543043e-02 4.955633421352620e-03 0.0
2155 -2.620286940660958e-02 4.998464666711538e-03 0.0
2156 -2.641316643786738e-02 5.038580970920240e-03 0.0
2157 -2.661013338593135e-02 5.076154425763296e-03 0.0
2158 -2.679461520385143e-02 5.111346214655380e-03 0.0
2159 -2.696740328569774e-02 5.144307304089341e-03 0.0
2160 -2.712923886149993e-02 5.175179091255524e-03 0.0
2161 -2.728081617699163e-02 5.204094010610468e-03 0.0
2162 -2.742278547180079e-02 5.231176101997091e-03 0.0
2163 -2.755575576886159e-02 5.256541542753471e-03 0.0
2164 -2.768029748701413e-02 5.280299146092899e-03 0.0
2165 -2.779694488799944e-02 5.302550827893126e-03 0.0
2166 -2.790619836834698e-02 5.323392043897306e-03 0.0
2167 -2.800852660598644e-02 5.342912199202079e-03 0.0
2168 -2.810436857079241e-02 5.361195031789490e-03 0.0
2169 -2.819413540768677e-02 5.378318971747979e-03 0.0
2170 -2.827821220037702e-02 5.394357477723460e-03 0.0
2171 -2.835695962329667e-02 5.409379352043804e-03 0.0
2172 -2.843071548883418e-02 5.423449035868544e-03 0.0
2173 -2.849979619648777e-02 5.436626885629944e-03 0.0
2174 -2.856449809016285e-02 5.448969431951328e-03 0.0
2175 -2.862509872943444e-02 5.460529622153350e-03 0.0
2176 -2.868185808022822e-02 5.471357047388565e-03 0.0
2177 -2.873501963002792e-02 5.481498155378610e-03 0.0
2178 -2.878481143239323e-02 5.490996449666642e-03 0.0
2179 -2.883144708526878e-02 5.499892676239777e-03 0.0
2180 -2.887512664728127e-02 5.508224998322099e-03 0.0
2181 -2.891880620929376e-02 5.516557320404419e-03 0.0
2182 -2.891880620929380e-02 5.516557320404427e-03 0.0
2183 -2.891880620929380e-02 5.516557320404427e-03 0.0
2184 -2.891880620929380e-02 5.516557320404427e-03 0.0
2185 -2.891880620929380e-02 5.516557320404427e-03 0.0
2186 -2.891880620929380e-02 5.516557320404427e-03 0.0
2187 -2.891880620929380e-02 5.516557320404427e-03 0.0
2188 -2.891880620929380e-02 5.516557320404427e-03 0.0
2189 -2.891880620929380e-02 5.516557320404427e-03 0.0
2190 -2.698743646734949e-02 5.148128837872309e-03 0.0
2191 -1.212597058276321e-02 3.939966678280581e-03 0.0
2192 -1.217352340857796e-02 3.955417527999328e-03 0.0
2193 -1.221816337365763e-02 3.969921931892860e-03 0.0
2194 -1.226006890604548e-02 3.983537864746797e-03 0.0
2195 -1.229940750412849e-02 3.996319750086158e-03 0.0
2196 -1.233633640613632e-02 4.008318677708757e-03 0.0
2197 -1.237100321862990e-02 4.019582607893535e-03 0.0
2198 -1.240354650649180e-02 4.030156563100045e-03 0.0
2199 -1.243409634677663e-02 4.040082807925355e-03 0.0
2200 -1.246277484863510e-02 4.049401018037624e-03 0.0
2201 -1.248969664139010e-02 4.058148438761622e-03 0.0
2202 -1.251496933271546e-02 4.066360033950047e-03 0.0
2203 -1.253869393874893e-02 4.074068625735686e-03 0.0
2204 -1.256096528785841e-02 4.081305025723037e-03 0.0
2205 -1.258187239967543e-02 4.088098158143730e-03 0.0
2206 -1.260149884091078e-02 4.094475175468054e-03 0.0
2207 -1.264440024988560e-02 4.108414688240115e-03 0.0
2208 -1.268822295496640e-02 4.122653548263073e-03 0.0
2209 -1.273298674073685e-02 4.137198183937842e-03 0.0
2210 -1.277871181664916e-02 4.152055161713498e-03 0.0
2211 -1.282541882614806e-02 4.167231189051827e-03 0.0
2212 -1.287312885599062e-02 4.182733117455535e-03 0.0
2213 -1.292186344576632e-02 4.198567945561490e-03 0.0
2214 -1.297164459762145e-02 4.214742822300382e-03 0.0
2215 -1.302249478619243e-02 4.231265050124251e-03 0.0
2216 -1.307443696875238e-02 4.248142088303306e-03 0.0
2217 -1.312749459557565e-02 4.265381556293563e-03 0.0
2218 -1.318169162052485e-02 4.282991237176782e-03 0.0
2219 -1.323705251186526e-02 4.300979081174292e-03 0.0
2220 -1.329360226331155e-02 4.319353209236266e-03 0.0
2221 -1.335136640531160e-02 4.338121916708078e-03 0.0
2222 -1.341037101657274e-02 4.357293677075386e-03 0.0
2223 -1.347064273583543e-02 4.376877145789657e-03 0.0
2224 -1.353220877389989e-02 4.396881164175822e-03 0.0
2225 -1.359509692591084e-02 4.417314763423868e-03 0.0
2226 -1.365933558390620e-02 4.438187168666133e-03 0.0
2227 -1.372495374963522e-02 4.459507803142164e-03 0.0
2228 -1.379198104765179e-02 4.481286292453023e-03 0.0
2229 -1.386044773868909e-02 4.503532468906934e-03 0.0
2230 -1.393038473332131e-02 4.526256375958276e-03 0.0
2231 -1.400182360591881e-02 4.549468272741879e-03 0.0
2232 -1.407479660890301e-02 4.573178638704709e-03 0.0
2233 -1.414933668730730e-02 4.597398178337007e-03 0.0
2234 -1.422547749365072e-02 4.622137826005040e-03 0.0
2235 -1.430325340313101e-02 4.647408750887614e-03 0.0
2236 -1.438269952914396e-02 4.673222362018622e-03 0.0
2237 -1.446385173913598e-02 4.699590313437858e-03 0.0
2238 -1.454674667079716e-02 4.726524509452457e-03 0.0
2239 -1.463142174860204e-02 4.754037110011316e-03 0.0
2240 -1.471791520070558e-02 4.782140536194933e-03 0.0
2241 -1.480626607620197e-02 4.810847475823133e-03 0.0
2242 -1.489651426275413e-02 4.840170889183229e-03 0.0
2243 -1.498870050460166e-02 4.870124014881184e-03 0.0
2244 -1.508286642095569e-02 4.900720375818427e-03 0.0
2245 -1.517905452478856e-02 4.931973785297024e-03 0.0
2246 -1.527730824202718e-02 4.963898353255948e-03 0.0
2247 -1.537767193115842e-02 4.996508492641285e-03 0.0
2248 -1.548019090325562e-02 5.029818925913219e-03 0.0
2249 -1.558491144243512e-02 5.063844691692768e-03 0.0
2250 -1.569188082675208e-02 5.098601151551255e-03 0.0
2251 -1.580114734954505e-02 5.134103996945573e-03 0.0
2252 -1.591276034123892e-02 5.170369256302391e-03 0.0
2253 -1.602677019161605e-02 5.207413302254486e-03 0.0
2254 -1.614322837256569e-02 5.245252859032479e-03 0.0
2255 -1.626218746132193e-02 5.283905010015300e-03 0.0
2256 -1.638370116420069e-02 5.323387205442802e-03 0.0
2257 -1.650782434084644e-02 5.363717270294002e-03 0.0
2258 -1.663461302899959e-02 5.404913412334495e-03 0.0
2259 -1.676412446979585e-02 5.446994230336702e-03 0.0
2260 -1.689641713360874e-02 5.489978722476628e-03 0.0
2261 -1.703155074644718e-02 5.533886294910949e-03 0.0
2262 -1.716958631691991e-02 5.578736770538283e-03 0.0
2263 -1.731058616377897e-02 5.624550397948615e-03 0.0
2264 -1.745461394405468e-02 5.671347860564899e-03 0.0
2265 -1.760173468179480e-02 5.719150285980978e-03 0.0
2266 -1.775201479742084e-02 5.767979255500039e-03 0.0
2267 -1.790552213771484e-02 5.817856813877888e-03 0.0
2268 -1.806232600645006e-02 5.868805479275479e-03 0.0
2269 -1.822249719567945e-02 5.920848253425155e-03 0.0
2270 -1.838610801769608e-02 5.974008632015214e-03 0.0
2271 -1.855323233767987e-02 6.028310615297479e-03 0.0
2272 -1.872394560704543e-02 6.083778718922663e-03 0.0
2273 -1.889832489750599e-02 6.140437985008419e-03 0.0
2274 -1.907644893586890e-02 6.198313993445076e-03 0.0
2275 -1.925839813957832e-02 6.257432873444159e-03 0.0
2276 -1.944425465302117e-02 6.317821315334917e-03 0.0
2277 -1.963410238461278e-02 6.379506582614169e-03 0.0
2278 -1.982802704467890e-02 6.442516524254922e-03 0.0
2279 -2.002611618415126e-02 6.506879587279318e-03 0.0
2280 -2.022845923409405e-02 6.572624829601571e-03 0.0
2281 -2.043514754607930e-02 6.639781933146711e-03 0.0
2282 -2.064627443342923e-02 6.708381217251046e-03 0.0
2283 -2.086193521334429e-02 6.778453652350401e-03 0.0
2284 -2.108222724993596e-02 6.850030873962294e-03 0.0
2285 -2.130724999818354e-02 6.923145196968391e-03 0.0
2286 -2.153710504883500e-02 6.997829630203665e-03 0.0
2287 -2.177189617427207e-02 7.074117891358858e-03 0.0
2288 -2.201172937536014e-02 7.152044422202958e-03 0.0
2289 -2.225671292930443e-02 7.231644404132595e-03 0.0
2290 -2.250695743853372e-02 7.312953774055329e-03 0.0
2291 -2.276257588063392e-02 7.396009240614055e-03 0.0
2292 -2.302368365935390e-02 7.480848300759801e-03 0.0
2293 -2.329039865670671e-02 7.567509256680435e-03 0.0
2294 -2.356284128618959e-02 7.656031233092909e-03 0.0
2295 -2.384113454714697e-02 7.746454194906845e-03 0.0
2296 -2.412540408030076e-02 7.838818965267441e-03 0.0
2297 -2.440967361345454e-02 7.931183735628039e-03 0.0
2298 -2.467623971638403e-02 8.017796312817882e-03 0.0
2299 -2.492620490415032e-02 8.099014925695706e-03 0.0
2300 -2.516060303057512e-02 8.175175493731214e-03 0.0
2301 -2.538040356425114e-02 8.246593016365057e-03 0.0
2302 -2.558651559825566e-02 8.313562875843752e-03 0.0
2303 -2.577979161015151e-02 8.376362058918056e-03 0.0
2304 -2.596103098782677e-02 8.435250302457746e-03 0.0
2305 -2.613098333575612e-02 8.490471167721017e-03 0.0
2306 -2.629035157535827e-02 8.542253047721720e-03 0.0
2307 -2.643979485227285e-02 8.590810111860856e-03 0.0
2308 -2.657993126258096e-02 8.636343191729338e-03 0.0
2309 -2.671134040924513e-02 8.679040611745688e-03 0.0
2310 -2.683456579934211e-02 8.719078968064179e-03 0.0
2311 -2.695011709200332e-02 8.756623858974980e-03 0.0
2312 -2.705847220636059e-02 8.791830569817223e-03 0.0
2313 -2.716007929821546e-02 8.824844715237817e-03 0.0
2314 -2.725535861360765e-02 8.855802841452327e-03 0.0
2315 -2.734470422694902e-02 8.884832990998947e-03 0.0
2316 -2.742848567091181e-02 8.912055232321293e-03 0.0
2317 -2.750704946481260e-02 8.937582156370442e-03 0.0
2318 -2.758072054781312e-02 8.961519342280120e-03 0.0
2319 -2.764980362286577e-02 8.983965794041060e-03 0.0
2320 -2.771458441696236e-02 9.005014349980653e-03 0.0
2321 -2.777533086289847e-02 9.024752066741439e-03 0.0
2322 -2.783229420744107e-02 9.043260579346634e-03 0.0
2323 -2.788571005048303e-02 9.060616438841851e-03 0.0
2324 -2.793579931948212e-02 9.076891428909566e-03 0.0
2325 -2.798276918321512e-02 9.092152862765792e-03 0.0
2326 -2.802681390862600e-02 9.106463861566955e-03 0.0
2327 -2.807085863403687e-02 9.120774860368117e-03 0.0
2328 -2.807085863403691e-02 9.120774860368131e-03 0.0
2329 -2.807085863403691e-02 9.120774860368131e-03 0.0
2330 -2.807085863403691e-02 9.120774860368131e-03 0.0
2331 -2.807085863403691e-02 9.120774860368131e-03 0.0
2332 -2.807085863403691e-02 9.120774860368131e-03 0.0
2333 -2.807085863403691e-02 9.120774860368131e-03 0.0
2334 -2.807085863403691e-02 9.120774860368131e-03 0.0
2335 -2.807085863403691e-02 9.120774860368131e-03 0.0
2336 -2.619914074577196e-02 8.512616852679388e-03 0.0
2337 -1.153654491894175e-02 5.428685967454679e-03 0.0
2338 -1.158178627156505e-02 5.449974932032932e-03 0.0
2339 -1.162425635334585e-02 5.469959835539141e-03 0.0
2340 -1.166412491920166e-02 5.488720558574045e-03 0.0
2341 -1.170155132566829e-02 5.506332088631371e-03 0.0
2342 -1.173668516785542e-02 5.522864819826381e-03 0.0
2343 -1.176966687738531e-02 5.538384834264467e-03 0.0
2344 -1.180062828370462e-02 5.552954166174432e-03 0.0
2345 -1.182969314101290e-02 5.566631049862240e-03 0.0
2346 -1.185697762291396e-02 5.579470152476261e-03 0.0
2347 -1.188259078676725e-02 5.591522792514454e-03 0.0
2348 -1.190663500959523e-02 5.602837144946814e-03 0.0
2349 -1.192920639728921e-02 5.613458433772992e-03 0.0
2350 -1.195039516874906e-02 5.623429112784766e-03 0.0
2351 -1.197028601649243e-02 5.632789035255830e-03 0.0
2352 -1.198895844517476e-02 5.641575613237216e-03 0.0
2353 -1.202885449050504e-02 5.660349267131274e-03 0.0
2354 -1.206962327376692e-02 5.679533600322795e-03 0.0
2355 -1.211128388636382e-02 5.699137596544321e-03 0.0
2356 -1.215385583732937e-02 5.719170436050225e-03 0.0
2357 -1.219735906246311e-02 5.739641499915698e-03 0.0
2358 -1.224181393366618e-02 5.760560374429757e-03 0.0
2359 -1.228724126848117e-02 5.781936855584358e-03 0.0
2360 -1.233366233984060e-02 5.803780953661714e-03 0.0
2361 -1.238109888602881e-02 5.826102897921959e-03 0.0
2362 -1.242957312086157e-02 5.848913141393350e-03 0.0
2363 -1.247910774408854e-02 5.872222365767270e-03 0.0
2364 -1.252972595202320e-02 5.896041486400294e-03 0.0
2365 -1.258145144840531e-02 5.920381657425691e-03 0.0
2366 -1.263430845550106e-02 5.945254276976734e-03 0.0
2367 -1.268832172544594e-02 5.970670992524269e-03 0.0
2368 -1.274351655183582e-02 5.996643706331056e-03 0.0
2369 -1.279991878157154e-02 6.023184581025415e-03 0.0
2370 -1.285755482696265e-02 6.050306045296798e-03 0.0
2371 -1.291645167809585e-02 6.078020799715960e-03 0.0
2372 -1.297663691547410e-02 6.106341822682442e-03 0.0
2373 -1.303813872293207e-02 6.135282376502159e-03 0.0
2374 -1.310098590083430e-02 6.164856013597938e-03 0.0
2375 -1.316520787956188e-02 6.195076582855909e-03 0.0
2376 -1.323083473329431e-02 6.225958236110734e-03 0.0
2377 -1.329789719409278e-02 6.257515434772690e-03 0.0
2378 -1.336642666629150e-02 6.289762956599734e-03 0.0
2379 -1.343645524120389e-02 6.322715902617702e-03 0.0
2380 -1.350801571215046e-02 6.356389704191884e-03 0.0
2381 -1.358114158981542e-02 6.390800130253312e-03 0.0
2382 -1.365586711793923e-02 6.425963294683098e-03 0.0
2383 -1.373222728935441e-02 6.461895663858327e-03 0.0
2384 -1.381025786237218e-02 6.498614064363013e-03 0.0
2385 -1.388999537752750e-02 6.536135690867729e-03 0.0
2386 -1.397147717469048e-02 6.574478114181610e-03 0.0
2387 -1.405474141055207e-02 6.613659289480506e-03 0.0
2388 -1.413982707649224e-02 6.653697564715107e-03 0.0
2389 -1.422677401683907e-02 6.694611689203018e-03 0.0
2390 -1.431562294752725e-02 6.736420822408776e-03 0.0
2391 -1.440641547516471e-02 6.779144542915942e-03 0.0
2392 -1.449919411651639e-02 6.822802857595447e-03 0.0
2393 -1.459400231841420e-02 6.867416210974517e-03 0.0
2394 -1.469088447810248e-02 6.913005494810523e-03 0.0
2395 -1.478988596402859e-02 6.959592057874286e-03 0.0
2396 -1.489105313708824e-02 7.007197715947378e-03 0.0
2397 -1.499443337233563e-02 7.055844762038117e-03 0.0
2398 -1.510007508116843e-02 7.105555976821056e-03 0.0
2399 -1.520802773399812e-02 7.156354639304817e-03 0.0
2400 -1.531834188341626e-02 7.208264537733304e-03 0.0
2401 -1.543106918786745e-02 7.261309980725376e-03 0.0
2402 -1.554626243584026e-02 7.315515808658204e-03 0.0
2403 -1.566397557058722e-02 7.370907405299645e-03 0.0
2404 -1.578426371538565e-02 7.427510709695074e-03 0.0
2405 -1.590718319935107e-02 7.485352228314244e-03 0.0
2406 -1.603279158381526e-02 7.544459047463870e-03 0.0
2407 -1.616114768928137e-02 7.604858845971733e-03 0.0
2408 -1.629231162296864e-02 7.666579908148253e-03 0.0
2409 -1.642634480695972e-02 7.729651137031605e-03 0.0
2410 -1.656331000696371e-02 7.794102067922578e-03 0.0
2411 -1.670327136170839e-02 7.859962882215500e-03 0.0
2412 -1.684629441297539e-02 7.927264421531738e-03 0.0
2413 -1.699244613629242e-02 7.996038202162350e-03 0.0
2414 -1.714179497229693e-02 8.066316429826699e-03 0.0
2415 -1.729441085878578e-02 8.138132014753894e-03 0.0
2416 -1.745036526346606e-02 8.211518587094156e-03 0.0
2417 -1.760973121742236e-02 8.286510512667307e-03 0.0
2418 -1.777258334931609e-02 8.363142909055763e-03 0.0
2419 -1.793899792033297e-02 8.441451662049565e-03 0.0
2420 -1.810905285989497e-02 8.521473442451150e-03 0.0
2421 -1.828282780215349e-02 8.603245723247733e-03 0.0
2422 -1.846040412328085e-02 8.686806797159342e-03 0.0
2423 -1.864186497957745e-02 8.772195794570711e-03 0.0
2424 -1.882729534641268e-02 8.859452701855456e-03 0.0
2425 -1.901678205801756e-02 8.948618380101079e-03 0.0
2426 -1.921041384814789e-02 9.039734584243602e-03 0.0
2427 -1.940828139163695e-02 9.132843982620766e-03 0.0
2428 -1.961047734685713e-02 9.227990176952973e-03 0.0
2429 -1.981709639911044e-02 9.325217722761309e-03 0.0
2430 -2.002823530496821e-02 9.424572150232213e-03 0.0
2431 -2.024399293758074e-02 9.526099985538583e-03 0.0
2432 -2.046447033297806e-02 9.629848772627271e-03 0.0
2433 -2.068977073738360e-02 9.735867095483196e-03 0.0
2434 -2.091999965556285e-02 9.844204600880488e-03 0.0
2435 -2.115526490022959e-02 9.954912021631316e-03 0.0
2436 -2.139567664253300e-02 1.006804120034331e-02 0.0
2437 -2.164134746364910e-02 1.018364511369663e-02 0.0
2438 -2.189239240750086e-02 1.030177789725220e-02 0.0
2439 -2.214892903463147e-02 1.042249487080253e-02 0.0
2440 -2.241107747725618e-02 1.054585256427714e-02 0.0
2441 -2.267896049551843e-02 1.067190874421468e-02 0.0
2442 -2.295270353497650e-02 1.080072244081413e-02 0.0
2443 -2.322644657443458e-02 1.092953613741358e-02 0.0
2444 -2.348372590411672e-02 1.105060260025622e-02 0.0
2445 -2.372553169984666e-02 1.116438777071684e-02 0.0
2446 -2.395279458536813e-02 1.127132956708847e-02 0.0
2447 -2.416638921398168e-02 1.137183956997280e-02 0.0
2448 -2.436713763477145e-02 1.146630460630624e-02 0.0
2449 -2.455581245637710e-02 1.155508823811795e-02 0.0
2450 -2.473313982048724e-02 1.163853216174970e-02 0.0
2451 -2.489980219649826e-02 1.171695752292245e-02 0.0
2452 -2.505644100809410e-02 1.179066615271099e-02 0.0
2453 -2.520365910185593e-02 1.185994172918346e-02 0.0
2454 -2.534202306740226e-02 1.192505086917645e-02 0.0
2455 -2.547206541798914e-02 1.198624415440752e-02 0.0
2456 -2.559428663996255e-02 1.204375709587432e-02 0.0
2457 -2.570915711895082e-02 1.209781104025194e-02 0.0
2458 -2.581711895021007e-02 1.214861402177681e-02 0.0
2459 -2.591858764009028e-02 1.219636156289584e-02 0.0
2460 -2.601395370517010e-02 1.224123742676216e-02 0.0
2461 -2.610358417521504e-02 1.228341432447358e-02 0.0
2462 -2.618782400574337e-02 1.232305457977558e-02 0.0
2463 -2.626699740563610e-02 1.236031075378724e-02 0.0
2464 -2.634140908490066e-02 1.239532623215416e-02 0.0
2465 -2.641134542739034e-02 1.242823577688843e-02 0.0
2466 -2.647707559299305e-02 1.245916604501923e-02 0.0
2467 -2.653885255353107e-02 1.248823607605028e-02 0.0
2468 -2.659691406635890e-02 1.251555775010021e-02 0.0
2469 -2.665148358940594e-02 1.254123621848893e-02 0.0
2470 -2.670277114118592e-02 1.256537030842742e-02 0.0
2471 -2.675097410908281e-02 1.258805290336811e-02 0.0
2472 -2.679627800902397e-02 1.260937130048003e-02 0.0
2473 -2.684158190896513e-02 1.263068969759196e-02 0.0
2474 -2.684158190896517e-02 1.263068969759198e-02 0.0
2475 -2.684158190896517e-02 1.263068969759198e-02 0.0
2476 -2.684158190896517e-02 1.263068969759198e-02 0.0
2477 -2.684158190896517e-02 1.263068969759198e-02 0.0
2478 -2.684158190896517e-02 1.263068969759198e-02 0.0
2479 -2.684158190896517e-02 1.263068969759198e-02 0.0
2480 -2.684158190896517e-02 1.263068969759198e-02 0.0
2481 -2.684158190896517e-02 1.263068969759198e-02 0.0
2482 -2.505744536082492e-02 1.179113876523185e-02 0.0
2483 -1.076518105015069e-02 6.831791635982212e-03 0.0
2484 -1.080739744642579e-02 6.858582975731161e-03 0.0
2485 -1.084702786634765e-02 6.883733204983350e-03 0.0
2486 -1.088423071457155e-02 6.907342850389848e-03 0.0
2487 -1.091915469263437e-02 6.929506280815517e-03 0.0
2488 -1.095193939332156e-02 6.950312084535818e-03 0.0
2489 -1.098271585862616e-02 6.969843423328316e-03 0.0
2490 -1.101160710352977e-02 6.988178364874221e-03 0.0
2491 -1.103872860769925e-02 7.005390194798594e-03 0.0
2492 -1.106418877706436e-02 7.021547709596437e-03 0.0
2493 -1.108808937712141e-02 7.036715491615524e-03 0.0
2494 -1.111052593969470e-02 7.050954167195093e-03 0.0
2495 -1.113158814478176e-02 7.064320648992172e-03 0.0
2496 -1.115136017900849e-02 7.076868363464157e-03 0.0
2497 -1.116992107212708e-02 7.088647464416876e-03 0.0
2498 -1.118734501290170e-02 7.099705033471710e-03 0.0
2499 -1.122318320591610e-02 7.122448642347765e-03 0.0
2500 -1.125982922852541e-02 7.145704915473871e-03 0.0
2501 -1.129730129003649e-02 7.169485408827564e-03 0.0
2502 -1.133561801021265e-02 7.193801938869955e-03 0.0
2503 -1.137479842852575e-02 7.218666588417300e-03 0.0
2504 -1.141486201361685e-02 7.244091712644913e-03 0.0
2505 -1.145582867297013e-02 7.270089945226421e-03 0.0
2506 -1.149771876280486e-02 7.296674204611399e-03 0.0
2507 -1.154055309819036e-02 7.323857700444517e-03 0.0
2508 -1.158435296338894e-02 7.351653940129367e-03 0.0
2509 -1.162914012243199e-02 7.380076735540263e-03 0.0
2510 -1.167493682993446e-02 7.409140209885319e-03 0.0
2511 -1.172176584215315e-02 7.438858804724230e-03 0.0
2512 -1.176965042829419e-02 7.469247287144249e-03 0.0
2513 -1.181861438207547e-02 7.500320757097906e-03 0.0
2514 -1.186868203354964e-02 7.532094654906132e-03 0.0
2515 -1.191987826119371e-02 7.564584768930518e-03 0.0
2516 -1.197222850427101e-02 7.597807243418502e-03 0.0
2517 -1.202575877547197e-02 7.631778586525402e-03 0.0
2518 -1.208049567383969e-02 7.666515678517274e-03 0.0
2519 -1.213646639798699e-02 7.702035780158671e-03 0.0
2520 -1.219369875961127e-02 7.738356541289461e-03 0.0
2521 -1.225222119731409e-02 7.775496009594994e-03 0.0
2522 -1.231206279073223e-02 7.813472639573939e-03 0.0
2523 -1.237325327498730e-02 7.852305301708277e-03 0.0
2524 -1.243582305546100e-02 7.892013291839989e-03 0.0
2525 -1.249980322290350e-02 7.932616340759108e-03 0.0
2526 -1.256522556888235e-02 7.974134624007895e-03 0.0
2527 -1.263212260157959e-02 8.016588771906002e-03 0.0
2528 -1.270052756194500e-02 8.059999879801634e-03 0.0
2529 -1.277047444021343e-02 8.104389518553754e-03 0.0
2530 -1.284199799279447e-02 8.149779745250597e-03 0.0
2531 -1.291513375954279e-02 8.196193114169765e-03 0.0
2532 -1.298991808141778e-02 8.243652687985390e-03 0.0
2533 -1.306638811854133e-02 8.292182049227912e-03 0.0
2534 -1.314458186866254e-02 8.341805312002173e-03 0.0
2535 -1.322453818603870e-02 8.392547133969652e-03 0.0
2536 -1.330629680074190e-02 8.444432728600777e-03 0.0
2537 -1.338989833840074e-02 8.497487877703443e-03 0.0
2538 -1.347538434038715e-02 8.551738944233911e-03 0.0
2539 -1.356279728445811e-02 8.607212885396493e-03 0.0
2540 -1.365218060586282e-02 8.663937266038511e-03 0.0
2541 -1.374357871892546e-02 8.721940272347189e-03 0.0
2542 -1.383703703911463e-02 8.781250725855293e-03 0.0
2543 -1.393260200561010e-02 8.841898097762478e-03 0.0
2544 -1.403032110437835e-02 8.903912523579431e-03 0.0
2545 -1.413024289176821e-02 8.967324818102139e-03 0.0
2546 -1.423241701863836e-02 9.032166490723663e-03 0.0
2547 -1.433689425502872e-02 9.098469761091068e-03 0.0
2548 -1.444372651538794e-02 9.166267575115288e-03 0.0
2549 -1.455296688436952e-02 9.235593621341845e-03 0.0
2550 -1.466466964320948e-02 9.306482347690602e-03 0.0
2551 -1.477889029669849e-02 9.378968978572832e-03 0.0
2552 -1.489568560076210e-02 9.453089532394134e-03 0.0
2553 -1.501511359066257e-02 9.528880839451881e-03 0.0
2554 -1.513723360983645e-02 9.606380560236086e-03 0.0
2555 -1.526210633938216e-02 9.685627204142804e-03 0.0
2556 -1.538979382821225e-02 9.766660148609331e-03 0.0
2557 -1.552035952388535e-02 9.849519658680759e-03 0.0
2558 -1.565386830413308e-02 9.934246907017549e-03 0.0
2559 -1.579038650909761e-02 1.002088399435412e-02 0.0
2560 -1.592998197429589e-02 1.010947397041861e-02 0.0
2561 -1.607272406432694e-02 1.020006085532410e-02 0.0
2562 -1.621868370733893e-02 1.029268966144216e-02 0.0
2563 -1.636793343027315e-02 1.038740641576934e-02 0.0
2564 -1.652054739490250e-02 1.048425818279784e-02 0.0
2565 -1.667660143468219e-02 1.058329308790175e-02 0.0
2566 -1.683617309243126e-02 1.068456034125042e-02 0.0
2567 -1.699934165886334e-02 1.078811026226083e-02 0.0
2568 -1.716618821198599e-02 1.089399430460119e-02 0.0
2569 -1.733679565738814e-02 1.100226508175811e-02 0.0
2570 -1.751124876943566e-02 1.111297639318010e-02 0.0
2571 -1.768963423339550e-02 1.122618325101038e-02 0.0
2572 -1.787204068850935e-02 1.134194190742225e-02 0.0
2573 -1.805855877203823e-02 1.146030988257063e-02 0.0
2574 -1.824928116429992e-02 1.158134599317368e-02 0.0
2575 -1.844430263472152e-02 1.170511038173866e-02 0.0
2576 -1.864372008893013e-02 1.183166454644657e-02 0.0
2577 -1.884763261690500e-02 1.196107137171043e-02 0.0
2578 -1.905614154221504e-02 1.209339515942238e-02 0.0
2579 -1.926935047236623e-02 1.222870166090506e-02 0.0
2580 -1.948736535028392e-02 1.236705810958336e-02 0.0
2581 -1.971029450695554e-02 1.250853325439242e-02 0.0
2582 -1.993824871526001e-02 1.265319739393883e-02 0.0
2583 -2.017134124501043e-02 1.280112241143183e-02 0.0
2584 -2.040968791923756e-02 1.295238181040184e-02 0.0
2585 -2.065340717174198e-02 1.310705075122418e-02 0.0
2586 -2.090262010594348e-02 1.326520608846605e-02 0.0
2587 -2.115745055505704e-02 1.342692640907536e-02 0.0
2588 -2.141802514362519e-02 1.359229207143033e-02 0.0
2589 -2.167859973219334e-02 1.375765773378531e-02 0.0
2590 -2.192441631989719e-02 1.391365768399862e-02 0.0
2591 -2.215631074645045e-02 1.406082236208226e-02 0.0
2592 -2.237507151263296e-02 1.419965216584722e-02 0.0
2593 -2.258144246139645e-02 1.433061915238503e-02 0.0
2594 -2.277612530712213e-02 1.445416864318336e-02 0.0
2595 -2.295978202163037e-02 1.457072073833384e-02 0.0
2596 -2.313303708505535e-02 1.468067174498057e-02 0.0
2597 -2.329647960923842e-02 1.478439552486647e-02 0.0
2598 -2.345066534086004e-02 1.488224476555951e-02 0.0
2599 -2.359611855112170e-02 1.497455217968131e-02 0.0
2600 -2.373333381840300e-02 1.506163163621570e-02 0.0
2601 -2.386277770995552e-02 1.514377922774414e-02 0.0
2602 -2.398489036835169e-02 1.522127427723677e-02 0.0
2603 -2.410008700808291e-02 1.529438028782244e-02 0.0
2604 -2.420875932739570e-02 1.536334583876722e-02 0.0
2605 -2.431127684016669e-02 1.542840543070792e-02 0.0
2606 -2.440798813234498e-02 1.548978028301469e-02 0.0
2607 -2.449922204723411e-02 1.554767908599383e-02 0.0
2608 -2.458528880364402e-02 1.560229871048859e-02 0.0
2609 -2.466648105071492e-02 1.565382487729076e-02 0.0
2610 -2.474307486299971e-02 1.570243278863916e-02 0.0
2611 -2.481533067918860e-02 1.574828772395244e-02 0.0
2612 -2.488349418766773e-02 1.579154560182160e-02 0.0
2613 -2.494779716192295e-02 1.583235351017345e-02 0.0
2614 -2.500845824862938e-02 1.587085020640735e-02 0.0
2615 -2.506568371110644e-02 1.590716658920618e-02 0.0
2616 -2.511966813066624e-02 1.594142614362555e-02 0.0
2617 -2.517059506824017e-02 1.597374536097479e-02 0.0
2618 -2.521863768853335e-02 1.600423413491743e-02 0.0
2619 -2.526668030882653e-02 1.603472290886006e-02 0.0
2620 -2.526668030882657e-02 1.603472290886009e-02 0.0
2621 -2.526668030882657e-02 1.603472290886009e-02 0.0
2622 -2.526668030882657e-02 1.603472290886009e-02 0.0
2623 -2.526668030882657e-02 1.603472290886009e-02 0.0
2624 -2.526668030882657e-02 1.603472290886009e-02 0.0
2625 -2.526668030882657e-02 1.603472290886009e-02 0.0
2626 -2.526668030882657e-02 1.603472290886009e-02 0.0
2627 -2.526668030882657e-02 1.603472290886009e-02 0.0
2628 -2.359606798457966e-02 1.497452008917792e-02 0.0
2629 -9.824043845391310e-03 8.127155869295796e-03 0.0
2630 -9.862569507530099e-03 8.159027068783230e-03 0.0
2631 -9.898735270196782e-03 8.188945989642074e-03 0.0
2632 -9.932685689648389e-03 8.217032219208387e-03 0.0
2633 -9.964556467310762e-03 8.243398019464795e-03 0.0
2634 -9.994474992183550e-03 8.268148775756932e-03 0.0
2635 -1.002256085002004e-02 8.291383418023627e-03 0.0
2636 -1.004892630131702e-02 8.313194816224528e-03 0.0
2637 -1.007367673002534e-02 8.333670151545713e-03 0.0
2638 -1.009691106477445e-02 8.352891264866982e-03 0.0
2639 -1.011872217429483e-02 8.370934983883730e-03 0.0
2640 -1.013919723861870e-02 8.387873430190847e-03 0.0
2641 -1.015841809754266e-02 8.403774307556136e-03 0.0
2642 -1.017646157774528e-02 8.418701172535469e-03 0.0
2643 -1.019339979986689e-02 8.432713688511324e-03 0.0
2644 -1.020930046677921e-02 8.445867864170141e-03 0.0
2645 -1.024021044883611e-02 8.471438825176333e-03 0.0
2646 -1.027184748618596e-02 8.497611258629545e-03 0.0
2647 -1.030422868040448e-02 8.524399312183613e-03 0.0
2648 -1.033737153532552e-02 8.551817466269224e-03 0.0
2649 -1.037129396650284e-02 8.579880541921400e-03 0.0
2650 -1.040601431089445e-02 8.608603708791081e-03 0.0
2651 -1.044155133677478e-02 8.638002493345179e-03 0.0
2652 -1.047792425387997e-02 8.668092787259482e-03 0.0
2653 -1.051515272379176e-02 8.698890856008988e-03 0.0
2654 -1.055325687056573e-02 8.730413347660310e-03 0.0
2655 -1.059225729160941e-02 8.762677301870863e-03 0.0
2656 -1.063217506881637e-02 8.795700159099763e-03 0.0
2657 -1.067303177996213e-02 8.829499770035347e-03 0.0
2658 -1.071484951036813e-02 8.864094405244475e-03 0.0
2659 -1.075765086484012e-02 8.899502765048778e-03 0.0
2660 -1.080145897988728e-02 8.935743989633226e-03 0.0
2661 -1.084629753622878e-02 8.972837669392452e-03 0.0
2662 -1.089219077159454e-02 9.010803855520461e-03 0.0
2663 -1.093916349382709e-02 9.049663070849402e-03 0.0
2664 -1.098724109429153e-02 9.089436320943308e-03 0.0
2665 -1.103644956160103e-02 9.130145105452762e-03 0.0
2666 -1.108681549566509e-02 9.171811429736658e-03 0.0
2667 -1.113836612206827e-02 9.214457816757315e-03 0.0
2668 -1.119112930678713e-02 9.258107319255398e-03 0.0
2669 -1.124513357125336e-02 9.302783532211189e-03 0.0
2670 -1.130040810777117e-02 9.348510605599001e-03 0.0
2671 -1.135698279529735e-02 9.395313257441567e-03 0.0
2672 -1.141488821559253e-02 9.443216787171515e-03 0.0
2673 -1.147415566975230e-02 9.492247089307106e-03 0.0
2674 -1.153481719512722e-02 9.542430667449670e-03 0.0
2675 -1.159690558264073e-02 9.593794648610264e-03 0.0
2676 -1.166045439451452e-02 9.646366797873335e-03 0.0
2677 -1.172549798241076e-02 9.700175533405289e-03 0.0
2678 -1.179207150600106e-02 9.755249941816084e-03 0.0
2679 -1.186021095197226e-02 9.811619793882167e-03 0.0
2680 -1.192995315347921e-02 9.869315560639221e-03 0.0
2681 -1.200133581005512e-02 9.928368429853460e-03 0.0
2682 -1.207439750799030e-02 9.988810322880346e-03 0.0
2683 -1.214917774119014e-02 1.005067391191986e-02 0.0
2684 -1.222571693252380e-02 1.011399263767761e-02 0.0
2685 -1.230405645567500e-02 1.017880072744146e-02 0.0
2686 -1.238423865750678e-02 1.024513321358320e-02 0.0
2687 -1.246630688095236e-02 1.031302595249553e-02 0.0
2688 -1.255030548844438e-02 1.038251564397442e-02 0.0
2689 -1.263627988589526e-02 1.045363985105743e-02 0.0
2690 -1.272427654724164e-02 1.052643702032852e-02 0.0
2691 -1.281434303956608e-02 1.060094650270068e-02 0.0
2692 -1.290652804880977e-02 1.067720857468720e-02 0.0
2693 -1.300088140608993e-02 1.075526446017339e-02 0.0
2694 -1.309745411463632e-02 1.083515635270040e-02 0.0
2695 -1.319629837736132e-02 1.091692743827313e-02 0.0
2696 -1.329746762507852e-02 1.100062191870470e-02 0.0
2697 -1.340101654538497e-02 1.108628503550997e-02 0.0
2698 -1.350700111222298e-02 1.117396309436110e-02 0.0
2699 -1.361547861613703e-02 1.126370349011831e-02 0.0
2700 -1.372650769524257e-02 1.135555473244948e-02 0.0
2701 -1.384014836692313e-02 1.144956647205228e-02 0.0
2702 -1.395646206027308e-02 1.154578952749314e-02 0.0
2703 -1.407551164930346e-02 1.164427591267753e-02 0.0
2704 -1.419736148692886e-02 1.174507886496632e-02 0.0
2705 -1.432207743975376e-02 1.184825287395359e-02 0.0
2706 -1.444972692367707e-02 1.195385371092121e-02 0.0
2707 -1.458037894033420e-02 1.206193845898638e-02 0.0
2708 -1.471410411439625e-02 1.217256554395820e-02 0.0
2709 -1.485097473174655e-02 1.228579476592004e-02 0.0
2710 -1.499106477855526e-02 1.240168733155485e-02 0.0
2711 -1.513444998127292e-02 1.252030588723075e-02 0.0
2712 -1.528120784756486e-02 1.264171455286485e-02 0.0
2713 -1.543141770820840e-02 1.276597895658369e-02 0.0
2714 -1.558516075997549e-02 1.289316627019880e-02 0.0
2715 -1.574252010952414e-02 1.302334524551687e-02 0.0
2716 -1.590358081832211e-02 1.315658625150387e-02 0.0
2717 -1.606842994862744e-02 1.329296131232343e-02 0.0
2718 -1.623715661055037e-02 1.343254414626985e-02 0.0
2719 -1.640985201022233e-02 1.357541020561697e-02 0.0
2720 -1.658660949909793e-02 1.372163671740430e-02 0.0
2721 -1.676752462441658e-02 1.387130272518251e-02 0.0
2722 -1.695269518085110e-02 1.402448913174090e-02 0.0
2723 -1.714222126337116e-02 1.418127874283982e-02 0.0
2724 -1.733620532135018e-02 1.434175631197175e-02 0.0
2725 -1.753475221394489e-02 1.450600858617537e-02 0.0
2726 -1.773796926677754e-02 1.467412435292703e-02 0.0
2727 -1.794596632995139e-02 1.484619448813541e-02 0.0
2728 -1.815885583743070e-02 1.502231200526495e-02 0.0
2729 -1.837675286781764e-02 1.520257210561478e-02 0.0
2730 -1.859977520655860e-02 1.538707222978034e-02 0.0
2731 -1.882804340961378e-02 1.557591211032544e-02 0.0
2732 -1.906168086862439e-02 1.576919382569322e-02 0.0
2733 -1.930081387761268e-02 1.596702185538521e-02 0.0
2734 -1.954557170125087e-02 1.616950313643836e-02 0.0
2735 -1.979032952488905e-02 1.637198441749151e-02 0.0
2736 -2.002246805762125e-02 1.656402611320007e-02 0.0
2737 -2.024263792830417e-02 1.674616647056444e-02 0.0
2738 -2.045145622049378e-02 1.691891598549878e-02 0.0
2739 -2.064950820198301e-02 1.708275883362909e-02 0.0
2740 -2.083734896516768e-02 1.723815422732182e-02 0.0
2741 -2.101550498283779e-02 1.738553770274649e-02 0.0
2742 -2.118447558375507e-02 1.752532234057946e-02 0.0
2743 -2.134473435215219e-02 1.765789992377050e-02 0.0
2744 -2.149673045507623e-02 1.778364203561670e-02 0.0
2745 -2.164088990129665e-02 1.790290110122178e-02 0.0
2746 -2.177761673530611e-02 1.801601137525944e-02 0.0
2747 -2.190729416976063e-02 1.812328987880936e-02 0.0
2748 -2.203028565953319e-02 1.822503728789155e-02 0.0
2749 -2.214693592039084e-02 1.832153877618946e-02 0.0
2750 -2.225757189515075e-02 1.841306481432365e-02 0.0
2751 -2.236250367002273e-02 1.849987192791634e-02 0.0
2752 -2.246202534370690e-02 1.858220341657148e-02 0.0
2753 -2.255641585168203e-02 1.866029003578540e-02 0.0
2754 -2.264593974799508e-02 1.873435064369933e-02 0.0
2755 -2.273084794674300e-02 1.880459281450654e-02 0.0
2756 -2.281137842532502e-02 1.887121342023318e-02 0.0
2757 -2.288775689143642e-02 1.893439918252355e-02 0.0
2758 -2.296019741567333e-02 1.899432719597629e-02 0.0
2759 -2.302890303152146e-02 1.905116542449821e-02 0.0
2760 -2.309406630441042e-02 1.910507317206700e-02 0.0
2761 -2.315586987142871e-02 1.915620152922225e-02 0.0
2762 -2.321448695321175e-02 1.920469379653614e-02 0.0
2763 -2.327008183943804e-02 1.925068588625068e-02 0.0
2764 -2.332281034929381e-02 1.929430670320729e-02 0.0
2765 -2.337553885914957e-02 1.933792752016390e-02 0.0
2766 -2.337553885914962e-02 1.933792752016394e-02 0.0
2767 -2.337553885914962e-02 1.933792752016394e-02 0.0
2768 -2.337553885914962e-02 1.933792752016394e-02 0.0
2769 -2.337553885914962e-02 1.933792752016394e-02 0.0
2770 -2.337553885914962e-02 1.933792752016394e-02 0.0
2771 -2.337553885914962e-02 1.933792752016394e-02 0.0
2772 -2.337553885914962e-02 1.933792752016394e-02 0.0
2773 -2.337553885914962e-02 1.933792752016394e-02 0.0
2774 -2.184209248309299e-02 1.806935035259912e-02 0.0
2775 -8.727975600590781e-03 9.294349999622996e-03 0.0
2776 -8.762202955887215e-03 9.330798430994066e-03 0.0
2777 -8.794333705617087e-03 9.365014204204923e-03 0.0
2778 -8.824496277900643e-03 9.397134081312890e-03 0.0
2779 -8.852811233960162e-03 9.427286446979828e-03 0.0
2780 -8.879391750008844e-03 9.455591821631691e-03 0.0
2781 -8.904344069621454e-03 9.482163343184335e-03 0.0
2782 -8.927767928394909e-03 9.507107219261108e-03 0.0
2783 -8.949756952596151e-03 9.530523151709713e-03 0.0
2784 -8.970399033390740e-03 9.552504735115198e-03 0.0
2785 -8.989776678147999e-03 9.573139830901916e-03 0.0
2786 -9.007967340226842e-03 9.592510918519780e-03 0.0
2787 -9.025043728560497e-03 9.610695425118505e-03 0.0
2788 -9.041074098277549e-03 9.627766035027586e-03 0.0
2789 -9.056122523520898e-03 9.643790980278967e-03 0.0
2790 -9.070249153555126e-03 9.658834313333701e-03 0.0
2791 -9.095698721748008e-03 9.685935350842091e-03 0.0
2792 -9.121780234012196e-03 9.713709340435556e-03 0.0
2793 -9.148509382296024e-03 9.742172992341836e-03 0.0
2794 -9.175902248198198e-03 9.771343431724172e-03 0.0
2795 -9.203975312643298e-03 9.801238208984672e-03 0.0
2796 -9.232745465797526e-03 9.831875310323503e-03 0.0
2797 -9.262230017230675e-03 9.863273168560300e-03 0.0
2798 -9.292446706330445e-03 9.895450674224277e-03 0.0
2799 -9.323413712975341e-03 9.928427186919711e-03 0.0
2800 -9.355149668472609e-03 9.962222546973662e-03 0.0
2801 -9.387673666767762e-03 9.996857087372907e-03 0.0
2802 -9.421005275932455e-03 1.003235164599728e-02 0.0
2803 -9.455164549937627e-03 1.006872757815681e-02 0.0
2804 -9.490172040718975e-03 1.010600676944011e-02 0.0
2805 -9.526048810542026e-03 1.014421164888189e-02 0.0
2806 -9.562816444674263e-03 1.018336520245736e-02 0.0
2807 -9.600497064371898e-03 1.022349098691175e-02 0.0
2808 -9.639113340189139e-03 1.026461314393326e-02 0.0
2809 -9.678688505617927e-03 1.030675641467788e-02 0.0
2810 -9.719246371066378e-03 1.034994615465493e-02 0.0
2811 -9.760811338184320e-03 1.039420834898219e-02 0.0
2812 -9.803408414544549e-03 1.043956962801989e-02 0.0
2813 -9.847063228688648e-03 1.048605728339284e-02 0.0
2814 -9.891802045546391e-03 1.053369928441043e-02 0.0
2815 -9.937651782238065e-03 1.058252429489444e-02 0.0
2816 -9.984640024269142e-03 1.063256169042454e-02 0.0
2817 -1.003279504212712e-02 1.068384157601219e-02 0.0
2818 -1.008214580829046e-02 1.073639480421331e-02 0.0
2819 -1.013272201465990e-02 1.079025299369071e-02 0.0
2820 -1.018455409042255e-02 1.084544854823745e-02 0.0
2821 -1.023767322035969e-02 1.090201467627267e-02 0.0
2822 -1.029211136360906e-02 1.095998541082135e-02 0.0
2823 -1.034790127289305e-02 1.101939562999033e-02 0.0
2824 -1.040507651422446e-02 1.108028107795276e-02 0.0
2825 -1.046367148710145e-02 1.114267838645352e-02 0.0
2826 -1.052372144520401e-02 1.120662509684878e-02 0.0
2827 -1.058526251760436e-02 1.127215968269275e-02 0.0
2828 -1.064833173050401e-02 1.133932157288529e-02 0.0
2829 -1.071296702951056e-02 1.140815117539432e-02 0.0
2830 -1.077920730246773e-02 1.147868990156730e-02 0.0
2831 -1.084709240285221e-02 1.155098019104636e-02 0.0
2832 -1.091666317375152e-02 1.162506553730214e-02 0.0
2833 -1.098796147243726e-02 1.170099051380162e-02 0.0
2834 -1.106103019554856e-02 1.177880080082579e-02 0.0
2835 -1.113591330490082e-02 1.185854321295317e-02 0.0
2836 -1.121265585393542e-02 1.194026572722583e-02 0.0
2837 -1.129130401482604e-02 1.202401751201481e-02 0.0
2838 -1.137190510625824e-02 1.210984895660223e-02 0.0
2839 -1.145450762189870e-02 1.219781170149806e-02 0.0
2840 -1.153916125957150e-02 1.228795866950963e-02 0.0
2841 -1.162591695115877e-02 1.238034409758265e-02 0.0
2842 -1.171482689324393e-02 1.247502356943289e-02 0.0
2843 -1.180594457851572e-02 1.257205404898810e-02 0.0
2844 -1.189932482795214e-02 1.267149391466044e-02 0.0
2845 -1.199502382380347e-02 1.277340299446979e-02 0.0
2846 -1.209309914339434e-02 1.287784260203936e-02 0.0
2847 -1.219360979376516e-02 1.298487557348499e-02 0.0
2848 -1.229661624717372e-02 1.309456630522055e-02 0.0
2849 -1.240218047747830e-02 1.320698079270207e-02 0.0
2850 -1.251036599742431e-02 1.332218667013387e-02 0.0
2851 -1.262123789685670e-02 1.344025325116073e-02 0.0
2852 -1.273486288188133e-02 1.356125157057049e-02 0.0
2853 -1.285130931499867e-02 1.368525442703207e-02 0.0
2854 -1.297064725623416e-02 1.381233642689491e-02 0.0
2855 -1.309294850528980e-02 1.394257402907578e-02 0.0
2856 -1.321828664474247e-02 1.407604559106043e-02 0.0
2857 -1.334673708431494e-02 1.421283141604728e-02 0.0
2858 -1.347837710624609e-02 1.435301380126194e-02 0.0
2859 -1.361328591178784e-02 1.449667708747131e-02 0.0
2860 -1.375154466885657e-02 1.464390770972725e-02 0.0
2861 -1.389323656086783e-02 1.479479424937023e-02 0.0
2862 -1.403844683678367e-02 1.494942748732432e-02 0.0
2863 -1.418726286240269e-02 1.510790045871557e-02 0.0
2864 -1.433977417292368e-02 1.527030850884662e-02 0.0
2865 -1.449607252681452e-02 1.543674935056117e-02 0.0
2866 -1.465625196101869e-02 1.560732312303302e-02 0.0
2867 -1.482040884753256e-02 1.578213245201478e-02 0.0
2868 -1.498864195138773e-02 1.596128251158265e-02 0.0
2869 -1.516105249007293e-02 1.614488108741453e-02 0.0
2870 -1.533774419443161e-02 1.633303864163917e-02 0.0
2871 -1.551882337107162e-02 1.652586837929585e-02 0.0
2872 -1.570439896632459e-02 1.672348631644415e-02 0.0
2873 -1.589458263179353e-02 1.692601134996508e-02 0.0
2874 -1.608948879152802e-02 1.713356532909538e-02 0.0
2875 -1.628923471086752e-02 1.734627312873819e-02 0.0
2876 -1.649394056699404e-02 1.756426272459402e-02 0.0
2877 -1.670372952123680e-02 1.778766527015740e-02 0.0
2878 -1.691872779317225e-02 1.801661517562540e-02 0.0
2879 -1.713906473656415e-02 1.825125018876554e-02 0.0
2880 -1.736487291718924e-02 1.849171147779179e-02 0.0
2881 -1.759068109781433e-02 1.873217276681803e-02 0.0
2882 -1.780634363905304e-02 1.896183004724684e-02 0.0
2883 -1.801231638797996e-02 1.918116874690838e-02 0.0
2884 -1.820903471030352e-02 1.939065248319312e-02 0.0
2885 -1.839691441060078e-02 1.959072404300234e-02 0.0
2886 -1.857635261120586e-02 1.978180631866926e-02 0.0
2887 -1.874772859160953e-02 1.996430320182879e-02 0.0
2888 -1.891140459014429e-02 2.013860043712547e-02 0.0
2889 -1.906772656964953e-02 2.030506643756401e-02 0.0
2890 -1.921702494873499e-02 2.046405306322584e-02 0.0
2891 -1.935961530018841e-02 2.061589636499763e-02 0.0
2892 -1.949579901800342e-02 2.076091729488392e-02 0.0
2893 -1.962586395443758e-02 2.089942238440503e-02 0.0
2894 -1.975008502844737e-02 2.103170439251443e-02 0.0
2895 -1.986872480678574e-02 2.115804292440490e-02 0.0
2896 -1.998203405899095e-02 2.127870502251154e-02 0.0
2897 -2.009025228743948e-02 2.139394573096079e-02 0.0
2898 -2.019360823358349e-02 2.150400863465859e-02 0.0
2899 -2.029232036144282e-02 2.160912637415708e-02 0.0
2900 -2.038659731937362e-02 2.170952113738824e-02 0.0
2901 -2.047663838108949e-02 2.180540512930365e-02 0.0
2902 -2.056263386686737e-02 2.189698102041328e-02 0.0
2903 -2.064476554582859e-02 2.198444237517126e-02 0.0
2904 -2.072320702014517e-02 2.206797406111403e-02 0.0
2905 -2.079812409198372e-02 2.214775263961594e-02 0.0
2906 -2.086967511396238e-02 2.222394673908791e-02 0.0
2907 -2.093801132386154e-02 2.229671741140824e-02 0.0
2908 -2.100327716429601e-02 2.236621847233885e-02 0.0
2909 -2.106561058802412e-02 2.243259682664642e-02 0.0
2910 -2.112514334953922e-02 2.249599277861585e-02 0.0
2911 -2.118467611105432e-02 2.255938873058529e-02 0.0
2912 -2.118467611105437e-02 2.255938873058535e-02 0.0
2913 -2.118467611105437e-02 2.255938873058535e-02 0.0
2914 -2.118467611105437e-02 2.255938873058535e-02 0.0
2915 -2.118467611105437e-02 2.255938873058535e-02 0.0
2916 -2.118467611105437e-02 2.255938873058535e-02 0.0
2917 -2.118467611105437e-02 2.255938873058535e-02 0.0
2918 -2.118467611105437e-02 2.255938873058535e-02 0.0
2919 -2.118467611105437e-02 2.255938873058535e-02 0.0
2920 -1.980962912637924e-02 2.109511241654158e-02 0.0
2921 -7.494261966729030e-03 1.031496667828058e-02 0.0
2922 -7.523651229343654e-03 1.035541752799933e-02 0.0
2923 -7.551240245019496e-03 1.039339055037915e-02 0.0
2924 -7.577139288351844e-03 1.042903752537929e-02 0.0
2925 -7.601451879036917e-03 1.046250093563804e-02 0.0
2926 -7.624275195644971e-03 1.049391453598256e-02 0.0
2927 -7.645700464047622e-03 1.052340388805321e-02 0.0
2928 -7.665813322051952e-03 1.055108686217938e-02 0.0
2929 -7.684694161698856e-03 1.057707410851269e-02 0.0
2930 -7.702418450593818e-03 1.060146949930092e-02 0.0
2931 -7.719057033554486e-03 1.062437054407024e-02 0.0
2932 -7.734676415780743e-03 1.064586877937540e-02 0.0
2933 -7.749339028679128e-03 1.066605013467560e-02 0.0
2934 -7.763103479404103e-03 1.068499527579867e-02 0.0
2935 -7.776024785113615e-03 1.070277992736612e-02 0.0
2936 -7.788154592875267e-03 1.071947517546805e-02 0.0
2937 -7.808025707185101e-03 1.074682541794372e-02 0.0
2938 -7.828422383243603e-03 1.077489903410835e-02 0.0
2939 -7.849358521386070e-03 1.080371515613213e-02 0.0
2940 -7.870848389591229e-03 1.083329342220302e-02 0.0
2941 -7.892906633204855e-03 1.086365398991017e-02 0.0
2942 -7.915548284920580e-03 1.089481754998129e-02 0.0
2943 -7.938788775024677e-03 1.092680534038346e-02 0.0
2944 -7.962643941911795e-03 1.095963916079671e-02 0.0
2945 -7.987130042878827e-03 1.099334138747057e-02 0.0
2946 -8.012263765204261e-03 1.102793498847344e-02 0.0
2947 -8.038062237520559e-03 1.106344353934537e-02 0.0
2948 -8.064543041487316e-03 1.109989123916475e-02 0.0
2949 -8.091724223773172e-03 1.113730292704003e-02 0.0
2950 -8.119624308354603e-03 1.117570409903753e-02 0.0
2951 -8.148262309140026e-03 1.121512092555703e-02 0.0
2952 -8.177657742927769e-03 1.125558026916689e-02 0.0
2953 -8.207830642706773e-03 1.129710970291090e-02 0.0
2954 -8.238801571309070e-03 1.133973752909930e-02 0.0
2955 -8.270591635423362e-03 1.138349279859683e-02 0.0
2956 -8.303222499979225e-03 1.142840533062087e-02 0.0
2957 -8.336716402911754e-03 1.147450573306322e-02 0.0
2958 -8.371096170316726e-03 1.152182542334942e-02 0.0
2959 -8.406385232006578e-03 1.157039664984973e-02 0.0
2960 -8.442607637477830e-03 1.162025251385634e-02 0.0
2961 -8.479788072300815e-03 1.167142699214195e-02 0.0
2962 -8.517951874942893e-03 1.172395496011493e-02 0.0
2963 -8.557125054036619e-03 1.177787221558692e-02 0.0
2964 -8.597334306104633e-03 1.183321550316900e-02 0.0
2965 -8.638607033753330e-03 1.189002253931320e-02 0.0
2966 -8.680971364347747e-03 1.194833203801622e-02 0.0
2967 -8.724456169180356e-03 1.200818373720304e-02 0.0
2968 -8.769091083146857e-03 1.206961842580832e-02 0.0
2969 -8.814906524942349e-03 1.213267797157403e-02 0.0
2970 -8.861933717791690e-03 1.219740534958237e-02 0.0
2971 -8.910204710728103e-03 1.226384467154325e-02 0.0
2972 -8.959752400434614e-03 1.233204121585640e-02 0.0
2973 -9.010610553663130e-03 1.240204145846868e-02 0.0
2974 -9.062813830246482e-03 1.247389310454737e-02 0.0
2975 -9.116397806719108e-03 1.254764512099124e-02 0.0
2976 -9.171399000562458e-03 1.262334776980156e-02 0.0
2977 -9.227854895091659e-03 1.270105264233558e-02 0.0
2978 -9.285803965000396e-03 1.278081269446609e-02 0.0
2979 -9.345285702581417e-03 1.286268228267081e-02 0.0
2980 -9.406340644640526e-03 1.294671720107639e-02 0.0
2981 -9.469010400122430e-03 1.303297471948203e-02 0.0
2982 -9.533337678467226e-03 1.312151362238892e-02 0.0
2983 -9.599366318716884e-03 1.321239424906185e-02 0.0
2984 -9.667141319391566e-03 1.330567853465040e-02 0.0
2985 -9.736708869156105e-03 1.340143005239779e-02 0.0
2986 -9.808116378297592e-03 1.349971405696601e-02 0.0
2987 -9.881412511035484e-03 1.360059752890690e-02 0.0
2988 -9.956647218686273e-03 1.370414922030938e-02 0.0
2989 -1.003387177370530e-02 1.381043970165401e-02 0.0
2990 -1.011313880462896e-02 1.391954140990676e-02 0.0
2991 -1.019450233194101e-02 1.403152869788483e-02 0.0
2992 -1.027801780488757e-02 1.414647788492807e-02 0.0
2993 -1.036374213926577e-02 1.426446730891065e-02 0.0
2994 -1.045173375621186e-02 1.438557737962827e-02 0.0
2995 -1.054205262201522e-02 1.450989063359748e-02 0.0
2996 -1.063476028898539e-02 1.463749179030429e-02 0.0
2997 -1.072991993740000e-02 1.476846780994055e-02 0.0
2998 -1.082759641856206e-02 1.490290795266725e-02 0.0
2999 -1.092785629899619e-02 1.504090383944539e-02 0.0
3000 -1.103076790581368e-02 1.518254951447562e-02 0.0
3001 -1.113640137327743e-02 1.532794150928940e-02 0.0
3002 -1.124482869059843e-02 1.547717890853523e-02 0.0
3003 -1.135612375099646e-02 1.563036341750482e-02 0.0
3004 -1.147036240205824e-02 1.578759943144527e-02 0.0
3005 -1.158762249742764e-02 1.594899410670443e-02 0.0
3006 -1.170798394986290e-02 1.611465743375797e-02 0.0
3007 -1.183152878569719e-02 1.628470231216787e-02 0.0
3008 -1.195834120073954e-02 1.645924462752345e-02 0.0
3009 -1.208850761765433e-02 1.663840333041747e-02 0.0
3010 -1.222211674485827e-02 1.682230051751092e-02 0.0
3011 -1.235925963697527e-02 1.701106151474188e-02 0.0
3012 -1.250002975689009e-02 1.720481496273520e-02 0.0
3013 -1.264452303944336e-02 1.740369290447105e-02 0.0
3014 -1.279283795681113e-02 1.760783087527223e-02 0.0
3015 -1.294507558561370e-02 1.781736799517148e-02 0.0
3016 -1.310133967579931e-02 1.803244706372183e-02 0.0
3017 -1.326173672134974e-02 1.825321465731445e-02 0.0
3018 -1.342637603285599e-02 1.847982122907047e-02 0.0
3019 -1.359536981201340e-02 1.871242121137483e-02 0.0
3020 -1.376883322808715e-02 1.895117312112190e-02 0.0
3021 -1.394688449640009e-02 1.919623966774480e-02 0.0
3022 -1.412964495889651e-02 1.944778786410182e-02 0.0
3023 -1.431723916683666e-02 1.970598914029574e-02 0.0
3024 -1.450979496567844e-02 1.997101946050345e-02 0.0
3025 -1.470744358220409e-02 2.024305944289551e-02 0.0
3026 -1.491031971395126e-02 2.052229448272744e-02 0.0
3027 -1.511319584569843e-02 2.080152952255937e-02 0.0
3028 -1.530857202636891e-02 2.107044176532492e-02 0.0
3029 -1.549672551512407e-02 2.132941282552111e-02 0.0
3030 -1.567792332137277e-02 2.157881021007085e-02 0.0
3031 -1.585242258368549e-02 2.181898783985364e-02 0.0
3032 -1.602047093470079e-02 2.205028655195609e-02 0.0
3033 -1.618230685254182e-02 2.227303458335534e-02 0.0
3034 -1.633815999924162e-02 2.248754803672150e-02 0.0
3035 -1.648825154665752e-02 2.269413132900028e-02 0.0
3036 -1.663279449033699e-02 2.289307762341238e-02 0.0
3037 -1.677199395178056e-02 2.308466924548264e-02 0.0
3038 -1.690604746953062e-02 2.326917808368939e-02 0.0
3039 -1.703514527949916e-02 2.344686597530251e-02 0.0
3040 -1.715947058493238e-02 2.361798507795784e-02 0.0
3041 -1.727919981639516e-02 2.378277822749513e-02 0.0
3042 -1.739450288214448e-02 2.394147928256738e-02 0.0
3043 -1.750554340924686e-02 2.409431345651069e-02 0.0
3044 -1.761247897578229e-02 2.424149763694540e-02 0.0
3045 -1.771546133446390e-02 2.438324069356225e-02 0.0
3046 -1.781463662799091e-02 2.451974377453025e-02 0.0
3047 -1.791014559644034e-02 2.465120059194689e-02 0.0
3048 -1.800212377699181e-02 2.477779769673577e-02 0.0
3049 -1.809070169626898e-02 2.489971474338182e-02 0.0
3050 -1.817600505557040e-02 2.501712474487975e-02 0.0
3051 -1.825815490925276e-02 2.513019431825751e-02 0.0
3052 -1.833726783651963e-02 2.523908392102318e-02 0.0
3053 -1.841345610685951e-02 2.534394807887096e-02 0.0
3054 -1.848682783936793e-02 2.544493560496919e-02 0.0
3055 -1.855748715617970e-02 2.554218981114175e-02 0.0
3056 -1.862553433022910e-02 2.563584871124251e-02 0.0
3057 -1.869358150427850e-02 2.572950761134326e-02 0.0
3058 -1.869358150427856e-02 2.572950761134334e-02 0.0
3059 -1.869358150427856e-02 2.572950761134334e-02 0.0
3060 -1.869358150427856e-02 2.572950761134334e-02 0.0
3061 -1.869358150427856e-02 2.572950761134334e-02 0.0
3062 -1.869358150427856e-02 2.572950761134334e-02 0.0
3063 -1.869358150427856e-02 2.572950761134334e-02 0.0
3064 -1.869358150427856e-02 2.572950761134334e-02 0.0
3065 -1.869358150427856e-02 2.572950761134334e-02 0.0
3066 -1.749597019525929e-02 2.408113705785739e-02 0.0
3067 -6.142359344796866e-03 1.117291017055926e-02 0.0
3068 -6.166447028501952e-03 1.121672550456145e-02 0.0
3069 -6.189059214865678e-03 1.125785691886333e-02 0.0
3070 -6.210286285862126e-03 1.129646881766543e-02 0.0
3071 -6.230213087094010e-03 1.133271553454614e-02 0.0
3072 -6.248919266924541e-03 1.136674194934030e-02 0.0
3073 -6.266479594835690e-03 1.139868406723072e-02 0.0
3074 -6.282964260285327e-03 1.142866956236730e-02 0.0
3075 -6.298439153257795e-03 1.145681828818661e-02 0.0
3076 -6.312966127629278e-03 1.148324275647176e-02 0.0
3077 -6.326603248400656e-03 1.150804858706726e-02 0.0
3078 -6.339405023786056e-03 1.153133493004651e-02 0.0
3079 -6.351422623084742e-03 1.155319486201935e-02 0.0
3080 -6.362704081207222e-03 1.157371575816362e-02 0.0
3081 -6.373294490673044e-03 1.159297964146790e-02 0.0
3082 -6.383236181847724e-03 1.161106351058119e-02 0.0
3083 -6.397797082286065e-03 1.163754969015287e-02 0.0
3084 -6.412770492766743e-03 1.166478622270599e-02 0.0
3085 -6.428168099691692e-03 1.169279436572676e-02 0.0
3086 -6.444001920538397e-03 1.172159597892557e-02 0.0
3087 -6.460284313239260e-03 1.175121354129802e-02 0.0
3088 -6.477027985826683e-03 1.178167016866923e-02 0.0
3089 -6.494246006351389e-03 1.181298963173522e-02 0.0
3090 -6.511951813081742e-03 1.184519637461539e-02 0.0
3091 -6.530159224992000e-03 1.187831553393062e-02 0.0
3092 -6.548882452547710e-03 1.191237295842176e-02 0.0
3093 -6.568136108796645e-03 1.194739522912404e-02 0.0
3094 -6.587935220773956e-03 1.198340968011293e-02 0.0
3095 -6.608295241230424e-03 1.202044441983775e-02 0.0
3096 -6.629232060692973e-03 1.205852835305967e-02 0.0
3097 -6.650762019866866e-03 1.209769120341122e-02 0.0
3098 -6.672901922389247e-03 1.213796353659489e-02 0.0
3099 -6.695669047943990e-03 1.217937678423897e-02 0.0
3100 -6.719081165748097e-03 1.222196326842919e-02 0.0
3101 -6.743156548420162e-03 1.226575622693538e-02 0.0
3102 -6.767913986241728e-03 1.231078983915279e-02 0.0
3103 -6.793372801822671e-03 1.235709925277830e-02 0.0
3104 -6.819552865182048e-03 1.240472061124240e-02 0.0
3105 -6.846474609256194e-03 1.245369108191830e-02 0.0
3106 -6.874159045846154e-03 1.250404888513022e-02 0.0
3107 -6.902627782016910e-03 1.255583332398345e-02 0.0
3108 -6.931903036961201e-03 1.260908481503955e-02 0.0
3109 -6.962007659341089e-03 1.266384491986051e-02 0.0
3110 -6.992965145120810e-03 1.272015637744662e-02 0.0
3111 -7.024799655904838e-03 1.277806313759327e-02 0.0
3112 -7.057536037795460e-03 1.283761039519272e-02 0.0
3113 -7.091199840784582e-03 1.289884462550773e-02 0.0
3114 -7.125817338694915e-03 1.296181362044440e-02 0.0
3115 -7.161415549686081e-03 1.302656652585261e-02 0.0
3116 -7.198022257341675e-03 1.309315387988333e-02 0.0
3117 -7.235666032353700e-03 1.316162765243237e-02 0.0
3118 -7.274376254821342e-03 1.323204128570176e-02 0.0
3119 -7.314183137181456e-03 1.330444973591012e-02 0.0
3120 -7.355117747788683e-03 1.337890951618475e-02 0.0
3121 -7.397212035163577e-03 1.345547874066879e-02 0.0
3122 -7.440498852927696e-03 1.353421716987801e-02 0.0
3123 -7.485011985445091e-03 1.361518625734248e-02 0.0
3124 -7.530786174190230e-03 1.369844919756965e-02 0.0
3125 -7.577857144862916e-03 1.378407097536623e-02 0.0
3126 -7.626261635271367e-03 1.387211841655729e-02 0.0
3127 -7.676037424005241e-03 1.396266024014229e-02 0.0
3128 -7.727223359920941e-03 1.405576711192871e-02 0.0
3129 -7.779859392462266e-03 1.415151169968505e-02 0.0
3130 -7.833986602840020e-03 1.424996872985635e-02 0.0
3131 -7.889647236094957e-03 1.435121504588647e-02 0.0
3132 -7.946884734069062e-03 1.445532966819262e-02 0.0
3133 -8.005743769310904e-03 1.456239385583901e-02 0.0
3134 -8.066270279941537e-03 1.467249116995762e-02 0.0
3135 -8.128511505508142e-03 1.478570753896577e-02 0.0
3136 -8.192516023853401e-03 1.490213132563127e-02 0.0
3137 -8.258333789029387e-03 1.502185339603753e-02 0.0
3138 -8.326016170285562e-03 1.514496719050241e-02 0.0
3139 -8.395615992161272e-03 1.527156879650629e-02 0.0
3140 -8.467187575714099e-03 1.540175702368610e-02 0.0
3141 -8.540786780916187e-03 1.553563348095395e-02 0.0
3142 -8.616471050251675e-03 1.567330265580060e-02 0.0
3143 -8.694299453549211e-03 1.581487199584549e-02 0.0
3144 -8.774332734084615e-03 1.596045199269714e-02 0.0
3145 -8.856633355989589e-03 1.611015626818932e-02 0.0
3146 -8.941265553003550e-03 1.626410166306027e-02 0.0
3147 -9.028295378606565e-03 1.642240832814421e-02 0.0
3148 -9.117790757572585e-03 1.658519981814626e-02 0.0
3149 -9.209821538983160e-03 1.675260318807410e-02 0.0
3150 -9.304459550743041e-03 1.692474909240143e-02 0.0
3151 -9.401778655640198e-03 1.710177188704079e-02 0.0
3152 -9.501854808994036e-03 1.728380973420528e-02 0.0
3153 -9.604766117936758e-03 1.747100471024095e-02 0.0
3154 -9.710592902374197e-03 1.766350291651413e-02 0.0
3155 -9.819417757673643e-03 1.786145459344016e-02 0.0
3156 -9.931325619127620e-03 1.806501423774261e-02 0.0
3157 -1.004640382824394e-02 1.827434072303439e-02 0.0
3158 -1.016474220091373e-02 1.848959742381497e-02 0.0
3159 -1.028643309751065e-02 1.871095234298034e-02 0.0
3160 -1.041157149497607e-02 1.893857824294552e-02 0.0
3161 -1.054025506094636e-02 1.917265278048152e-02 0.0
3162 -1.067258422998023e-02 1.941335864537245e-02 0.0
3163 -1.080866228194561e-02 1.966088370300063e-02 0.0
3164 -1.094859542262718e-02 1.991542114097124e-02 0.0
3165 -1.109249286661756e-02 2.017716961989076e-02 0.0
3166 -1.124046692255679e-02 2.044633342841699e-02 0.0
3167 -1.139263308078658e-02 2.072312264270169e-02 0.0
3168 -1.154911010348794e-02 2.100775329035011e-02 0.0
3169 -1.171002011737229e-02 2.130044751902564e-02 0.0
3170 -1.187548870899851e-02 2.160143376983085e-02 0.0
3171 -1.204564502279043e-02 2.191094695560059e-02 0.0
3172 -1.222062186183101e-02 2.222922864424600e-02 0.0
3173 -1.239559870087160e-02 2.254751033289141e-02 0.0
3174 -1.256567837282300e-02 2.285688410767079e-02 0.0
3175 -1.273099793722768e-02 2.315759927896635e-02 0.0
3176 -1.289169061767195e-02 2.344989817958197e-02 0.0
3177 -1.304788590914487e-02 2.373401636002831e-02 0.0
3178 -1.319970968239240e-02 2.401018277834231e-02 0.0
3179 -1.334728428535100e-02 2.427861998459418e-02 0.0
3180 -1.349072864174228e-02 2.453954430023050e-02 0.0
3181 -1.363015834690830e-02 2.479316599239787e-02 0.0
3182 -1.376568576096460e-02 2.503968944338775e-02 0.0
3183 -1.389742009934622e-02 2.527931331533896e-02 0.0
3184 -1.402546752081944e-02 2.551223071033050e-02 0.0
3185 -1.414993121303037e-02 2.573862932599385e-02 0.0
3186 -1.427091147565922e-02 2.595869160677001e-02 0.0
3187 -1.438850580124729e-02 2.617259489093328e-02 0.0
3188 -1.450280895376181e-02 2.638051155350013e-02 0.0
3189 -1.461391304496197e-02 2.658260914513853e-02 0.0
3190 -1.472190760862763e-02 2.677905052718942e-02 0.0
3191 -1.482687967271052e-02 2.696999400290935e-02 0.0
3192 -1.492891382946619e-02 2.715559344503994e-02 0.0
3193 -1.502809230362310e-02 2.733599841980699e-02 0.0
3194 -1.512449501864377e-02 2.751135430744915e-02 0.0
3195 -1.521819966113155e-02 2.768180241937332e-02 0.0
3196 -1.530928174343474e-02 2.784748011203112e-02 0.0
3197 -1.539781466449856e-02 2.800852089760828e-02 0.0
3198 -1.548386976901409e-02 2.816505455161609e-02 0.0
3199 -1.556751640491172e-02 2.831720721747165e-02 0.0
3200 -1.564882197924551e-02 2.846510150815112e-02 0.0
3201 -1.572785201251354e-02 2.860885660499807e-02 0.0
3202 -1.580467019145788e-02 2.874858835376626e-02 0.0
3203 -1.588148837040222e-02 2.888832010253444e-02 0.0
3204 -1.588148837040229e-02 2.888832010253457e-02 0.0
3205 -1.588148837040229e-02 2.888832010253457e-02 0.0
3206 -1.588148837040229e-02 2.888832010253457e-02 0.0
3207 -1.588148837040229e-02 2.888832010253457e-02 0.0
3208 -1.588148837040229e-02 2.888832010253457e-02 0.0
3209 -1.588148837040229e-02 2.888832010253457e-02 0.0
3210 -1.588148837040229e-02 2.888832010253457e-02 0.0
3211 -1.588148837040229e-02 2.888832010253457e-02 0.0
3212 -1.487887004585562e-02 2.706456414058392e-02 0.0
3213 -4.693588046729644e-03 1.185465019507520e-02 0.0
3214 -4.711994274363878e-03 1.190113901936962e-02 0.0
3215 -4.729273023728665e-03 1.194478015861929e-02 0.0
3216 -4.745493358799164e-03 1.198574804851360e-02 0.0
3217 -4.760720113018738e-03 1.202420643963832e-02 0.0
3218 -4.775014148441288e-03 1.206030905199443e-02 0.0
3219 -4.788432598999743e-03 1.209420018942419e-02 0.0
3220 -4.801029098873084e-03 1.212601531640041e-02 0.0
3221 -4.812853996864688e-03 1.215588159948433e-02 0.0
3222 -4.823954557648859e-03 1.218391841561632e-02 0.0
3223 -4.834375150689963e-03 1.221023782927121e-02 0.0
3224 -4.844157427589267e-03 1.223494504038520e-02 0.0
3225 -4.853340488568348e-03 1.225813880484497e-02 0.0
3226 -4.861961038754525e-03 1.227991182921966e-02 0.0
3227 -4.870053534892977e-03 1.230035114131336e-02 0.0
3228 -4.877650323071983e-03 1.231953843801933e-02 0.0
3229 -4.887454963349015e-03 1.234430213257786e-02 0.0
3230 -4.897557912440032e-03 1.236981926919493e-02 0.0
3231 -4.907968246470823e-03 1.239611277154755e-02 0.0
3232 -4.918695317710748e-03 1.242320626077176e-02 0.0
3233 -4.929748762974471e-03 1.245112407668301e-02 0.0
3234 -4.941138512279330e-03 1.247989129964217e-02 0.0
3235 -4.952874797766110e-03 1.250953377308682e-02 0.0
3236 -4.964968162891227e-03 1.254007812674808e-02 0.0
3237 -4.977429471898587e-03 1.257155180057379e-02 0.0
3238 -4.990269919579642e-03 1.260398306937956e-02 0.0
3239 -5.003501041330374e-03 1.263740106824989e-02 0.0
3240 -5.017134723514290e-03 1.267183581871202e-02 0.0
3241 -5.031183214140700e-03 1.270731825570623e-02 0.0
3242 -5.045659133867884e-03 1.274388025537668e-02 0.0
3243 -5.060575487341043e-03 1.278155466370776e-02 0.0
3244 -5.075945674875198e-03 1.282037532603178e-02 0.0
3245 -5.091783504493558e-03 1.286037711743434e-02 0.0
3246 -5.108103204332144e-03 1.290159597408493e-02 0.0
3247 -5.124919435421839e-03 1.294406892552062e-02 0.0
3248 -5.142247304859326e-03 1.298783412791210e-02 0.0
3249 -5.160102379378766e-03 1.303293089834180e-02 0.0
3250 -5.178500699336385e-03 1.307939975012495e-02 0.0
3251 -5.197458793120557e-03 1.312728242920527e-02 0.0
3252 -5.216993692000313e-03 1.317662195165804e-02 0.0
3253 -5.237122945425617e-03 1.322746264233418e-02 0.0
3254 -5.257864636793162e-03 1.327985017468010e-02 0.0
3255 -5.279237399691844e-03 1.333383161176908e-02 0.0
3256 -5.301260434642506e-03 1.338945544858108e-02 0.0
3257 -5.323953526346993e-03 1.344677165556880e-02 0.0
3258 -5.347337061462021e-03 1.350583172354943e-02 0.0
3259 -5.371432046913810e-03 1.356668870996207e-02 0.0
3260 -5.396260128769954e-03 1.362939728653269e-02 0.0
3261 -5.421843611685466e-03 1.369401378838917e-02 0.0
3262 -5.448205478940482e-03 1.376059626467083e-02 0.0
3263 -5.475369413087607e-03 1.382920453067760e-02 0.0
3264 -5.503359817227470e-03 1.389990022160600e-02 0.0
3265 -5.532201836931594e-03 1.397274684791998e-02 0.0
3266 -5.561921382832267e-03 1.404780985240637e-02 0.0
3267 -5.592545153899725e-03 1.412515666896641e-02 0.0
3268 -5.624100661427546e-03 1.420485678319587e-02 0.0
3269 -5.656616253747804e-03 1.428698179480845e-02 0.0
3270 -5.690121141698189e-03 1.437160548195836e-02 0.0
3271 -5.724645424863975e-03 1.445880386751998e-02 0.0
3272 -5.760220118618405e-03 1.454865528738405e-02 0.0
3273 -5.796877181985780e-03 1.464124046083184e-02 0.0
3274 -5.834649546352304e-03 1.473664256305043e-02 0.0
3275 -5.873571145050447e-03 1.483494729985430e-02 0.0
3276 -5.913676943843436e-03 1.493624298468038e-02 0.0
3277 -5.955002972337238e-03 1.504062061792561e-02 0.0
3278 -5.997586356348257e-03 1.514817396869846e-02 0.0
3279 -6.041465351255833e-03 1.525899965905772e-02 0.0
3280 -6.086679376369498e-03 1.537319725081427e-02 0.0
3281 -6.133269050341868e-03 1.549086933497383e-02 0.0
3282 -6.181276227658971e-03 1.561212162390100e-02 0.0
3283 -6.230744036240816e-03 1.573706304628751e-02 0.0
3284 -6.281716916185962e-03 1.586580584500976e-02 0.0
3285 -6.334240659694905e-03 1.599846567796383e-02 0.0
3286 -6.388362452208139e-03 1.613516172196834e-02 0.0
3287 -6.444130914795861e-03 1.627601677982866e-02 0.0
3288 -6.501596147837387e-03 1.642115739065846e-02 0.0
3289 -6.560809776029533e-03 1.657071394355794e-02 0.0
3290 -6.621824994764379e-03 1.672482079475073e-02 0.0
3291 -6.684696617918100e-03 1.688361638828461e-02 0.0
3292 -6.749481127093775e-03 1.704724338040472e-02 0.0
3293 -6.816236722362432e-03 1.721584876771078e-02 0.0
3294 -6.885023374547886e-03 1.738958401921352e-02 0.0
3295 -6.955902879102379e-03 1.756860521240904e-02 0.0
3296 -7.028938911621387e-03 1.775307317349316e-02 0.0
3297 -7.104197085047479e-03 1.794315362184188e-02 0.0
3298 -7.181745008614625e-03 1.813901731888779e-02 0.0
3299 -7.261652348585904e-03 1.834084022152589e-02 0.0
3300 -7.343990890839154e-03 1.854880364018698e-02 0.0
3301 -7.428834605356835e-03 1.876309440172041e-02 0.0
3302 -7.516259712677988e-03 1.898390501723263e-02 0.0
3303 -7.606344752372027e-03 1.921143385503219e-02 0.0
3304 -7.699170653595865e-03 1.944588531883672e-02 0.0
3305 -7.794820807797748e-03 1.968747003140186e-02 0.0
3306 -7.893381143633136e-03 1.993640502373715e-02 0.0
3307 -7.994940204159912e-03 2.019291393007891e-02 0.0
3308 -8.099589226382278e-03 2.045722718879517e-02 0.0
3309 -8.207422223214795e-03 2.072958224940320e-02 0.0
3310 -8.318536067940200e-03 2.101022378588558e-02 0.0
3311 -8.433030581236883e-03 2.129940391649659e-02 0.0
3312 -8.551008620854178e-03 2.159738243025607e-02 0.0
3313 -8.672576174016079e-03 2.190442702033460e-02 0.0
3314 -8.797842452636335e-03 2.222081352453933e-02 0.0
3315 -8.926919991430502e-03 2.254682617311685e-02 0.0
3316 -9.059924749013088e-03 2.288275784409529e-02 0.0
3317 -9.196976212070593e-03 2.322891032639549e-02 0.0
3318 -9.338197502704053e-03 2.358559459094726e-02 0.0
3319 -9.479418793337514e-03 2.394227885549902e-02 0.0
3320 -9.618055020563190e-03 2.429243399518378e-02 0.0
3321 -9.754153504107393e-03 2.463617952598743e-02 0.0
3322 -9.887760697506272e-03 2.497363277614923e-02 0.0
3323 -1.001892220396147e-02 2.530490892620863e-02 0.0
3324 -1.014768279190554e-02 2.563012104831907e-02 0.0
3325 -1.027408641028243e-02 2.594938014484204e-02 0.0
3326 -1.039817620354832e-02 2.626279518623479e-02 0.0
3327 -1.051999452639772e-02 2.657047314824439e-02 0.0
3328 -1.063958295822019e-02 2.687251904842107e-02 0.0
3329 -1.075698231729228e-02 2.716903598196307e-02 0.0
3330 -1.087223267470979e-02 2.746012515690544e-02 0.0
3331 -1.098537336806489e-02 2.774588592866461e-02 0.0
3332 -1.109644301487304e-02 2.802641583395074e-02 0.0
3333 -1.120547952575394e-02 2.830181062405918e-02 0.0
3334 -1.131252011737135e-02 2.857216429755261e-02 0.0
3335 -1.141760132513596e-02 2.883756913234494e-02 0.0
3336 -1.152075901567580e-02 2.909811571719779e-02 0.0
3337 -1.162202839907831e-02 2.935389298264064e-02 0.0
3338 -1.172144404090837e-02 2.960498823132472e-02 0.0
3339 -1.181903987400630e-02 2.985148716782152e-02 0.0
3340 -1.191484921006996e-02 3.009347392787567e-02 0.0
3341 -1.200890475102473e-02 3.033103110712244e-02 0.0
3342 -1.210123860018551e-02 3.056423978927948e-02 0.0
3343 -1.219188227321424e-02 3.079317957382259e-02 0.0
3344 -1.228086670887697e-02 3.101792860315482e-02 0.0
3345 -1.236822227960395e-02 3.123856358927830e-02 0.0
3346 -1.245397880185645e-02 3.145515983997777e-02 0.0
3347 -1.253816554630377e-02 3.166779128452489e-02 0.0
3348 -1.262081124781404e-02 3.187653049891195e-02 0.0
3349 -1.270345694932432e-02 3.208526971329902e-02 0.0
3350 -1.270345694932439e-02 3.208526971329921e-02 0.0
3351 -1.270345694932439e-02 3.208526971329921e-02 0.0
3352 -1.270345694932439e-02 3.208526971329921e-02 0.0
3353 -1.270345694932439e-02 3.208526971329921e-02 0.0
3354 -1.270345694932439e-02 3.208526971329921e-02 0.0
3355 -1.270345694932439e-02 3.208526971329921e-02 0.0
3356 -1.270345694932439e-02 3.208526971329921e-02 0.0
3357 -1.270345694932439e-02 3.208526971329921e-02 0.0
3358 -1.191337551292168e-02 3.008975179376158e-02 0.0
3359 -3.170796061351902e-03 1.234943530439005e-02 0.0
3360 -3.183230555710145e-03 1.239786446244648e-02 0.0
3361 -3.194903371876687e-03 1.244332707980803e-02 0.0
3362 -3.205861166647615e-03 1.248600487269789e-02 0.0
3363 -3.216147738844815e-03 1.252606842626465e-02 0.0
3364 -3.225804204381927e-03 1.256367787641919e-02 0.0
3365 -3.234869160606588e-03 1.259898354990544e-02 0.0
3366 -3.243378840575847e-03 1.263212656516346e-02 0.0
3367 -3.251367257881407e-03 1.266323939638649e-02 0.0
3368 -3.258866342603547e-03 1.269244640302655e-02 0.0
3369 -3.265906068937157e-03 1.271986432686504e-02 0.0
3370 -3.272514575000014e-03 1.274560275863512e-02 0.0
3371 -3.278718275302156e-03 1.276976457606101e-02 0.0
3372 -3.284541966325927e-03 1.279244635506516e-02 0.0
3373 -3.290008925638683e-03 1.281373875578671e-02 0.0
3374 -3.295141004934330e-03 1.283372688495436e-02 0.0
3375 -3.300907060181243e-03 1.285618418742841e-02 0.0
3376 -3.306861606680644e-03 1.287937561486130e-02 0.0
3377 -3.313010806175828e-03 1.290332516565870e-02 0.0
3378 -3.319361021836313e-03 1.292805762272964e-02 0.0
3379 -3.325918824842418e-03 1.295359857913171e-02 0.0
3380 -3.332691001185104e-03 1.297997446455471e-02 0.0
3381 -3.339684558688087e-03 1.300721257266999e-02 0.0
3382 -3.346906734259512e-03 1.303534108937385e-02 0.0
3383 -3.354365001380679e-03 1.306438912195417e-02 0.0
3384 -3.362067077839574e-03 1.309438672921058e-02 0.0
3385 -3.370020933717210e-03 1.312536495255914e-02 0.0
3386 -3.378234799635034e-03 1.315735584815394e-02 0.0
3387 -3.386717175271950e-03 1.319039252005865e-02 0.0
3388 -3.395476838159751e-03 1.322450915450251e-02 0.0
3389 -3.404522852766082e-03 1.325974105525611e-02 0.0
3390 -3.413864579874315e-03 1.329612468016360e-02 0.0
3391 -3.423511686270054e-03 1.333369767886915e-02 0.0
3392 -3.433474154744293e-03 1.337249893177666e-02 0.0
3393 -3.443762294423570e-03 1.341256859028304e-02 0.0
3394 -3.454386751437813e-03 1.345394811832678e-02 0.0
3395 -3.465358519936921e-03 1.349668033529462e-02 0.0
3396 -3.476688953467465e-03 1.354080946033097e-02 0.0
3397 -3.488389776721303e-03 1.358638115809565e-02 0.0
3398 -3.500473097668244e-03 1.363344258601757e-02 0.0
3399 -3.512951420085334e-03 1.368204244309304e-02 0.0
3400 -3.525837656495722e-03 1.373223102027934e-02 0.0
3401 -3.539145141530487e-03 1.378406025253557e-02 0.0
3402 -3.552887645727270e-03 1.383758377256484e-02 0.0
3403 -3.567079389779975e-03 1.389285696631310e-02 0.0
3404 -3.581735059254294e-03 1.394993703028242e-02 0.0
3405 -3.596869819784277e-03 1.400888303071765e-02 0.0
3406 -3.612499332765673e-03 1.406975596472797e-02 0.0
3407 -3.628639771562289e-03 1.413261882340652e-02 0.0
3408 -3.645307838242127e-03 1.419753665701332e-02 0.0
3409 -3.662520780860626e-03 1.426457664228903e-02 0.0
3410 -3.680296411308882e-03 1.433380815196925e-02 0.0
3411 -3.698653123745339e-03 1.440530282657115e-02 0.0
3412 -3.717609913629987e-03 1.447913464852679e-02 0.0
3413 -3.737186397380804e-03 1.455538001873993e-02 0.0
3414 -3.757402832672748e-03 1.463411783564538e-02 0.0
3415 -3.778280139400333e-03 1.471542957685282e-02 0.0
3416 -3.799839921325456e-03 1.479939938345954e-02 0.0
3417 -3.822104488432891e-03 1.488611414711933e-02 0.0
3418 -3.845096880016587e-03 1.497566359995768e-02 0.0
3419 -3.868840888520639e-03 1.506814040742623e-02 0.0
3420 -3.893361084159629e-03 1.516364026419267e-02 0.0
3421 -3.918682840343797e-03 1.526226199316523e-02 0.0
3422 -3.944832359935346e-03 1.536410764775426e-02 0.0
3423 -3.971836702363078e-03 1.546928261747675e-02 0.0
3424 -3.999723811623391e-03 1.557789573701301e-02 0.0
3425 -4.028522545196624e-03 1.569005939882839e-02 0.0
3426 -4.058262703908679e-03 1.580588966947664e-02 0.0
3427 -4.088975062768800e-03 1.592550640970514e-02 0.0
3428 -4.120691402815450e-03 1.604903339848635e-02 0.0
3429 -4.153444544003211e-03 1.617659846110390e-02 0.0
3430 -4.187268379164757e-03 1.630833360142565e-02 0.0
3431 -4.222197909083033e-03 1.644437513850092e-02 0.0
3432 -4.258269278709942e-03 1.658486384762285e-02 0.0
3433 -4.295519814569008e-03 1.672994510600226e-02 0.0
3434 -4.333988063380732e-03 1.687976904320338e-02 0.0
3435 -4.373713831950595e-03 1.703449069649745e-02 0.0
3436 -4.414738228361002e-03 1.719427017129470e-02 0.0
3437 -4.457103704509778e-03 1.735927280682084e-02 0.0
3438 -4.500854100039231e-03 1.752966934720954e-02 0.0
3439 -4.546034687701266e-03 1.770563611818778e-02 0.0
3440 -4.592692220205460e-03 1.788735520953715e-02 0.0
3441 -4.640874978598602e-03 1.807501466351965e-02 0.0
3442 -4.690632822225741e-03 1.826880866946316e-02 0.0
3443 -4.742017240324460e-03 1.846893776470788e-02 0.0
3444 -4.795081405305756e-03 1.867560904212160e-02 0.0
3445 -4.849880227776654e-03 1.888903636439870e-02 0.0
3446 -4.906470413361514e-03 1.910944058536449e-02 0.0
3447 -4.964910521380797e-03 1.933704977851392e-02 0.0
3448 -5.025261025448044e-03 1.957209947302125e-02 0.0
3449 -5.087584376047759e-03 1.981483289746477e-02 0.0
3450 -5.151945065158936e-03 2.006550123151889e-02 0.0
3451 -5.218409692991133e-03 2.032436386587391e-02 0.0
3452 -5.287047036902127e-03 2.059168867065262e-02 0.0
3453 -5.357928122568479e-03 2.086775227260132e-02 0.0
3454 -5.431126297482644e-03 2.115284034134217e-02 0.0
3455 -5.506717306852697e-03 2.144724788498311e-02 0.0
3456 -5.584779371983199e-03 2.175127955539121e-02 0.0
3457 -5.665393271218322e-03 2.206524996344524e-02 0.0
3458 -5.748642423530992e-03 2.238948400459397e-02 0.0
3459 -5.834612974844534e-03 2.272431719505678e-02 0.0
3460 -5.923393887176176e-03 2.307009601901459e-02 0.0
3461 -6.015077030694612e-03 2.342717828715053e-02 0.0
3462 -6.109757278786929e-03 2.379593350691106e-02 0.0
3463 -6.207532606233245e-03 2.417674326487103e-02 0.0
3464 -6.308504190590658e-03 2.457000162159801e-02 0.0
3465 -6.409475774948072e-03 2.496325997832500e-02 0.0
3466 -6.509622094661229e-03 2.535330414147534e-02 0.0
3467 -6.608949894813289e-03 2.574016038141347e-02 0.0
3468 -6.707465865358247e-03 2.612385475378993e-02 0.0
3469 -6.805176641571526e-03 2.650441310129625e-02 0.0
3470 -6.902088804496871e-03 2.688186105540553e-02 0.0
3471 -6.998208881389599e-03 2.725622403809879e-02 0.0
3472 -7.093543346156227e-03 2.762752726357718e-02 0.0
3473 -7.188098619790501e-03 2.799579573996021e-02 0.0
3474 -7.281881070805869e-03 2.836105427097012e-02 0.0
3475 -7.374897015664408e-03 2.872332745760246e-02 0.0
3476 -7.467152719202259e-03 2.908263969978303e-02 0.0
3477 -7.558654395051575e-03 2.943901519801127e-02 0.0
3478 -7.649408206059023e-03 2.979247795499018e-02 0.0
3479 -7.739420264700867e-03 3.014305177724303e-02 0.0
3480 -7.828696633494656e-03 3.049076027671672e-02 0.0
3481 -7.917243325407549e-03 3.083562687237213e-02 0.0
3482 -8.005066304261302e-03 3.117767479176144e-02 0.0
3483 -8.092171485133944e-03 3.151692707259254e-02 0.0
3484 -8.178564734758175e-03 3.185340656428069e-02 0.0
3485 -8.264251871916498e-03 3.218713592948746e-02 0.0
3486 -8.349238667833131e-03 3.251813764564714e-02 0.0
3487 -8.433530846562710e-03 3.284643400648064e-02 0.0
3488 -8.517134085375822e-03 3.317204712349701e-02 0.0
3489 -8.600054015141375e-03 3.349499892748268e-02 0.0
3490 -8.682296220705855e-03 3.381531116997862e-02 0.0
3491 -8.763866241269477e-03 3.413300542474525e-02 0.0
3492 -8.844769570759260e-03 3.444810308921563e-02 0.0
3493 -8.925011658199061e-03 3.476062538593645e-02 0.0
3494 -9.004597908076570e-03 3.507059336399754e-02 0.0
3495 -9.084184157954079e-03 3.538056134205863e-02 0.0
3496 -9.084184157954152e-03 3.538056134205891e-02 0.0
3497 -9.084184157954152e-03 3.538056134205891e-02 0.0
3498 -9.084184157954152e-03 3.538056134205891e-02 0.0
3499 -9.084184157954152e-03 3.538056134205891e-02 0.0
3500 -9.084184157954152e-03 3.538056134205891e-02 0.0
3501 -9.084184157954152e-03 3.538056134205891e-02 0.0
3502 -9.084184157954152e-03 3.538056134205891e-02 0.0
3503 -9.084184157954152e-03 3.538056134205891e-02 0.0
3504 -8.526683268034985e-03 3.320923873442920e-02 0.0
3505 -1.597998727944881e-03 1.264946244175959e-02 0.0
3506 -1.604265389623096e-03 1.269906817682531e-02 0.0
3507 -1.610148185307444e-03 1.274563529966490e-02 0.0
3508 -1.615670628809395e-03 1.278934994126196e-02 0.0
3509 -1.620854793595770e-03 1.283038683109821e-02 0.0
3510 -1.625721401017431e-03 1.286890999555546e-02 0.0
3511 -1.630289903133492e-03 1.290507341353673e-02 0.0
3512 -1.634578560462118e-03 1.293902163192724e-02 0.0
3513 -1.638604514968677e-03 1.297089034335509e-02 0.0
3514 -1.642383858582980e-03 1.300080692856108e-02 0.0
3515 -1.645931697519488e-03 1.302889096554557e-02 0.0
3516 -1.649262212657557e-03 1.305525470752733e-02 0.0
3517 -1.652388716223083e-03 1.308000353162496e-02 0.0
3518 -1.655323704998098e-03 1.310323636005424e-02 0.0
3519 -1.658078910270993e-03 1.312504605552480e-02 0.0
3520 -1.660665344727033e-03 1.314551979241683e-02 0.0
3521 -1.663168616829307e-03 1.316533523149415e-02 0.0
3522 -1.665759732704429e-03 1.318584602563399e-02 0.0
3523 -1.668441774929167e-03 1.320707657594404e-02 0.0
3524 -1.671217934252777e-03 1.322905213980542e-02 0.0
3525 -1.674091513392951e-03 1.325179886092064e-02 0.0
3526 -1.677065930964959e-03 1.327534380041607e-02 0.0
3527 -1.680144725548683e-03 1.329971496903570e-02 0.0
3528 -1.683331559898364e-03 1.332494136046484e-02 0.0
3529 -1.686630225300075e-03 1.335105298582298e-02 0.0
3530 -1.690044646082108e-03 1.337808090936721e-02 0.0
3531 -1.693578884283632e-03 1.340605728544851e-02 0.0
3532 -1.697237144487192e-03 1.343501539676480e-02 0.0
3533 -1.701023778820774e-03 1.346498969395646e-02 0.0
3534 -1.704943292135411e-03 1.349601583659128e-02 0.0
3535 -1.709000347364477e-03 1.352813073558761e-02 0.0
3536 -1.713199771071043e-03 1.356137259712624e-02 0.0
3537 -1.717546559189906e-03 1.359578096810320e-02 0.0
3538 -1.722045882971104e-03 1.363139678317758e-02 0.0
3539 -1.726703095132013e-03 1.366826241347034e-02 0.0
3540 -1.731523736225314e-03 1.370642171697201e-02 0.0
3541 -1.736513541230439e-03 1.374592009071927e-02 0.0
3542 -1.741678446376304e-03 1.378680452480259e-02 0.0
3543 -1.747024596203481e-03 1.382912365826889e-02 0.0
3544 -1.752558350874173e-03 1.387292783698614e-02 0.0
3545 -1.758286293738727e-03 1.391826917353833e-02 0.0
3546 -1.764215239167652e-03 1.396520160922236e-02 0.0
3547 -1.770352240658485e-03 1.401378097822045e-02 0.0
3548 -1.776704599227133e-03 1.406406507402448e-02 0.0
3549 -1.783279872093688e-03 1.411611371819128e-02 0.0
3550 -1.790085881673033e-03 1.416998883151062e-02 0.0
3551 -1.797130724880947e-03 1.422575450767058e-02 0.0
3552 -1.804422782766778e-03 1.428347708950804e-02 0.0
3553 -1.811970730484134e-03 1.434322524793482e-02 0.0
3554 -1.819783547611468e-03 1.440507006363355e-02 0.0
3555 -1.827870528834830e-03 1.446908511162028e-02 0.0
3556 -1.836241295005485e-03 1.453534654877463e-02 0.0
3557 -1.844905804585569e-03 1.460393320444143e-02 0.0
3558 -1.853874365495388e-03 1.467492667421177e-02 0.0
3559 -1.863157647376457e-03 1.474841141699493e-02 0.0
3560 -1.872766694284865e-03 1.482447485549675e-02 0.0
3561 -1.882712937830080e-03 1.490320748022392e-02 0.0
3562 -1.893008210774807e-03 1.498470295713802e-02 0.0
3563 -1.903664761112084e-03 1.506905823908713e-02 0.0
3564 -1.914695266636380e-03 1.515637368114799e-02 0.0
3565 -1.926112850025996e-03 1.524675316001550e-02 0.0
3566 -1.937931094454750e-03 1.534030419758192e-02 0.0
3567 -1.950164059751486e-03 1.543713808885255e-02 0.0
3568 -1.962826299126657e-03 1.553737003435026e-02 0.0
3569 -1.975932876485860e-03 1.564111927716629e-02 0.0
3570 -1.989499384350940e-03 1.574850924482031e-02 0.0
3571 -2.003541962409966e-03 1.585966769609866e-02 0.0
3572 -2.018077316718160e-03 1.597472687304533e-02 0.0
3573 -2.033122739572614e-03 1.609382365828656e-02 0.0
3574 -2.048696130084447e-03 1.621709973787620e-02 0.0
3575 -2.064816015472861e-03 1.634470176985557e-02 0.0
3576 -2.081501573106451e-03 1.647678155872834e-02 0.0
3577 -2.098772653317975e-03 1.661349623605807e-02 0.0
3578 -2.116649803019727e-03 1.675500844740310e-02 0.0
3579 -2.135154290147614e-03 1.690148654581139e-02 0.0
3580 -2.154308128963014e-03 1.705310479210531e-02 0.0
3581 -2.174134106242516e-03 1.721004356219480e-02 0.0
3582 -2.194655808386699e-03 1.737248956166543e-02 0.0
3583 -2.215897649480200e-03 1.754063604789676e-02 0.0
3584 -2.237884900336458e-03 1.771468305997510e-02 0.0
3585 -2.260643718561680e-03 1.789483765667432e-02 0.0
3586 -2.284201179673798e-03 1.808131416278780e-02 0.0
3587 -2.308585309313444e-03 1.827433442410452e-02 0.0
3588 -2.333825116585257e-03 1.847412807133266e-02 0.0
3589 -2.359950628569185e-03 1.868093279328475e-02 0.0
3590 -2.386992926042851e-03 1.889499461964925e-02 0.0
3591 -2.414984180457468e-03 1.911656821368509e-02 0.0
3592 -2.443957692211298e-03 1.934591717518726e-02 0.0
3593 -2.473947930266187e-03 1.958331435408403e-02 0.0
3594 -2.504990573154307e-03 1.982904217503870e-02 0.0
3595 -2.537122551423891e-03 2.008339297344219e-02 0.0
3596 -2.570382091574455e-03 2.034666934319614e-02 0.0
3597 -2.604808761533773e-03 2.061918449670023e-02 0.0
3598 -2.640443517730717e-03 2.090126263747210e-02 0.0
3599 -2.677328753819954e-03 2.119323934584300e-02 0.0
3600 -2.715508351116465e-03 2.149546197818817e-02 0.0
3601 -2.755027730799903e-03 2.180829008016681e-02 0.0
3602 -2.795933907950871e-03 2.213209581446336e-02 0.0
3603 -2.838275547483428e-03 2.246726440353878e-02 0.0
3604 -2.882103022040350e-03 2.281419458791880e-02 0.0
3605 -2.927468471920030e-03 2.317329910056415e-02 0.0
3606 -2.974425867106302e-03 2.354500515788718e-02 0.0
3607 -3.023031071475000e-03 2.392975496799911e-02 0.0
3608 -3.073341909253616e-03 2.432800625679239e-02 0.0
3609 -3.125418233813139e-03 2.474023281248416e-02 0.0
3610 -3.179321998873901e-03 2.516692504926864e-02 0.0
3611 -3.233225763934663e-03 2.559361728605311e-02 0.0
3612 -3.287250458886863e-03 2.602126678149686e-02 0.0
3613 -3.341396355029521e-03 2.644987568315275e-02 0.0
3614 -3.395663724270301e-03 2.687944614339158e-02 0.0
3615 -3.450052839126875e-03 2.730998031941284e-02 0.0
3616 -3.504563972728291e-03 2.774148037325559e-02 0.0
3617 -3.559197398816348e-03 2.817394847180927e-02 0.0
3618 -3.613953391746968e-03 2.860738678682464e-02 0.0
3619 -3.668832226491572e-03 2.904179749492462e-02 0.0
3620 -3.723834178638466e-03 2.947718277761528e-02 0.0
3621 -3.778959524394220e-03 2.991354482129675e-02 0.0
3622 -3.834208540585058e-03 3.035088581727424e-02 0.0
3623 -3.889581504658248e-03 3.078920796176900e-02 0.0
3624 -3.945078694683491e-03 3.122851345592940e-02 0.0
3625 -4.000700389354323e-03 3.166880450584192e-02 0.0
3626 -4.056446867989515e-03 3.211008332254229e-02 0.0
3627 -4.112318410534469e-03 3.255235212202656e-02 0.0
3628 -4.168315297562630e-03 3.299561312526223e-02 0.0
3629 -4.224437810276893e-03 3.343986855819942e-02 0.0
3630 -4.280686230511012e-03 3.388512065178203e-02 0.0
3631 -4.337060840731021e-03 3.433137164195894e-02 0.0
3632 -4.393561924036652e-03 3.477862376969527e-02 0.0
3633 -4.450189764162748e-03 3.522687928098359e-02 0.0
3634 -4.506944645480700e-03 3.567614042685524e-02 0.0
3635 -4.563826852999866e-03 3.612640946339160e-02 0.0
3636 -4.620836672369009e-03 3.657768865173545e-02 0.0
3637 -4.677974389877723e-03 3.702998025810229e-02 0.0
3638 -4.735240292457880e-03 3.748328655379174e-02 0.0
3639 -4.792634667685065e-03 3.793760981519897e-02 0.0
3640 -4.850157803780020e-03 3.839295232382609e-02 0.0
3641 -4.907680939874975e-03 3.884829483245321e-02 0.0
3642 -4.907680939875027e-03 3.884829483245362e-02 0.0
3643 -4.907680939875027e-03 3.884829483245362e-02 0.0
3644 -4.907680939875027e-03 3.884829483245362e-02 0.0
3645 -4.907680939875027e-03 3.884829483245362e-02 0.0
3646 -4.907680939875027e-03 3.884829483245362e-02 0.0
3647 -4.907680939875027e-03 3.884829483245362e-02 0.0
3648 -4.907680939875027e-03 3.884829483245362e-02 0.0
3649 -4.907680939875027e-03 3.884829483245362e-02 0.0
3650 -4.609301257955034e-03 3.648637644426744e-02 0.0
3651 7.807123344564376e-19 1.275000000000000e-02 0.0
3652 7.837739514543060e-19 1.280000000000000e-02 0.0
3653 7.866480283052708e-19 1.284693723697258e-02 0.0
3654 7.893460528298940e-19 1.289099932126500e-02 0.0
3655 7.918788091592956e-19 1.293236237110377e-02 0.0
3656 7.942564208398344e-19 1.297119171654761e-02 0.0
3657 7.964883912973991e-19 1.300764256031936e-02 0.0
3658 7.985836418230495e-19 1.304186059815866e-02 0.0
3659 8.005505472318373e-19 1.307398260117467e-02 0.0
3660 8.023969693373360e-19 1.310413696252660e-02 0.0
3661 8.041302883756801e-19 1.313244421061725e-02 0.0
3662 8.057574325047172e-19 1.315901749085070e-02 0.0
3663 8.072849054961804e-19 1.318396301787983e-02 0.0
3664 8.087188127315712e-19 1.320738050015127e-02 0.0
3665 8.100648856056558e-19 1.322936353844479e-02 0.0
3666 8.113285044351214e-19 1.325000000000000e-02 0.0
3667 8.123719171186947e-19 1.326704022227959e-02 0.0
3668 8.134545761288856e-19 1.328472138571292e-02 0.0
3669 8.145779576545285e-19 1.330306759829315e-02 0.0
3670 8.157435934089780e-19 1.332210387479770e-02 0.0
3671 8.169530727185774e-19 1.334185617089551e-02 0.0
3672 8.182080446896798e-19 1.336235141853714e-02 0.0
3673 8.195102204571798e-19 1.338361756267611e-02 0.0
3674 8.208613755176186e-19 1.340568359937142e-02 0.0
3675 8.222633521500470e-19 1.342857961532319e-02 0.0
3676 8.237180619279440e-19 1.345233682889546e-02 0.0
3677 8.252274883256174e-19 1.347698763268190e-02 0.0
3678 8.267936894226415e-19 1.350256563767263e-02 0.0
3679 8.284188007100154e-19 1.352910571908232e-02 0.0
3680 8.301050380018728e-19 1.355664406390192e-02 0.0
3681 8.318547004567103e-19 1.358521822023917e-02 0.0
3682 8.336701737122543e-19 1.361486714851479e-02 0.0
3683 8.355539331382410e-19 1.364563127458441e-02 0.0
3684 8.375085472115452e-19 1.367755254485867e-02 0.0
3685 8.395366810182590e-19 1.371067448349642e-02 0.0
3686 8.416410998874947e-19 1.374504225174929e-02 0.0
3687 8.438246731618691e-19 1.378070270953834e-02 0.0
3688 8.460903781098073e-19 1.381770447934683e-02 0.0
3689 8.484413039850027e-19 1.385609801251627e-02 0.0
3690 8.508806562385663e-19 1.389593565803597e-02 0.0
3691 8.534117608896097e-19 1.393727173392015e-02 0.0
3692 8.560380690602214e-19 1.398016260126966e-02 0.0
3693 8.587631616810176e-19 1.402466674111951e-02 0.0
3694 8.615907543736865e-19 1.407084483417683e-02 0.0
3695 8.645247025171807e-19 1.411875984355810e-02 0.0
3696 8.675690065044665e-19 1.416847710063835e-02 0.0
3697 8.707278171969989e-19 1.422006439412953e-02 0.0
3698 8.740054415843561e-19 1.427359206250933e-02 0.0
3699 8.774063486567537e-19 1.432913308992663e-02 0.0
3700 8.809351754984438e-19 1.438676320571426e-02 0.0
3701 8.845967336103078e-19 1.444656098764474e-02 0.0
3702 8.883960154702631e-19 1.450860796906992e-02 0.0
3703 8.923382013404300e-19 1.457298875009040e-02 0.0
3704 8.964286663303387e-19 1.463979111290647e-02 0.0
3705 9.006729877258093e-19 1.470910614150779e-02 0.0
3706 9.050769525934930e-19 1.478102834586499e-02 0.0
3707 9.096465656714493e-19 1.485565579079259e-02 0.0
3708 9.143880575565137e-19 1.493309022965881e-02 0.0
3709 9.193078931996187e-19 1.501343724312474e-02 0.0
3710 9.244127807206570e-19 1.509680638310196e-02 0.0
3711 9.297096805548970e-19 1.518331132212483e-02 0.0
3712 9.352058149434302e-19 1.527307000834129e-02 0.0
3713 9.409086777805844e-19 1.536620482633330e-02 0.0
3714 9.468260448317341e-19 1.546284276398634e-02 0.0
3715 9.529659843354350e-19 1.556311558563542e-02 0.0
3716 9.593368680043432e-19 1.566716001172372e-02 0.0
3717 9.659473824399169e-19 1.577511790521883e-02 0.0
3718 9.728065409764619e-19 1.588713646504066e-02 0.0
3719 9.799236959706746e-19 1.600336842676494e-02 0.0
3720 9.873085515534355e-19 1.612397227087578e-02 0.0
3721 9.949711768612420e-19 1.624911243885142e-02 0.0
3722 1.002922019765320e-18 1.637895955737758e-02 0.0
3723 1.011171921117135e-18 1.651369067099432e-02 0.0
3724 1.019732129529727e-18 1.665348948349360e-02 0.0
3725 1.028614316715019e-18 1.679854660839648e-02 0.0
3726 1.037830593398014e-18 1.694905982885174e-02 0.0
3727 1.047393525829587e-18 1.710523436731019e-02 0.0
3728 1.057316152920368e-18 1.726728316534224e-02 0.0
3729 1.067612004019100e-18 1.743542717398050e-02 0.0
3730 1.078295117359694e-18 1.760989565498305e-02 0.0
3731 1.089380059202144e-18 1.779092649342836e-02 0.0
3732 1.100881943693400e-18 1.797876652206786e-02 0.0
3733 1.112816453475270e-18 1.817367185787864e-02 0.0
3734 1.125199861067466e-18 1.837590825127496e-02 0.0
3735 1.138049051054924e-18 1.858575144845482e-02 0.0
3736 1.151381543109684e-18 1.880348756737568e-02 0.0
3737 1.165215515878687e-18 1.902941348787185e-02 0.0
3738 1.179569831770079e-18 1.926383725644556e-02 0.0
3739 1.194464062671818e-18 1.950707850628361e-02 0.0
3740 1.209918516637633e-18 1.975946889307228e-02 0.0
3741 1.225954265576750e-18 2.002135254720474e-02 0.0
3742 1.242593173985107e-18 2.029308654299752e-02 0.0
3743 1.259857928757263e-18 2.057504138555582e-02 0.0
3744 1.277772070119622e-18 2.086760151595149e-02 0.0
3745 1.296360023727176e-18 2.117116583540253e-02 0.0
3746 1.315647133967498e-18 2.148614824916870e-02 0.0
3747 1.335659698517432e-18 2.181297823090494e-02 0.0
3748 1.356425004199565e-18 2.215210140824212e-02 0.0
3749 1.377971364187387e-18 2.250398017039337e-02 0.0
3750 1.400328156609870e-18 2.286909429861463e-02 0.0
3751 1.423525864608087e-18 2.324794162037905e-02 0.0
3752 1.447596117898508e-18 2.364103868815696e-02 0.0
3753 1.472571735899631e-18 2.404892148372727e-02 0.0
3754 1.498486772480747e-18 2.447214614898030e-02 0.0
3755 1.525376562393870e-18 2.491128974420864e-02 0.0
3756 1.553277769452121e-18 2.536695103492000e-02 0.0
3757 1.581178976510372e-18 2.582261232563136e-02 0.0
3758 1.609439163360193e-18 2.628413620124181e-02 0.0
3759 1.638062948672400e-18 2.675159809036995e-02 0.0
3760 1.667055010542101e-18 2.722507439210668e-02 0.0
3761 1.696420087253254e-18 2.770464248850147e-02 0.0
3762 1.726162978053067e-18 2.819038075720917e-02 0.0
3763 1.756288543936353e-18 2.868236858429957e-02 0.0
3764 1.786801708439984e-18 2.918068637723178e-02 0.0
3765 1.817707458447560e-18 2.968541557799554e-02 0.0
3766 1.849010845004441e-18 3.019663867642154e-02 0.0
3767 1.880716984143249e-18 3.071443922366314e-02 0.0
3768 1.912831057720012e-18 3.123890184585137e-02 0.0
3769 1.945358314261045e-18 3.177011225792578e-02 0.0
3770 1.978304069820743e-18 3.230815727764309e-02 0.0
3771 2.011673708850403e-18 3.285312483976618e-02 0.0
3772 2.045472685078221e-18 3.340510401043564e-02 0.0
3773 2.079706522400623e-18 3.396418500172614e-02 0.0
3774 2.114380815785051e-18 3.453045918639015e-02 0.0
3775 2.149501232184372e-18 3.510401911279135e-02 0.0
3776 2.185073511463051e-18 3.568495852003017e-02 0.0
3777 2.221103467335236e-18 3.627337235326389e-02 0.0
3778 2.257596988314919e-18 3.686935677922395e-02 0.0
3779 2.294560038678317e-18 3.747300920193281e-02 0.0
3780 2.331998659438635e-18 3.808442827862308e-02 0.0
3781 2.369918969333375e-18 3.870371393586142e-02 0.0
3782 2.408327165824343e-18 3.933096738587998e-02 0.0
3783 2.447229526110523e-18 3.996629114311784e-02 0.0
3784 2.486632408153988e-18 4.060978904097538e-02 0.0
3785 2.526542251718998e-18 4.126156624878415e-02 0.0
3786 2.566965579424484e-18 4.192172928899509e-02 0.0
3787 2.607388907129970e-18 4.258189232920603e-02 0.0
3788 2.607388907130007e-18 4.258189232920664e-02 0.0
3789 2.607388907130007e-18 4.258189232920664e-02 0.0
3790 2.607388907130007e-18 4.258189232920664e-02 0.0
3791 2.607388907130007e-18 4.258189232920664e-02 0.0
3792 2.607388907130007e-18 4.258189232920664e-02 0.0
3793 2.607388907130007e-18 4.258189232920664e-02 0.0
3794 2.607388907130007e-18 4.258189232920664e-02 0.0
3795 2.607388907130007e-18 4.258189232920664e-02 0.0
3796 2.449293598294706e-18 4.000000000000000e-02 0.0
3797 -6.308504190590658e-03 2.457000162159801e-02 0.0
3798 -2.295270353497650e-02 1.080072244081413e-02 0.0
3799 -2.295270353497651e-02 -1.080072244081412e-02 0.0
3800 -6.308504190590664e-03 -2.457000162159801e-02 0.0
3801 -3.179321998873901e-03 2.516692504926864e-02 0.0
3802 -2.141802514362519e-02 1.359229207143033e-02 0.0
3803 -2.412540408030076e-02 -7.838818965267436e-03 0.0
3804 -9.338197502704050e-03 -2.358559459094726e-02 0.0
3805 1.553277769452121e-18 2.536695103492000e-02 0.0
3806 -1.954557170125087e-02 1.616950313643836e-02 0.0
3807 -2.491763259146083e-02 -4.753292631955009e-03 0.0
3808 -1.222062186183102e-02 -2.222922864424599e-02 0.0
3809 -1.736487291718924e-02 1.849171147779179e-02 0.0
3810 -2.531689515158136e-02 -1.592804034357280e-03 0.0
3811 -1.491031971395127e-02 -2.052229448272744e-02 0.0
3812 -1.491031971395126e-02 2.052229448272744e-02 0.0
3813 -2.531689515158136e-02 1.592804034357286e-03 0.0
3814 -1.736487291718925e-02 -1.849171147779178e-02 0.0
3815 -1.222062186183101e-02 2.222922864424600e-02 0.0
3816 -2.491763259146083e-02 4.753292631955016e-03 0.0
3817 -1.954557170125087e-02 -1.616950313643836e-02 0.0
3818 -4.659833308356362e-18 -2.536695103492000e-02 0.0
3819 -9.338197502704053e-03 2.358559459094726e-02 0.0
3820 -2.412540408030076e-02 7.838818965267441e-03 0.0
3821 -2.141802514362520e-02 -1.359229207143032e-02 0.0
3822 -3.179321998873906e-03 -2.516692504926864e-02 0.0
$EndNodes
$Elements
4015
1 1 2 1 1 1 147
2 1 2 1 1 147 293
3 1 2 1 1 293 439
4 1 2 1 1 439 585
5 1 2 1 1 585 731
6 1 2 1 1 731 877
7 1 2 1 1 877 1023
8 1 2 1 1 1023 1169
9 1 2 1 1 1169 1315
10 1 2 1 1 1315 1461
11 1 2 1 1 1461 1607
12 1 2 1 1 1607 1753
13 1 2 1 1 1753 1899
14 1 2 1 1 1899 2045
15 1 2 1 1 2045 2191
16 1 2 1 1 2191 2337
17 1 2 1 1 2337 2483
18 1 2 1 1 2483 2629
19 1 2 1 1 2629 2775
20 1 2 1 1 2775 2921
21 1 2 1 1 2921 3067
22 1 2 1 1 3067 3213
23 1 2 1 1 3213 3359
24 1 2 1 1 3359 3505
25 1 2 1 1 3505 3651
26 1 2 3 3 146 292
27 1 2 3 3 292 438
28 1 2 3 3 438 584
29 1 2 3 3 584 730
30 1 2 3 3 730 876
31 1 2 3 3 876 1022
32 1 2 3 3 1022 1168
33 1 2 3 3 1168 1314
34 1 2 3 3 1314 1460
35 1 2 3 3 1460 1606
36 1 2 3 3 1606 1752
37 1 2 3 3 1752 1898
38 1 2 3 3 1898 2044
39 1 2 3 3 2044 2190
40 1 2 3 3 2190 2336
41 1 2 3 3 2336 2482
42 1 2 3 3 2482 2628
43 1 2 3 3 2628 2774
44 1 2 3 3 2774 2920
45 1 2 3 3 2920 3066
46 1 2 3 3 3066 3212
47 1 2 3 3 3212 3358
48 1 2 3 3 3358 3504
49 1 2 3 3 3504 3650
50 1 2 3 3 3650 3796
51 1 2 2 2 1 2
52 1 2 2 2 2 3
53 1 2 2 2 3 4
54 1 2 2 2 4 5
55 1 2 2 2 5 6
56 1 2 2 2 6 7
57 1 2 2 2 7 8
58 1 2 2 2 8 9
59 1 2 2 2 9 10
60 1 2 2 2 10 11
61 1 2 2 2 11 12
62 1 2 2 2 12 13
63 1 2 2 2 13 14
64 1 2 2 2 14 15
65 1 2 2 2 15 16
66 1 2 2 2 16 17
67 1 2 2 2 17 18
68 1 2 2 2 18 19
69 1 2 2 2 19 20
70 1 2 2 2 20 21
71 1 2 2 2 21 22
72 1 2 2 2 22 23
73 1 2 2 2 23 24
74 1 2 2 2 24 25
75 1 2 2 2 25 26
76 1 2 2 2 26 27
77 1 2 2 2 27 28
78 1 2 2 2 28 29
79 1 2 2 2 29 30
80 1 2 2 2 30 31
81 1 2 2 2 31 32
82 1 2 2 2 32 33
83 1 2 2 2 33 34
84 1 2 2 2 34 35
85 1 2 2 2 35 36
86 1 2 2 2 36 37
87 1 2 2 2 37 38
88 1 2 2 2 38 39
89 1 2 2 2 39 40
90 1 2 2 2 40 41
91 1 2 2 2 41 42
92 1 2 2 2 42 43
93 1 2 2 2 43 44
94 1 2 2 2 44 45
95 1 2 2 2 45 46
96 1 2 2 2 46 47
97 1 2 2 2 47 48
98 1 2 2 2 48 49
99 1 2 2 2 49 50
100 1 2 2 2 50 51
101 1 2 2 2 51 52
102 1 2 2 2 52 53
103 1 2 2 2 53 54
104 1 2 2 2 54 55
105 1 2 2 2 55 56
106 1 2 2 2 56 57
107 1 2 2 2 57 58
108 1 2 2 2 58 59
109 1 2 2 2 59 60
110 1 2 2 2 60 61
111 1 2 2 2 61 62
112 1 2 2 2 62 63
113 1 2 2 2 63 64
114 1 2 2 2 64 65
115 1 2 2 2 65 66
116 1 2 2 2 66 67
117 1 2 2 2 67 68
118 1 2 2 2 68 69
119 1 2 2 2 69 70
120 1 2 2 2 70 71
121 1 2 2 2 71 72
122 1 2 2 2 72 73
123 1 2 2 2 73 74
124 1 2 2 2 74 75
125 1 2 2 2 75 76
126 1 2 2 2 76 77
127 1 2 2 2 77 78
128 1 2 2 2 78 79
129 1 2 2 2 79 80
130 1 2 2 2 80 81
131 1 2 2 2 81 82
132 1 2 2 2 82 83
133 1 2 2 2 83 84
134 1 2 2 2 84 85
135 1 2 2 2 85 86
136 1 2 2 2 86 87
137 1 2 2 2 87 88
138 1 2 2 2 88 89
139 1 2 2 2 89 90
140 1 2 2 2 90 91
141 1 2 2 2 91 92
142 1 2 2 2 92 93
143 1 2 2 2 93 94
144 1 2 2 2 94 95
145 1 2 2 2 95 96
146 1 2 2 2 96 97
147 1 2 2 2 97 98
148 1 2 2 2 98 99
149 1 2 2 2 99 100
150 1 2 2 2 100 101
151 1 2 2 2 101 102
152 1 2 2 2 102 103
153 1 2 2 2 103 104
154 1 2 2 2 104 105
155 1 2 2 2 105 106
156 1 2 2 2 106 107
157 1 2 2 2 107 108
158 1 2 2 2 108 109
159 1 2 2 2 109 110
160 1 2 2 2 110 111
161 1 2 2 2 111 112
162 1 2 2 2 112 113
163 1 2 2 2 113 114
164 1 2 2 2 114 115
165 1 2 2 2 115 116
166 1 2 2 2 116 117
167 1 2 2 2 117 118
168 1 2 2 2 118 119
169 1 2 2 2 119 120
170 1 2 2 2 120 121
171 1 2 2 2 121 122
172 1 2 2 2 122 123
173 1 2 2 2 123 124
174 1 2 2 2 124 125
175 1 2 2 2 125 126
176 1 2 2 2 126 127
177 1 2 2 2 127 128
178 1 2 2 2 128 129
179 1 2 2 2 129 130
180 1 2 2 2 130 131
181 1 2 2 2 131 132
182 1 2 2 2 132 133
183 1 2 2 2 133 134
184 1 2 2 2 134 135
185 1 2 2 2 135 136
186 1 2 2 2 136 137
187 1 2 2 2 137 138
188 1 2 2 2 138 139
189 1 2 2 2 139 140
190 1 2 2 2 140 141
191 1 2 2 2 141 142
192 1 2 2 2 142 143
193 1 2 2 2 143 144
194 1 2 2 2 144 145
195 1 2 2 2 145 146
196 1 2 2 2 3651 3652
197 1 2 2 2 3652 3653
198 1 2 2 2 3653 3654
199 1 2 2 2 3654 3655
200 1 2 2 2 3655 3656
201 1 2 2 2 3656 3657
202 1 2 2 2 3657 3658
203 1 2 2 2 3658 3659
204 1 2 2 2 3659 3660
205 1 2 2 2 3660 3661
206 1 2 2 2 3661 3662
207 1 2 2 2 3662 3663
208 1 2 2 2 3663 3664
209 1 2 2 2 3664 3665
210 1 2 2 2 3665 3666
211 1 2 2 2 3666 3667
212 1 2 2 2 3667 3668
213 1 2 2 2 3668 3669
214 1 2 2 2 3669 3670
215 1 2 2 2 3670 3671
216 1 2 2 2 3671 3672
217 1 2 2 2 3672 3673
218 1 2 2 2 3673 3674
219 1 2 2 2 3674 3675
220 1 2 2 2 3675 3676
221 1 2 2 2 3676 3677
222 1 2 2 2 3677 3678
223 1 2 2 2 3678 3679
224 1 2 2 2 3679 3680
225 1 2 2 2 3680 3681
226 1 2 2 2 3681 3682
227 1 2 2 2 3682 3683
228 1 2 2 2 3683 3684
229 1 2 2 2 3684 3685
230 1 2 2 2 3685 3686
231 1 2 2 2 3686 3687
232 1 2 2 2 3687 3688
233 1 2 2 2 3688 3689
234 1 2 2 2 3689 3690
235 1 2 2 2 3690 3691
236 1 2 2 2 3691 3692
237 1 2 2 2 3692 3693
238 1 2 2 2 3693 3694
239 1 2 2 2 3694 3695
240 1 2 2 2 3695 3696
241 1 2 2 2 3696 3697
242 1 2 2 2 3697 3698
243 1 2 2 2 3698 3699
244 1 2 2 2 3699 3700
245 1 2 2 2 3700 3701
246 1 2 2 2 3701 3702
247 1 2 2 2 3702 3703
248 1 2 2 2 3703 3704
249 1 2 2 2 3704 3705
250 1 2 2 2 3705 3706
251 1 2 2 2 3706 3707
252 1 2 2 2 3707 3708
253 1 2 2 2 3708 3709
254 1 2 2 2 3709 3710
255 1 2 2 2 3710 3711
256 1 2 2 2 3711 3712
257 1 2 2 2 3712 3713
258 1 2 2 2 3713 3714
259 1 2 2 2 3714 3715
260 1 2 2 2 3715 3716
261 1 2 2 2 3716 3717
262 1 2 2 2 3717 3718
263 1 2 2 2 3718 3719
264 1 2 2 2 3719 3720
265 1 2 2 2 3720 3721
266 1 2 2 2 3721 3722
267 1 2 2 2 3722 3723
268 1 2 2 2 3723 3724
269 1 2 2 2 3724 3725
270 1 2 2 2 3725 3726
271 1 2 2 2 3726 3727
272 1 2 2 2 3727 3728
273 1 2 2 2 3728 3729
274 1 2 2 2 3729 3730
275 1 2 2 2 3730 3731
276 1 2 2 2 3731 3732
277 1 2 2 2 3732 3733
278 1 2 2 2 3733 3734
279 1 2 2 2 3734 3735
280 1 2 2 2 3735 3736
281 1 2 2 2 3736 3737
282 1 2 2 2 3737 3738
283 1 2 2 2 3738 3739
284 1 2 2 2 3739 3740
285 1 2 2 2 3740 3741
286 1 2 2 2 3741 3742
287 1 2 2 2 3742 3743
288 1 2 2 2 3743 3744
289 1 2 2 2 3744 3745
290 1 2 2 2 3745 3746
291 1 2 2 2 3746 3747
292 1 2 2 2 3747 3748
293 1 2 2 2 3748 3749
294 1 2 2 2 3749 3750
295 1 2 2 2 3750 3751
296 1 2 2 2 3751 3752
297 1 2 2 2 3752 3753
298 1 2 2 2 3753 3754
299 1 2 2 2 3754 3755
300 1 2 2 2 3755 3756
301 1 2 2 2 3756 3757
302 1 2 2 2 3757 3758
303 1 2 2 2 3758 3759
304 1 2 2 2 3759 3760
305 1 2 2 2 3760 3761
306 1 2 2 2 3761 3762
307 1 2 2 2 3762 3763
308 1 2 2 2 3763 3764
309 1 2 2 2 3764 3765
310 1 2 2 2 3765 3766
311 1 2 2 2 3766 3767
312 1 2 2 2 3767 3768
313 1 2 2 2 3768 3769
314 1 2 2 2 3769 3770
315 1 2 2 2 3770 3771
316 1 2 2 2 3771 3772
317 1 2 2 2 3772 3773
318 1 2 2 2 3773 3774
319 1 2 2 2 3774 3775
320 1 2 2 2 3775 3776
321 1 2 2 2 3776 3777
322 1 2 2 2 3777 3778
323 1 2 2 2 3778 3779
324 1 2 2 2 3779 3780
325 1 2 2 2 3780 3781
326 1 2 2 2 3781 3782
327 1 2 2 2 3782 3783
328 1 2 2 2 3783 3784
329 1 2 2 2 3784 3785
330 1 2 2 2 3785 3786
331 1 2 2 2 3786 3787
332 1 2 2 2 3787 3788
333 1 2 2 2 3788 3789
334 1 2 2 2 3789 3790
335 1 2 2 2 3790 3791
336 1 2 2 2 3791 3792
337 1 2 2 2 3792 3793
338 1 2 2 2 3793 3794
339 1 2 2 2 3794 3795
340 1 2 2 2 3795 3796
341 3 2 15 15 1 147 148 2
342 3 2 15 15 2 148 149 3
343 3 2 15 15 3 149 150 4
344 3 2 15 15 4 150 151 5
345 3 2 15 15 5 151 152 6
346 3 2 15 15 6 152 153 7
347 3 2 15 15 7 153 154 8
348 3 2 15 15 8 154 155 9
349 3 2 15 15 9 155 156 10
350 3 2 15 15 10 156 157 11
351 3 2 15 15 11 157 158 12
352 3 2 15 15 12 158 159 13
353 3 2 15 15 13 159 160 14
354 3 2 15 15 14 160 161 15
355 3 2 15 15 15 161 162 16
356 3 2 15 15 2191 2337 2338 2192
357 3 2 15 15 2192 2338 2339 2193
358 3 2 15 15 2193 2339 2340 2194
359 3 2 15 15 2194 2340 2341 2195
360 3 2 15 15 2195 2341 2342 2196
361 3 2 15 15 2196 2342 2343 2197
362 3 2 15 15 2197 2343 2344 2198
363 3 2 15 15 2198 2344 2345 2199
364 3 2 15 15 2199 2345 2346 2200
365 3 2 15 15 2200 2346 2347 2201
366 3 2 15 15 2201 2347 2348 2202
367 3 2 15 15 2202 2348 2349 2203
368 3 2 15 15 2203 2349 2350 2204
369 3 2 15 15 2204 2350 2351 2205
370 3 2 15 15 2205 2351 2352 2206
371 3 2 15 15 147 293 294 148
372 3 2 15 15 148 294 295 149
373 3 2 15 15 149 295 296 150
374 3 2 15 15 150 296 297 151
375 3 2 15 15 151 297 298 152
376 3 2 15 15 152 298 299 153
377 3 2 15 15 153 299 300 154
378 3 2 15 15 154 300 301 155
379 3 2 15 15 155 301 302 156
380 3 2 15 15 156 302 303 157
381 3 2 15 15 157 303 304 158
382 3 2 15 15 158 304 305 159
383 3 2 15 15 159 305 306 160
384 3 2 15 15 160 306 307 161
385 3 2 15 15 161 307 308 162
386 3 2 15 15 2337 2483 2484 2338
387 3 2 15 15 2338 2484 2485 2339
388 3 2 15 15 2339 2485 2486 2340
389 3 2 15 15 2340 2486 2487 2341
390 3 2 15 15 2341 2487 2488 2342
391 3 2 15 15 2342 2488 2489 2343
392 3 2 15 15 2343 2489 2490 2344
393 3 2 15 15 2344 2490 2491 2345
394 3 2 15 15 2345 2491 2492 2346
395 3 2 15 15 2346 2492 2493 2347
396 3 2 15 15 2347 2493 2494 2348
397 3 2 15 15 2348 2494 2495 2349
398 3 2 15 15 2349 2495 2496 2350
399 3 2 15 15 2350 2496 2497 2351
400 3 2 15 15 2351 2497 2498 2352
401 3 2 15 15 293 439 440 294
402 3 2 15 15 294 440 441 295
403 3 2 15 15 295 441 442 296
404 3 2 15 15 296 442 443 297
405 3 2 15 15 297 443 444 298
406 3 2 15 15 298 444 445 299
407 3 2 15 15 299 445 446 300
408 3 2 15 15 300 446 447 301
409 3 2 15 15 301 447 448 302
410 3 2 15 15 302 448 449 303
411 3 2 15 15 303 449 450 304
412 3 2 15 15 304 450 451 305
413 3 2 15 15 305 451 452 306
414 3 2 15 15 306 452 453 307
415 3 2 15 15 307 453 454 308
416 3 2 15 15 2483 2629 2630 2484
417 3 2 15 15 2484 2630 2631 2485
418 3 2 15 15 2485 2631 2632 2486
419 3 2 15 15 2486 2632 2633 2487
420 3 2 15 15 2487 2633 2634 2488
421 3 2 15 15 2488 2634 2635 2489
422 3 2 15 15 2489 2635 2636 2490
423 3 2 15 15 2490 2636 2637 2491
424 3 2 15 15 2491 2637 2638 2492
425 3 2 15 15 2492 2638 2639 2493
426 3 2 15 15 2493 2639 2640 2494
427 3 2 15 15 2494 2640 2641 2495
428 3 2 15 15 2495 2641 2642 2496
429 3 2 15 15 2496 2642 2643 2497
430 3 2 15 15 2497 2643 2644 2498
431 3 2 15 15 439 585 586 440
432 3 2 15 15 440 586 587 441
433 3 2 15 15 441 587 588 442
434 3 2 15 15 442 588 589 443
435 3 2 15 15 443 589 590 444
436 3 2 15 15 444 590 591 445
437 3 2 15 15 445 591 592 446
438 3 2 15 15 446 592 593 447
439 3 2 15 15 447 593 594 448
440 3 2 15 15 448 594 595 449
441 3 2 15 15 449 595 596 450
442 3 2 15 15 450 596 597 451
443 3 2 15 15 451 597 598 452
444 3 2 15 15 452 598 599 453
445 3 2 15 15 453 599 600 454
446 3 2 15 15 2629 2775 2776 2630
447 3 2 15 15 2630 2776 2777 2631
448 3 2 15 15 2631 2777 2778 2632
449 3 2 15 15 2632 2778 2779 2633
450 3 2 15 15 2633 2779 2780 2634
451 3 2 15 15 2634 2780 2781 2635
452 3 2 15 15 2635 2781 2782 2636
453 3 2 15 15 2636 2782 2783 2637
454 3 2 15 15 2637 2783 2784 2638
455 3 2 15 15 2638 2784 2785 2639
456 3 2 15 15 2639 2785 2786 2640
457 3 2 15 15 2640 2786 2787 2641
458 3 2 15 15 2641 2787 2788 2642
459 3 2 15 15 2642 2788 2789 2643
460 3 2 15 15 2643 2789 2790 2644
461 3 2 15 15 585 731 732 586
462 3 2 15 15 586 732 733 587
463 3 2 15 15 587 733 734 588
464 3 2 15 15 588 734 735 589
465 3 2 15 15 589 735 736 590
466 3 2 15 15 590 736 737 591
467 3 2 15 15 591 737 738 592
468 3 2 15 15 592 738 739 593
469 3 2 15 15 593 739 740 594
470 3 2 15 15 594 740 741 595
471 3 2 15 15 595 741 742 596
472 3 2 15 15 596 742 743 597
473 3 2 15 15 597 743 744 598
474 3 2 15 15 598 744 745 599
475 3 2 15 15 599 745 746 600
476 3 2 15 15 2775 2921 2922 2776
477 3 2 15 15 2776 2922 2923 2777
478 3 2 15 15 2777 2923 2924 2778
479 3 2 15 15 2778 2924 2925 2779
480 3 2 15 15 2779 2925 2926 2780
481 3 2 15 15 2780 2926 2927 2781
482 3 2 15 15 2781 2927 2928 2782
483 3 2 15 15 2782 2928 2929 2783
484 3 2 15 15 2783 2929 2930 2784
485 3 2 15 15 2784 2930 2931 2785
486 3 2 15 15 2785 2931 2932 2786
487 3 2 15 15 2786 2932 2933 2787
488 3 2 15 15 2787 2933 2934 2788
489 3 2 15 15 2788 2934 2935 2789
490 3 2 15 15 2789 2935 2936 2790
491 3 2 15 15 731 877 878 732
492 3 2 15 15 732 878 879 733
493 3 2 15 15 733 879 880 734
494 3 2 15 15 734 880 881 735
495 3 2 15 15 735 881 882 736
496 3 2 15 15 736 882 883 737
497 3 2 15 15 737 883 884 738
498 3 2 15 15 738 884 885 739
499 3 2 15 15 739 885 886 740
500 3 2 15 15 740 886 887 741
501 3 2 15 15 741 887 888 742
502 3 2 15 15 742 888 889 743
503 3 2 15 15 743 889 890 744
504 3 2 15 15 744 890 891 745
505 3 2 15 15 745 891 892 746
506 3 2 15 15 2921 3067 3068 2922
507 3 2 15 15 2922 3068 3069 2923
508 3 2 15 15 2923 3069 3070 2924
509 3 2 15 15 2924 3070 3071 2925
510 3 2 15 15 2925 3071 3072 2926
511 3 2 15 15 2926 3072 3073 2927
512 3 2 15 15 2927 3073 3074 2928
513 3 2 15 15 2928 3074 3075 2929
514 3 2 15 15 2929 3075 3076 2930
515 3 2 15 15 2930 3076 3077 2931
516 3 2 15 15 2931 3077 3078 2932
517 3 2 15 15 2932 3078 3079 2933
518 3 2 15 15 2933 3079 3080 2934
519 3 2 15 15 2934 3080 3081 2935
520 3 2 15 15 2935 3081 3082 2936
521 3 2 15 15 877 1023 1024 878
522 3 2 15 15 878 1024 1025 879
523 3 2 15 15 879 1025 1026 880
524 3 2 15 15 880 1026 1027 881
525 3 2 15 15 881 1027 1028 882
526 3 2 15 15 882 1028 1029 883
527 3 2 15 15 883 1029 1030 884
528 3 2 15 15 884 1030 1031 885
529 3 2 15 15 885 1031 1032 886
530 3 2 15 15 886 1032 1033 887
531 3 2 15 15 887 1033 1034 888
532 3 2 15 15 888 1034 1035 889
533 3 2 15 15 889 1035 1036 890
534 3 2 15 15 890 1036 1037 891
535 3 2 15 15 891 1037 1038 892
536 3 2 15 15 3067 3213 3214 3068
537 3 2 15 15 3068 3214 3215 3069
538 3 2 15 15 3069 3215 3216 3070
539 3 2 15 15 3070 3216 3217 3071
540 3 2 15 15 3071 3217 3218 3072
541 3 2 15 15 3072 3218 3219 3073
542 3 2 15 15 3073 3219 3220 3074
543 3 2 15 15 3074 3220 3221 3075
544 3 2 15 15 3075 3221 3222 3076
545 3 2 15 15 3076 3222 3223 3077
546 3 2 15 15 3077 3223 3224 3078
547 3 2 15 15 3078 3224 3225 3079
548 3 2 15 15 3079 3225 3226 3080
549 3 2 15 15 3080 3226 3227 3081
550 3 2 15 15 3081 3227 3228 3082
551 3 2 15 15 1023 1169 1170 1024
552 3 2 15 15 1024 1170 1171 1025
553 3 2 15 15 1025 1171 1172 1026
554 3 2 15 15 1026 1172 1173 1027
555 3 2 15 15 1027 1173 1174 1028
556 3 2 15 15 1028 1174 1175 1029
557 3 2 15 15 1029 1175 1176 1030
558 3 2 15 15 1030 1176 1177 1031
559 3 2 15 15 1031 1177 1178 1032
560 3 2 15 15 1032 1178 1179 1033
561 3 2 15 15 1033 1179 1180 1034
562 3 2 15 15 1034 1180 1181 1035
563 3 2 15 15 1035 1181 1182 1036
564 3 2 15 15 1036 1182 1183 1037
565 3 2 15 15 1037 1183 1184 1038
566 3 2 15 15 3213 3359 3360 3214
567 3 2 15 15 3214 3360 3361 3215
568 3 2 15 15 3215 3361 3362 3216
569 3 2 15 15 3216 3362 3363 3217
570 3 2 15 15 3217 3363 3364 3218
571 3 2 15 15 3218 3364 3365 3219
572 3 2 15 15 3219 3365 3366 3220
573 3 2 15 15 3220 3366 3367 3221
574 3 2 15 15 3221 3367 3368 3222
575 3 2 15 15 3222 3368 3369 3223
576 3 2 15 15 3223 3369 3370 3224
577 3 2 15 15 3224 3370 3371 3225
578 3 2 15 15 3225 3371 3372 3226
579 3 2 15 15 3226 3372 3373 3227
580 3 2 15 15 3227 3373 3374 3228
581 3 2 15 15 1169 1315 1316 1170
582 3 2 15 15 1170 1316 1317 1171
583 3 2 15 15 1171 1317 1318 1172
584 3 2 15 15 1172 1318 1319 1173
585 3 2 15 15 1173 1319 1320 1174
586 3 2 15 15 1174 1320 1321 1175
587 3 2 15 15 1175 1321 1322 1176
588 3 2 15 15 1176 1322 1323 1177
589 3 2 15 15 1177 1323 1324 1178
590 3 2 15 15 1178 1324 1325 1179
591 3 2 15 15 1179 1325 1326 1180
592 3 2 15 15 1180 1326 1327 1181
593 3 2 15 15 1181 1327 1328 1182
594 3 2 15 15 1182 1328 1329 1183
595 3 2 15 15 1183 1329 1330 1184
596 3 2 15 15 3359 3505 3506 3360
597 3 2 15 15 3360 3506 3507 3361
598 3 2 15 15 3361 3507 3508 3362
599 3 2 15 15 3362 3508 3509 3363
600 3 2 15 15 3363 3509 3510 3364
601 3 2 15 15 3364 3510 3511 3365
602 3 2 15 15 3365 3511 3512 3366
603 3 2 15 15 3366 3512 3513 3367
604 3 2 15 15 3367 3513 3514 3368
605 3 2 15 15 3368 3514 3515 3369
606 3 2 15 15 3369 3515 3516 3370
607 3 2 15 15 3370 3516 3517 3371
608 3 2 15 15 3371 3517 3518 3372
609 3 2 15 15 3372 3518 3519 3373
610 3 2 15 15 3373 3519 3520 3374
611 3 2 15 15 1315 1461 1462 1316
612 3 2 15 15 1316 1462 1463 1317
613 3 2 15 15 1317 1463 1464 1318
614 3 2 15 15 1318 1464 1465 1319
615 3 2 15 15 1319 1465 1466 1320
616 3 2 15 15 1320 1466 1467 1321
617 3 2 15 15 1321 1467 1468 1322
618 3 2 15 15 1322 1468 1469 1323
619 3 2 15 15 1323 1469 1470 1324
620 3 2 15 15 1324 1470 1471 1325
621 3 2 15 15 1325 1471 1472 1326
622 3 2 15 15 1326 1472 1473 1327
623 3 2 15 15 1327 1473 1474 1328
624 3 2 15 15 1328 1474 1475 1329
625 3 2 15 15 1329 1475 1476 1330
626 3 2 15 15 3505 3651 3652 3506
627 3 2 15 15 3506 3652 3653 3507
628 3 2 15 15 3507 3653 3654 3508
629 3 2 15 15 3508 3654 3655 3509
630 3 2 15 15 3509 3655 3656 3510
631 3 2 15 15 3510 3656 3657 3511
632 3 2 15 15 3511 3657 3658 3512
633 3 2 15 15 3512 3658 3659 3513
634 3 2 15 15 3513 3659 3660 3514
635 3 2 15 15 3514 3660 3661 3515
636 3 2 15 15 3515 3661 3662 3516
637 3 2 15 15 3516 3662 3663 3517
638 3 2 15 15 3517 3663 3664 3518
639 3 2 15 15 3518 3664 3665 3519
640 3 2 15 15 3519 3665 3666 3520
641 3 2 15 15 1461 1607 1608 1462
642 3 2 15 15 1462 1608 1609 1463
643 3 2 15 15 1463 1609 1610 1464
644 3 2 15 15 1464 1610 1611 1465
645 3 2 15 15 1465 1611 1612 1466
646 3 2 15 15 1466 1612 1613 1467
647 3 2 15 15 1467 1613 1614 1468
648 3 2 15 15 1468 1614 1615 1469
649 3 2 15 15 1469 1615 1616 1470
650 3 2 15 15 1470 1616 1617 1471
651 3 2 15 15 1471 1617 1618 1472
652 3 2 15 15 1472 1618 1619 1473
653 3 2 15 15 1473 1619 1620 1474
654 3 2 15 15 1474 1620 1621 1475
655 3 2 15 15 1475 1621 1622 1476
656 3 2 15 15 1607 1753 1754 1608
657 3 2 15 15 1608 1754 1755 1609
658 3 2 15 15 1609 1755 1756 1610
659 3 2 15 15 1610 1756 1757 1611
660 3 2 15 15 1611 1757 1758 1612
661 3 2 15 15 1612 1758 1759 1613
662 3 2 15 15 1613 1759 1760 1614
663 3 2 15 15 1614 1760 1761 1615
664 3 2 15 15 1615 1761 1762 1616
665 3 2 15 15 1616 1762 1763 1617
666 3 2 15 15 1617 1763 1764 1618
667 3 2 15 15 1618 1764 1765 1619
668 3 2 15 15 1619 1765 1766 1620
669 3 2 15 15 1620 1766 1767 1621
670 3 2 15 15 1621 1767 1768 1622
671 3 2 15 15 1753 1899 1900 1754
672 3 2 15 15 1754 1900 1901 1755
673 3 2 15 15 1755 1901 1902 1756
674 3 2 15 15 1756 1902 1903 1757
675 3 2 15 15 1757 1903 1904 1758
676 3 2 15 15 1758 1904 1905 1759
677 3 2 15 15 1759 1905 1906 1760
678 3 2 15 15 1760 1906 1907 1761
679 3 2 15 15 1761 1907 1908 1762
680 3 2 15 15 1762 1908 1909 1763
681 3 2 15 15 1763 1909 1910 1764
682 3 2 15 15 1764 1910 1911 1765
683 3 2 15 15 1765 1911 1912 1766
684 3 2 15 15 1766 1912 1913 1767
685 3 2 15 15 1767 1913 1914 1768
686 3 2 15 15 1899 2045 2046 1900
687 3 2 15 15 1900 2046 2047 1901
688 3 2 15 15 1901 2047 2048 1902
689 3 2 15 15 1902 2048 2049 1903
690 3 2 15 15 1903 2049 2050 1904
691 3 2 15 15 1904 2050 2051 1905
692 3 2 15 15 1905 2051 2052 1906
693 3 2 15 15 1906 2052 2053 1907
694 3 2 15 15 1907 2053 2054 1908
695 3 2 15 15 1908 2054 2055 1909
696 3 2 15 15 1909 2055 2056 1910
697 3 2 15 15 1910 2056 2057 1911
698 3 2 15 15 1911 2057 2058 1912
699 3 2 15 15 1912 2058 2059 1913
700 3 2 15 15 1913 2059 2060 1914
701 3 2 15 15 2045 2191 2192 2046
702 3 2 15 15 2046 2192 2193 2047
703 3 2 15 15 2047 2193 2194 2048
704 3 2 15 15 2048 2194 2195 2049
705 3 2 15 15 2049 2195 2196 2050
706 3 2 15 15 2050 2196 2197 2051
707 3 2 15 15 2051 2197 2198 2052
708 3 2 15 15 2052 2198 2199 2053
709 3 2 15 15 2053 2199 2200 2054
710 3 2 15 15 2054 2200 2201 2055
711 3 2 15 15 2055 2201 2202 2056
712 3 2 15 15 2056 2202 2203 2057
713 3 2 15 15 2057 2203 2204 2058
714 3 2 15 15 2058 2204 2205 2059
715 3 2 15 15 2059 2205 2206 2060
716 3 2 16 16 16 162 163 17
717 3 2 16 16 17 163 164 18
718 3 2 16 16 18 164 165 19
719 3 2 16 16 19 165 166 20
720 3 2 16 16 20 166 167 21
721 3 2 16 16 21 167 168 22
722 3 2 16 16 22 168 169 23
723 3 2 16 16 23 169 170 24
724 3 2 16 16 24 170 171 25
725 3 2 16 16 25 171 172 26
726 3 2 16 16 26 172 173 27
727 3 2 16 16 27 173 174 28
728 3 2 16 16 28 174 175 29
729 3 2 16 16 29 175 176 30
730 3 2 16 16 30 176 177 31
731 3 2 16 16 31 177 178 32
732 3 2 16 16 32 178 179 33
733 3 2 16 16 33 179 180 34
734 3 2 16 16 34 180 181 35
735 3 2 16 16 35 181 182 36
736 3 2 16 16 36 182 183 37
737 3 2 16 16 37 183 184 38
738 3 2 16 16 38 184 185 39
739 3 2 16 16 39 185 186 40
740 3 2 16 16 40 186 187 41
741 3 2 16 16 41 187 188 42
742 3 2 16 16 42 188 189 43
743 3 2 16 16 43 189 190 44
744 3 2 16 16 44 190 191 45
745 3 2 16 16 45 191 192 46
746 3 2 16 16 46 192 193 47
747 3 2 16 16 47 193 194 48
748 3 2 16 16 48 194 195 49
749 3 2 16 16 49 195 196 50
750 3 2 16 16 50 196 197 51
751 3 2 16 16 51 197 198 52
752 3 2 16 16 52 198 199 53
753 3 2 16 16 53 199 200 54
754 3 2 16 16 54 200 201 55
755 3 2 16 16 55 201 202 56
756 3 2 16 16 56 202 203 57
757 3 2 16 16 57 203 204 58
758 3 2 16 16 58 204 205 59
759 3 2 16 16 59 205 206 60
760 3 2 16 16 60 206 207 61
761 3 2 16 16 61 207 208 62
762 3 2 16 16 62 208 209 63
763 3 2 16 16 63 209 210 64
764 3 2 16 16 64 210 211 65
765 3 2 16 16 65 211 212 66
766 3 2 16 16 66 212 213 67
767 3 2 16 16 67 213 214 68
768 3 2 16 16 68 214 215 69
769 3 2 16 16 69 215 216 70
770 3 2 16 16 70 216 217 71
771 3 2 16 16 71 217 218 72
772 3 2 16 16 72 218 219 73
773 3 2 16 16 73 219 220 74
774 3 2 16 16 74 220 221 75
775 3 2 16 16 75 221 222 76
776 3 2 16 16 76 222 223 77
777 3 2 16 16 77 223 224 78
778 3 2 16 16 78 224 225 79
779 3 2 16 16 79 225 226 80
780 3 2 16 16 80 226 227 81
781 3 2 16 16 81 227 228 82
782 3 2 16 16 82 228 229 83
783 3 2 16 16 83 229 230 84
784 3 2 16 16 84 230 231 85
785 3 2 16 16 85 231 232 86
786 3 2 16 16 86 232 233 87
787 3 2 16 16 87 233 234 88
788 3 2 16 16 88 234 235 89
789 3 2 16 16 89 235 236 90
790 3 2 16 16 90 236 237 91
791 3 2 16 16 91 237 238 92
792 3 2 16 16 92 238 239 93
793 3 2 16 16 93 239 240 94
794 3 2 16 16 94 240 241 95
795 3 2 16 16 95 241 242 96
796 3 2 16 16 96 242 243 97
797 3 2 16 16 97 243 244 98
798 3 2 16 16 98 244 245 99
799 3 2 16 16 99 245 246 100
800 3 2 16 16 100 246 247 101
801 3 2 16 16 101 247 248 102
802 3 2 16 16 102 248 249 103
803 3 2 16 16 103 249 250 104
804 3 2 16 16 104 250 251 105
805 3 2 16 16 105 251 252 106
806 3 2 16 16 162 308 309 163
807 3 2 16 16 163 309 310 164
808 3 2 16 16 164 310 311 165
809 3 2 16 16 165 311 312 166
810 3 2 16 16 166 312 313 167
811 3 2 16 16 167 313 314 168
812 3 2 16 16 168 314 315 169
813 3 2 16 16 169 315 316 170
814 3 2 16 16 170 316 317 171
815 3 2 16 16 171 317 318 172
816 3 2 16 16 172 318 319 173
817 3 2 16 16 173 319 320 174
818 3 2 16 16 174 320 321 175
819 3 2 16 16 175 321 322 176
820 3 2 16 16 176 322 323 177
821 3 2 16 16 177 323 324 178
822 3 2 16 16 178 324 325 179
823 3 2 16 16 179 325 326 180
824 3 2 16 16 180 326 327 181
825 3 2 16 16 181 327 328 182
826 3 2 16 16 182 328 329 183
827 3 2 16 16 183 329 330 184
828 3 2 16 16 184 330 331 185
829 3 2 16 16 185 331 332 186
830 3 2 16 16 186 332 333 187
831 3 2 16 16 187 333 334 188
832 3 2 16 16 188 334 335 189
833 3 2 16 16 189 335 336 190
834 3 2 16 16 190 336 337 191
835 3 2 16 16 191 337 338 192
836 3 2 16 16 192 338 339 193
837 3 2 16 16 193 339 340 194
838 3 2 16 16 194 340 341 195
839 3 2 16 16 195 341 342 196
840 3 2 16 16 196 342 343 197
841 3 2 16 16 197 343 344 198
842 3 2 16 16 198 344 345 199
843 3 2 16 16 199 345 346 200
844 3 2 16 16 200 346 347 201
845 3 2 16 16 201 347 348 202
846 3 2 16 16 202 348 349 203
847 3 2 16 16 203 349 350 204
848 3 2 16 16 204 350 351 205
849 3 2 16 16 205 351 352 206
850 3 2 16 16 206 352 353 207
851 3 2 16 16 207 353 354 208
852 3 2 16 16 208 354 355 209
853 3 2 16 16 209 355 356 210
854 3 2 16 16 210 356 357 211
855 3 2 16 16 211 357 358 212
856 3 2 16 16 212 358 359 213
857 3 2 16 16 213 359 360 214
858 3 2 16 16 214 360 361 215
859 3 2 16 16 215 361 362 216
860 3 2 16 16 216 362 363 217
861 3 2 16 16 217 363 364 218
862 3 2 16 16 218 364 365 219
863 3 2 16 16 219 365 366 220
864 3 2 16 16 220 366 367 221
865 3 2 16 16 221 367 368 222
866 3 2 16 16 222 368 369 223
867 3 2 16 16 223 369 370 224
868 3 2 16 16 224 370 371 225
869 3 2 16 16 225 371 372 226
870 3 2 16 16 226 372 373 227
871 3 2 16 16 227 373 374 228
872 3 2 16 16 228 374 375 229
873 3 2 16 16 229 375 376 230
874 3 2 16 16 230 376 377 231
875 3 2 16 16 231 377 378 232
876 3 2 16 16 232 378 379 233
877 3 2 16 16 233 379 380 234
878 3 2 16 16 234 380 381 235
879 3 2 16 16 235 381 382 236
880 3 2 16 16 236 382 383 237
881 3 2 16 16 237 383 384 238
882 3 2 16 16 238 384 385 239
883 3 2 16 16 239 385 386 240
884 3 2 16 16 240 386 387 241
885 3 2 16 16 241 387 388 242
886 3 2 16 16 242 388 389 243
887 3 2 16 16 243 389 390 244
888 3 2 16 16 244 390 391 245
889 3 2 16 16 245 391 392 246
890 3 2 16 16 246 392 393 247
891 3 2 16 16 247 393 394 248
892 3 2 16 16 248 394 395 249
893 3 2 16 16 249 395 396 250
894 3 2 16 16 250 396 397 251
895 3 2 16 16 251 397 398 252
896 3 2 16 16 308 454 455 309
897 3 2 16 16 309 455 456 310
898 3 2 16 16 310 456 457 311
899 3 2 16 16 311 457 458 312
900 3 2 16 16 312 458 459 313
901 3 2 16 16 313 459 460 314
902 3 2 16 16 314 460 461 315
903 3 2 16 16 315 461 462 316
904 3 2 16 16 316 462 463 317
905 3 2 16 16 317 463 464 318
906 3 2 16 16 318 464 465 319
907 3 2 16 16 319 465 466 320
908 3 2 16 16 320 466 467 321
909 3 2 16 16 321 467 468 322
910 3 2 16 16 322 468 469 323
911 3 2 16 16 323 469 470 324
912 3 2 16 16 324 470 471 325
913 3 2 16 16 325 471 472 326
914 3 2 16 16 326 472 473 327
915 3 2 16 16 327 473 474 328
916 3 2 16 16 328 474 475 329
917 3 2 16 16 329 475 476 330
918 3 2 16 16 330 476 477 331
919 3 2 16 16 331 477 478 332
920 3 2 16 16 332 478 479 333
921 3 2 16 16 333 479 480 334
922 3 2 16 16 334 480 481 335
923 3 2 16 16 335 481 482 336
924 3 2 16 16 336 482 483 337
925 3 2 16 16 337 483 484 338
926 3 2 16 16 338 484 485 339
927 3 2 16 16 339 485 486 340
928 3 2 16 16 340 486 487 341
929 3 2 16 16 341 487 488 342
930 3 2 16 16 342 488 489 343
931 3 2 16 16 343 489 490 344
932 3 2 16 16 344 490 491 345
933 3 2 16 16 345 491 492 346
934 3 2 16 16 346 492 493 347
935 3 2 16 16 347 493 494 348
936 3 2 16 16 348 494 495 349
937 3 2 16 16 349 495 496 350
938 3 2 16 16 350 496 497 351
939 3 2 16 16 351 497 498 352
940 3 2 16 16 352 498 499 353
941 3 2 16 16 353 499 500 354
942 3 2 16 16 354 500 501 355
943 3 2 16 16 355 501 502 356
944 3 2 16 16 356 502 503 357
945 3 2 16 16 357 503 504 358
946 3 2 16 16 358 504 505 359
947 3 2 16 16 359 505 506 360
948 3 2 16 16 360 506 507 361
949 3 2 16 16 361 507 508 362
950 3 2 16 16 362 508 509 363
951 3 2 16 16 363 509 510 364
952 3 2 16 16 364 510 511 365
953 3 2 16 16 365 511 512 366
954 3 2 16 16 366 512 513 367
955 3 2 16 16 367 513 514 368
956 3 2 16 16 368 514 515 369
957 3 2 16 16 369 515 516 370
958 3 2 16 16 370 516 517 371
959 3 2 16 16 371 517 518 372
960 3 2 16 16 372 518 519 373
961 3 2 16 16 373 519 520 374
962 3 2 16 16 374 520 521 375
963 3 2 16 16 375 521 522 376
964 3 2 16 16 376 522 523 377
965 3 2 16 16 377 523 524 378
966 3 2 16 16 378 524 525 379
967 3 2 16 16 379 525 526 380
968 3 2 16 16 380 526 527 381
969 3 2 16 16 381 527 528 382
970 3 2 16 16 382 528 529 383
971 3 2 16 16 383 529 530 384
972 3 2 16 16 384 530 531 385
973 3 2 16 16 385 531 532 386
974 3 2 16 16 386 532 533 387
975 3 2 16 16 387 533 534 388
976 3 2 16 16 388 534 535 389
977 3 2 16 16 389 535 536 390
978 3 2 16 16 390 536 537 391
979 3 2 16 16 391 537 538 392
980 3 2 16 16 392 538 539 393
981 3 2 16 16 393 539 540 394
982 3 2 16 16 394 540 541 395
983 3 2 16 16 395 541 542 396
984 3 2 16 16 396 542 543 397
985 3 2 16 16 397 543 544 398
986 3 2 16 16 454 600 601 455
987 3 2 16 16 455 601 602 456
988 3 2 16 16 456 602 603 457
989 3 2 16 16 457 603 604 458
990 3 2 16 16 458 604 605 459
991 3 2 16 16 459 605 606 460
992 3 2 16 16 460 606 607 461
993 3 2 16 16 461 607 608 462
994 3 2 16 16 462 608 609 463
995 3 2 16 16 463 609 610 464
996 3 2 16 16 464 610 611 465
997 3 2 16 16 465 611 612 466
998 3 2 16 16 466 612 613 467
999 3 2 16 16 467 613 614 468
1000 3 2 16 16 468 614 615 469
1001 3 2 16 16 469 615 616 470
1002 3 2 16 16 470 616 617 471
1003 3 2 16 16 471 617 618 472
1004 3 2 16 16 472 618 619 473
1005 3 2 16 16 473 619 620 474
1006 3 2 16 16 474 620 621 475
1007 3 2 16 16 475 621 622 476
1008 3 2 16 16 476 622 623 477
1009 3 2 16 16 477 623 624 478
1010 3 2 16 16 478 624 625 479
1011 3 2 16 16 479 625 626 480
1012 3 2 16 16 480 626 627 481
1013 3 2 16 16 481 627 628 482
1014 3 2 16 16 482 628 629 483
1015 3 2 16 16 483 629 630 484
1016 3 2 16 16 484 630 631 485
1017 3 2 16 16 485 631 632 486
1018 3 2 16 16 486 632 633 487
1019 3 2 16 16 487 633 634 488
1020 3 2 16 16 488 634 635 489
1021 3 2 16 16 489 635 636 490
1022 3 2 16 16 490 636 637 491
1023 3 2 16 16 491 637 638 492
1024 3 2 16 16 492 638 639 493
1025 3 2 16 16 493 639 640 494
1026 3 2 16 16 494 640 641 495
1027 3 2 16 16 495 641 642 496
1028 3 2 16 16 496 642 643 497
1029 3 2 16 16 497 643 644 498
1030 3 2 16 16 498 644 645 499
1031 3 2 16 16 499 645 646 500
1032 3 2 16 16 500 646 647 501
1033 3 2 16 16 501 647 648 502
1034 3 2 16 16 502 648 649 503
1035 3 2 16 16 503 649 650 504
1036 3 2 16 16 504 650 651 505
1037 3 2 16 16 505 651 652 506
1038 3 2 16 16 506 652 653 507
1039 3 2 16 16 507 653 654 508
1040 3 2 16 16 508 654 655 509
1041 3 2 16 16 509 655 656 510
1042 3 2 16 16 510 656 657 511
1043 3 2 16 16 511 657 658 512
1044 3 2 16 16 512 658 659 513
1045 3 2 16 16 513 659 660 514
1046 3 2 16 16 514 660 661 515
1047 3 2 16 16 515 661 662 516
1048 3 2 16 16 516 662 663 517
1049 3 2 16 16 517 663 664 518
1050 3 2 16 16 518 664 665 519
1051 3 2 16 16 519 665 666 520
1052 3 2 16 16 520 666 667 521
1053 3 2 16 16 521 667 668 522
1054 3 2 16 16 522 668 669 523
1055 3 2 16 16 523 669 670 524
1056 3 2 16 16 524 670 671 525
1057 3 2 16 16 525 671 672 526
1058 3 2 16 16 526 672 673 527
1059 3 2 16 16 527 673 674 528
1060 3 2 16 16 528 674 675 529
1061 3 2 16 16 529 675 676 530
1062 3 2 16 16 530 676 677 531
1063 3 2 16 16 531 677 678 532
1064 3 2 16 16 532 678 679 533
1065 3 2 16 16 533 679 680 534
1066 3 2 16 16 534 680 681 535
1067 3 2 16 16 535 681 682 536
1068 3 2 16 16 536 682 683 537
1069 3 2 16 16 537 683 684 538
1070 3 2 16 16 538 684 685 539
1071 3 2 16 16 539 685 686 540
1072 3 2 16 16 540 686 687 541
1073 3 2 16 16 541 687 688 542
1074 3 2 16 16 542 688 689 543
1075 3 2 16 16 543 689 690 544
1076 3 2 16 16 600 746 747 601
1077 3 2 16 16 601 747 748 602
1078 3 2 16 16 602 748 749 603
1079 3 2 16 16 603 749 750 604
1080 3 2 16 16 604 750 751 605
1081 3 2 16 16 605 751 752 606
1082 3 2 16 16 606 752 753 607
1083 3 2 16 16 607 753 754 608
1084 3 2 16 16 608 754 755 609
1085 3 2 16 16 609 755 756 610
1086 3 2 16 16 610 756 757 611
1087 3 2 16 16 611 757 758 612
1088 3 2 16 16 612 758 759 613
1089 3 2 16 16 613 759 760 614
1090 3 2 16 16 614 760 761 615
1091 3 2 16 16 615 761 762 616
1092 3 2 16 16 616 762 763 617
1093 3 2 16 16 617 763 764 618
1094 3 2 16 16 618 764 765 619
1095 3 2 16 16 619 765 766 620
1096 3 2 16 16 620 766 767 621
1097 3 2 16 16 621 767 768 622
1098 3 2 16 16 622 768 769 623
1099 3 2 16 16 623 769 770 624
1100 3 2 16 16 624 770 771 625
1101 3 2 16 16 625 771 772 626
1102 3 2 16 16 626 772 773 627
1103 3 2 16 16 627 773 774 628
1104 3 2 16 16 628 774 775 629
1105 3 2 16 16 629 775 776 630
1106 3 2 16 16 630 776 777 631
1107 3 2 16 16 631 777 778 632
1108 3 2 16 16 632 778 779 633
1109 3 2 16 16 633 779 780 634
1110 3 2 16 16 634 780 781 635
1111 3 2 16 16 635 781 782 636
1112 3 2 16 16 636 782 783 637
1113 3 2 16 16 637 783 784 638
1114 3 2 16 16 638 784 785 639
1115 3 2 16 16 639 785 786 640
1116 3 2 16 16 640 786 787 641
1117 3 2 16 16 641 787 788 642
1118 3 2 16 16 642 788 789 643
1119 3 2 16 16 643 789 790 644
1120 3 2 16 16 644 790 791 645
1121 3 2 16 16 645 791 792 646
1122 3 2 16 16 646 792 793 647
1123 3 2 16 16 647 793 794 648
1124 3 2 16 16 648 794 795 649
1125 3 2 16 16 649 795 796 650
1126 3 2 16 16 650 796 797 651
1127 3 2 16 16 651 797 798 652
1128 3 2 16 16 652 798 799 653
1129 3 2 16 16 653 799 800 654
1130 3 2 16 16 654 800 801 655
1131 3 2 16 16 655 801 802 656
1132 3 2 16 16 656 802 803 657
1133 3 2 16 16 657 803 804 658
1134 3 2 16 16 658 804 805 659
1135 3 2 16 16 659 805 806 660
1136 3 2 16 16 660 806 807 661
1137 3 2 16 16 661 807 808 662
1138 3 2 16 16 662 808 809 663
1139 3 2 16 16 663 809 810 664
1140 3 2 16 16 664 810 811 665
1141 3 2 16 16 665 811 812 666
1142 3 2 16 16 666 812 813 667
1143 3 2 16 16 667 813 814 668
1144 3 2 16 16 668 814 815 669
1145 3 2 16 16 669 815 816 670
1146 3 2 16 16 670 816 817 671
1147 3 2 16 16 671 817 818 672
1148 3 2 16 16 672 818 819 673
1149 3 2 16 16 673 819 820 674
1150 3 2 16 16 674 820 821 675
1151 3 2 16 16 675 821 822 676
1152 3 2 16 16 676 822 823 677
1153 3 2 16 16 677 823 824 678
1154 3 2 16 16 678 824 825 679
1155 3 2 16 16 679 825 826 680
1156 3 2 16 16 680 826 827 681
1157 3 2 16 16 681 827 828 682
1158 3 2 16 16 682 828 829 683
1159 3 2 16 16 683 829 830 684
1160 3 2 16 16 684 830 831 685
1161 3 2 16 16 685 831 832 686
1162 3 2 16 16 686 832 833 687
1163 3 2 16 16 687 833 834 688
1164 3 2 16 16 688 834 835 689
1165 3 2 16 16 689 835 836 690
1166 3 2 16 16 746 892 893 747
1167 3 2 16 16 747 893 894 748
1168 3 2 16 16 748 894 895 749
1169 3 2 16 16 749 895 896 750
1170 3 2 16 16 750 896 897 751
1171 3 2 16 16 751 897 898 752
1172 3 2 16 16 752 898 899 753
1173 3 2 16 16 753 899 900 754
1174 3 2 16 16 754 900 901 755
1175 3 2 16 16 755 901 902 756
1176 3 2 16 16 756 902 903 757
1177 3 2 16 16 757 903 904 758
1178 3 2 16 16 758 904 905 759
1179 3 2 16 16 759 905 906 760
1180 3 2 16 16 760 906 907 761
1181 3 2 16 16 761 907 908 762
1182 3 2 16 16 762 908 909 763
1183 3 2 16 16 763 909 910 764
1184 3 2 16 16 764 910 911 765
1185 3 2 16 16 765 911 912 766
1186 3 2 16 16 766 912 913 767
1187 3 2 16 16 767 913 914 768
1188 3 2 16 16 768 914 915 769
1189 3 2 16 16 769 915 916 770
1190 3 2 16 16 770 916 917 771
1191 3 2 16 16 771 917 918 772
1192 3 2 16 16 772 918 919 773
1193 3 2 16 16 773 919 920 774
1194 3 2 16 16 774 920 921 775
1195 3 2 16 16 775 921 922 776
1196 3 2 16 16 776 922 923 777
1197 3 2 16 16 777 923 924 778
1198 3 2 16 16 778 924 925 779
1199 3 2 16 16 779 925 926 780
1200 3 2 16 16 780 926 927 781
1201 3 2 16 16 781 927 928 782
1202 3 2 16 16 782 928 929 783
1203 3 2 16 16 783 929 930 784
1204 3 2 16 16 784 930 931 785
1205 3 2 16 16 785 931 932 786
1206 3 2 16 16 786 932 933 787
1207 3 2 16 16 787 933 934 788
1208 3 2 16 16 788 934 935 789
1209 3 2 16 16 789 935 936 790
1210 3 2 16 16 790 936 937 791
1211 3 2 16 16 791 937 938 792
1212 3 2 16 16 792 938 939 793
1213 3 2 16 16 793 939 940 794
1214 3 2 16 16 794 940 941 795
1215 3 2 16 16 795 941 942 796
1216 3 2 16 16 796 942 943 797
1217 3 2 16 16 797 943 944 798
1218 3 2 16 16 798 944 945 799
1219 3 2 16 16 799 945 946 800
1220 3 2 16 16 800 946 947 801
1221 3 2 16 16 801 947 948 802
1222 3 2 16 16 802 948 949 803
1223 3 2 16 16 803 949 950 804
1224 3 2 16 16 804 950 951 805
1225 3 2 16 16 805 951 952 806
1226 3 2 16 16 806 952 953 807
1227 3 2 16 16 807 953 954 808
1228 3 2 16 16 808 954 955 809
1229 3 2 16 16 809 955 956 810
1230 3 2 16 16 810 956 957 811
1231 3 2 16 16 811 957 958 812
1232 3 2 16 16 812 958 959 813
1233 3 2 16 16 813 959 960 814
1234 3 2 16 16 814 960 961 815
1235 3 2 16 16 815 961 962 816
1236 3 2 16 16 816 962 963 817
1237 3 2 16 16 817 963 964 818
1238 3 2 16 16 818 964 965 819
1239 3 2 16 16 819 965 966 820
1240 3 2 16 16 820 966 967 821
1241 3 2 16 16 821 967 968 822
1242 3 2 16 16 822 968 969 823
1243 3 2 16 16 823 969 970 824
1244 3 2 16 16 824 970 971 825
1245 3 2 16 16 825 971 972 826
1246 3 2 16 16 826 972 973 827
1247 3 2 16 16 827 973 974 828
1248 3 2 16 16 828 974 975 829
1249 3 2 16 16 829 975 976 830
1250 3 2 16 16 830 976 977 831
1251 3 2 16 16 831 977 978 832
1252 3 2 16 16 832 978 979 833
1253 3 2 16 16 833 979 980 834
1254 3 2 16 16 834 980 981 835
1255 3 2 16 16 835 981 982 836
1256 3 2 16 16 892 1038 1039 893
1257 3 2 16 16 893 1039 1040 894
1258 3 2 16 16 894 1040 1041 895
1259 3 2 16 16 895 1041 1042 896
1260 3 2 16 16 896 1042 1043 897
1261 3 2 16 16 897 1043 1044 898
1262 3 2 16 16 898 1044 1045 899
1263 3 2 16 16 899 1045 1046 900
1264 3 2 16 16 900 1046 1047 901
1265 3 2 16 16 901 1047 1048 902
1266 3 2 16 16 902 1048 1049 903
1267 3 2 16 16 903 1049 1050 904
1268 3 2 16 16 904 1050 1051 905
1269 3 2 16 16 905 1051 1052 906
1270 3 2 16 16 906 1052 1053 907
1271 3 2 16 16 907 1053 1054 908
1272 3 2 16 16 908 1054 1055 909
1273 3 2 16 16 909 1055 1056 910
1274 3 2 16 16 910 1056 1057 911
1275 3 2 16 16 911 1057 1058 912
1276 3 2 16 16 912 1058 1059 913
1277 3 2 16 16 913 1059 1060 914
1278 3 2 16 16 914 1060 1061 915
1279 3 2 16 16 915 1061 1062 916
1280 3 2 16 16 916 1062 1063 917
1281 3 2 16 16 917 1063 1064 918
1282 3 2 16 16 918 1064 1065 919
1283 3 2 16 16 919 1065 1066 920
1284 3 2 16 16 920 1066 1067 921
1285 3 2 16 16 921 1067 1068 922
1286 3 2 16 16 922 1068 1069 923
1287 3 2 16 16 923 1069 1070 924
1288 3 2 16 16 924 1070 1071 925
1289 3 2 16 16 925 1071 1072 926
1290 3 2 16 16 926 1072 1073 927
1291 3 2 16 16 927 1073 1074 928
1292 3 2 16 16 928 1074 1075 929
1293 3 2 16 16 929 1075 1076 930
1294 3 2 16 16 930 1076 1077 931
1295 3 2 16 16 931 1077 1078 932
1296 3 2 16 16 932 1078 1079 933
1297 3 2 16 16 933 1079 1080 934
1298 3 2 16 16 934 1080 1081 935
1299 3 2 16 16 935 1081 1082 936
1300 3 2 16 16 936 1082 1083 937
1301 3 2 16 16 937 1083 1084 938
1302 3 2 16 16 938 1084 1085 939
1303 3 2 16 16 939 1085 1086 940
1304 3 2 16 16 940 1086 1087 941
1305 3 2 16 16 941 1087 1088 942
1306 3 2 16 16 942 1088 1089 943
1307 3 2 16 16 943 1089 1090 944
1308 3 2 16 16 944 1090 1091 945
1309 3 2 16 16 945 1091 1092 946
1310 3 2 16 16 946 1092 1093 947
1311 3 2 16 16 947 1093 1094 948
1312 3 2 16 16 948 1094 1095 949
1313 3 2 16 16 949 1095 1096 950
1314 3 2 16 16 950 1096 1097 951
1315 3 2 16 16 951 1097 1098 952
1316 3 2 16 16 952 1098 1099 953
1317 3 2 16 16 953 1099 1100 954
1318 3 2 16 16 954 1100 1101 955
1319 3 2 16 16 955 1101 1102 956
1320 3 2 16 16 956 1102 1103 957
1321 3 2 16 16 957 1103 1104 958
1322 3 2 16 16 958 1104 1105 959
1323 3 2 16 16 959 1105 1106 960
1324 3 2 16 16 960 1106 1107 961
1325 3 2 16 16 961 1107 1108 962
1326 3 2 16 16 962 1108 1109 963
1327 3 2 16 16 963 1109 1110 964
1328 3 2 16 16 964 1110 1111 965
1329 3 2 16 16 965 1111 1112 966
1330 3 2 16 16 966 1112 1113 967
1331 3 2 16 16 967 1113 1114 968
1332 3 2 16 16 968 1114 1115 969
1333 3 2 16 16 969 1115 1116 970
1334 3 2 16 16 970 1116 1117 971
1335 3 2 16 16 971 1117 1118 972
1336 3 2 16 16 972 1118 1119 973
1337 3 2 16 16 973 1119 1120 974
1338 3 2 16 16 974 1120 1121 975
1339 3 2 16 16 975 1121 1122 976
1340 3 2 16 16 976 1122 1123 977
1341 3 2 16 16 977 1123 1124 978
1342 3 2 16 16 978 1124 1125 979
1343 3 2 16 16 979 1125 1126 980
1344 3 2 16 16 980 1126 1127 981
1345 3 2 16 16 981 1127 1128 982
1346 3 2 16 16 1038 1184 1185 1039
1347 3 2 16 16 1039 1185 1186 1040
1348 3 2 16 16 1040 1186 1187 1041
1349 3 2 16 16 1041 1187 1188 1042
1350 3 2 16 16 1042 1188 1189 1043
1351 3 2 16 16 1043 1189 1190 1044
1352 3 2 16 16 1044 1190 1191 1045
1353 3 2 16 16 1045 1191 1192 1046
1354 3 2 16 16 1046 1192 1193 1047
1355 3 2 16 16 1047 1193 1194 1048
1356 3 2 16 16 1048 1194 1195 1049
1357 3 2 16 16 1049 1195 1196 1050
1358 3 2 16 16 1050 1196 1197 1051
1359 3 2 16 16 1051 1197 1198 1052
1360 3 2 16 16 1052 1198 1199 1053
1361 3 2 16 16 1053 1199 1200 1054
1362 3 2 16 16 1054 1200 1201 1055
1363 3 2 16 16 1055 1201 1202 1056
1364 3 2 16 16 1056 1202 1203 1057
1365 3 2 16 16 1057 1203 1204 1058
1366 3 2 16 16 1058 1204 1205 1059
1367 3 2 16 16 1059 1205 1206 1060
1368 3 2 16 16 1060 1206 1207 1061
1369 3 2 16 16 1061 1207 1208 1062
1370 3 2 16 16 1062 1208 1209 1063
1371 3 2 16 16 1063 1209 1210 1064
1372 3 2 16 16 1064 1210 1211 1065
1373 3 2 16 16 1065 1211 1212 1066
1374 3 2 16 16 1066 1212 1213 1067
1375 3 2 16 16 1067 1213 1214 1068
1376 3 2 16 16 1068 1214 1215 1069
1377 3 2 16 16 1069 1215 1216 1070
1378 3 2 16 16 1070 1216 1217 1071
1379 3 2 16 16 1071 1217 1218 1072
1380 3 2 16 16 1072 1218 1219 1073
1381 3 2 16 16 1073 1219 1220 1074
1382 3 2 16 16 1074 1220 1221 1075
1383 3 2 16 16 1075 1221 1222 1076
1384 3 2 16 16 1076 1222 1223 1077
1385 3 2 16 16 1077 1223 1224 1078
1386 3 2 16 16 1078 1224 1225 1079
1387 3 2 16 16 1079 1225 1226 1080
1388 3 2 16 16 1080 1226 1227 1081
1389 3 2 16 16 1081 1227 1228 1082
1390 3 2 16 16 1082 1228 1229 1083
1391 3 2 16 16 1083 1229 1230 1084
1392 3 2 16 16 1084 1230 1231 1085
1393 3 2 16 16 1085 1231 1232 1086
1394 3 2 16 16 1086 1232 1233 1087
1395 3 2 16 16 1087 1233 1234 1088
1396 3 2 16 16 1088 1234 1235 1089
1397 3 2 16 16 1089 1235 1236 1090
1398 3 2 16 16 1090 1236 1237 1091
1399 3 2 16 16 1091 1237 1238 1092
1400 3 2 16 16 1092 1238 1239 1093
1401 3 2 16 16 1093 1239 1240 1094
1402 3 2 16 16 1094 1240 1241 1095
1403 3 2 16 16 1095 1241 1242 1096
1404 3 2 16 16 1096 1242 1243 1097
1405 3 2 16 16 1097 1243 1244 1098
1406 3 2 16 16 1098 1244 1245 1099
1407 3 2 16 16 1099 1245 1246 1100
1408 3 2 16 16 1100 1246 1247 1101
1409 3 2 16 16 1101 1247 1248 1102
1410 3 2 16 16 1102 1248 1249 1103
1411 3 2 16 16 1103 1249 1250 1104
1412 3 2 16 16 1104 1250 1251 1105
1413 3 2 16 16 1105 1251 1252 1106
1414 3 2 16 16 1106 1252 1253 1107
1415 3 2 16 16 1107 1253 1254 1108
1416 3 2 16 16 1108 1254 1255 1109
1417 3 2 16 16 1109 1255 1256 1110
1418 3 2 16 16 1110 1256 1257 1111
1419 3 2 16 16 1111 1257 1258 1112
1420 3 2 16 16 1112 1258 1259 1113
1421 3 2 16 16 1113 1259 1260 1114
1422 3 2 16 16 1114 1260 1261 1115
1423 3 2 16 16 1115 1261 1262 1116
1424 3 2 16 16 1116 1262 1263 1117
1425 3 2 16 16 1117 1263 1264 1118
1426 3 2 16 16 1118 1264 1265 1119
1427 3 2 16 16 1119 1265 1266 1120
1428 3 2 16 16 1120 1266 1267 1121
1429 3 2 16 16 1121 1267 1268 1122
1430 3 2 16 16 1122 1268 1269 1123
1431 3 2 16 16 1123 1269 1270 1124
1432 3 2 16 16 1124 1270 1271 1125
1433 3 2 16 16 1125 1271 1272 1126
1434 3 2 16 16 1126 1272 1273 1127
1435 3 2 16 16 1127 1273 1274 1128
1436 3 2 16 16 1184 1330 1331 1185
1437 3 2 16 16 1185 1331 1332 1186
1438 3 2 16 16 1186 1332 1333 1187
1439 3 2 16 16 1187 1333 1334 1188
1440 3 2 16 16 1188 1334 1335 1189
1441 3 2 16 16 1189 1335 1336 1190
1442 3 2 16 16 1190 1336 1337 1191
1443 3 2 16 16 1191 1337 1338 1192
1444 3 2 16 16 1192 1338 1339 1193
1445 3 2 16 16 1193 1339 1340 1194
1446 3 2 16 16 1194 1340 1341 1195
1447 3 2 16 16 1195 1341 1342 1196
1448 3 2 16 16 1196 1342 1343 1197
1449 3 2 16 16 1197 1343 1344 1198
1450 3 2 16 16 1198 1344 1345 1199
1451 3 2 16 16 1199 1345 1346 1200
1452 3 2 16 16 1200 1346 1347 1201
1453 3 2 16 16 1201 1347 1348 1202
1454 3 2 16 16 1202 1348 1349 1203
1455 3 2 16 16 1203 1349 1350 1204
1456 3 2 16 16 1204 1350 1351 1205
1457 3 2 16 16 1205 1351 1352 1206
1458 3 2 16 16 1206 1352 1353 1207
1459 3 2 16 16 1207 1353 1354 1208
1460 3 2 16 16 1208 1354 1355 1209
1461 3 2 16 16 1209 1355 1356 1210
1462 3 2 16 16 1210 1356 1357 1211
1463 3 2 16 16 1211 1357 1358 1212
1464 3 2 16 16 1212 1358 1359 1213
1465 3 2 16 16 1213 1359 1360 1214
1466 3 2 16 16 1214 1360 1361 1215
1467 3 2 16 16 1215 1361 1362 1216
1468 3 2 16 16 1216 1362 1363 1217
1469 3 2 16 16 1217 1363 1364 1218
1470 3 2 16 16 1218 1364 1365 1219
1471 3 2 16 16 1219 1365 1366 1220
1472 3 2 16 16 1220 1366 1367 1221
1473 3 2 16 16 1221 1367 1368 1222
1474 3 2 16 16 1222 1368 1369 1223
1475 3 2 16 16 1223 1369 1370 1224
1476 3 2 16 16 1224 1370 1371 1225
1477 3 2 16 16 1225 1371 1372 1226
1478 3 2 16 16 1226 1372 1373 1227
1479 3 2 16 16 1227 1373 1374 1228
1480 3 2 16 16 1228 1374 1375 1229
1481 3 2 16 16 1229 1375 1376 1230
1482 3 2 16 16 1230 1376 1377 1231
1483 3 2 16 16 1231 1377 1378 1232
1484 3 2 16 16 1232 1378 1379 1233
1485 3 2 16 16 1233 1379 1380 1234
1486 3 2 16 16 1234 1380 1381 1235
1487 3 2 16 16 1235 1381 1382 1236
1488 3 2 16 16 1236 1382 1383 1237
1489 3 2 16 16 1237 1383 1384 1238
1490 3 2 16 16 1238 1384 1385 1239
1491 3 2 16 16 1239 1385 1386 1240
1492 3 2 16 16 1240 1386 1387 1241
1493 3 2 16 16 1241 1387 1388 1242
1494 3 2 16 16 1242 1388 1389 1243
1495 3 2 16 16 1243 1389 1390 1244
1496 3 2 16 16 1244 1390 1391 1245
1497 3 2 16 16 1245 1391 1392 1246
1498 3 2 16 16 1246 1392 1393 1247
1499 3 2 16 16 1247 1393 1394 1248
1500 3 2 16 16 1248 1394 1395 1249
1501 3 2 16 16 1249 1395 1396 1250
1502 3 2 16 16 1250 1396 1397 1251
1503 3 2 16 16 1251 1397 1398 1252
1504 3 2 16 16 1252 1398 1399 1253
1505 3 2 16 16 1253 1399 1400 1254
1506 3 2 16 16 1254 1400 1401 1255
1507 3 2 16 16 1255 1401 1402 1256
1508 3 2 16 16 1256 1402 1403 1257
1509 3 2 16 16 1257 1403 1404 1258
1510 3 2 16 16 1258 1404 1405 1259
1511 3 2 16 16 1259 1405 1406 1260
1512 3 2 16 16 1260 1406 1407 1261
1513 3 2 16 16 1261 1407 1408 1262
1514 3 2 16 16 1262 1408 1409 1263
1515 3 2 16 16 1263 1409 1410 1264
1516 3 2 16 16 1264 1410 1411 1265
1517 3 2 16 16 1265 1411 1412 1266
1518 3 2 16 16 1266 1412 1413 1267
1519 3 2 16 16 1267 1413 1414 1268
1520 3 2 16 16 1268 1414 1415 1269
1521 3 2 16 16 1269 1415 1416 1270
1522 3 2 16 16 1270 1416 1417 1271
1523 3 2 16 16 1271 1417 1418 1272
1524 3 2 16 16 1272 1418 1419 1273
1525 3 2 16 16 1273 1419 1420 1274
1526 3 2 16 16 1330 1476 1477 1331
1527 3 2 16 16 1331 1477 1478 1332
1528 3 2 16 16 1332 1478 1479 1333
1529 3 2 16 16 1333 1479 1480 1334
1530 3 2 16 16 1334 1480 1481 1335
1531 3 2 16 16 1335 1481 1482 1336
1532 3 2 16 16 1336 1482 1483 1337
1533 3 2 16 16 1337 1483 1484 1338
1534 3 2 16 16 1338 1484 1485 1339
1535 3 2 16 16 1339 1485 1486 1340
1536 3 2 16 16 1340 1486 1487 1341
1537 3 2 16 16 1341 1487 1488 1342
1538 3 2 16 16 1342 1488 1489 1343
1539 3 2 16 16 1343 1489 1490 1344
1540 3 2 16 16 1344 1490 1491 1345
1541 3 2 16 16 1345 1491 1492 1346
1542 3 2 16 16 1346 1492 1493 1347
1543 3 2 16 16 1347 1493 1494 1348
1544 3 2 16 16 1348 1494 1495 1349
1545 3 2 16 16 1349 1495 1496 1350
1546 3 2 16 16 1350 1496 1497 1351
1547 3 2 16 16 1351 1497 1498 1352
1548 3 2 16 16 1352 1498 1499 1353
1549 3 2 16 16 1353 1499 1500 1354
1550 3 2 16 16 1354 1500 1501 1355
1551 3 2 16 16 1355 1501 1502 1356
1552 3 2 16 16 1356 1502 1503 1357
1553 3 2 16 16 1357 1503 1504 1358
1554 3 2 16 16 1358 1504 1505 1359
1555 3 2 16 16 1359 1505 1506 1360
1556 3 2 16 16 1360 1506 1507 1361
1557 3 2 16 16 1361 1507 1508 1362
1558 3 2 16 16 1362 1508 1509 1363
1559 3 2 16 16 1363 1509 1510 1364
1560 3 2 16 16 1364 1510 1511 1365
1561 3 2 16 16 1365 1511 1512 1366
1562 3 2 16 16 1366 1512 1513 1367
1563 3 2 16 16 1367 1513 1514 1368
1564 3 2 16 16 1368 1514 1515 1369
1565 3 2 16 16 1369 1515 1516 1370
1566 3 2 16 16 1370 1516 1517 1371
1567 3 2 16 16 1371 1517 1518 1372
1568 3 2 16 16 1372 1518 1519 1373
1569 3 2 16 16 1373 1519 1520 1374
1570 3 2 16 16 1374 1520 1521 1375
1571 3 2 16 16 1375 1521 1522 1376
1572 3 2 16 16 1376 1522 1523 1377
1573 3 2 16 16 1377 1523 1524 1378
1574 3 2 16 16 1378 1524 1525 1379
1575 3 2 16 16 1379 1525 1526 1380
1576 3 2 16 16 1380 1526 1527 1381
1577 3 2 16 16 1381 1527 1528 1382
1578 3 2 16 16 1382 1528 1529 1383
1579 3 2 16 16 1383 1529 1530 1384
1580 3 2 16 16 1384 1530 1531 1385
1581 3 2 16 16 1385 1531 1532 1386
1582 3 2 16 16 1386 1532 1533 1387
1583 3 2 16 16 1387 1533 1534 1388
1584 3 2 16 16 1388 1534 1535 1389
1585 3 2 16 16 1389 1535 1536 1390
1586 3 2 16 16 1390 1536 1537 1391
1587 3 2 16 16 1391 1537 1538 1392
1588 3 2 16 16 1392 1538 1539 1393
1589 3 2 16 16 1393 1539 1540 1394
1590 3 2 16 16 1394 1540 1541 1395
1591 3 2 16 16 1395 1541 1542 1396
1592 3 2 16 16 1396 1542 1543 1397
1593 3 2 16 16 1397 1543 1544 1398
1594 3 2 16 16 1398 1544 1545 1399
1595 3 2 16 16 1399 1545 1546 1400
1596 3 2 16 16 1400 1546 1547 1401
1597 3 2 16 16 1401 1547 1548 1402
1598 3 2 16 16 1402 1548 1549 1403
1599 3 2 16 16 1403 1549 1550 1404
1600 3 2 16 16 1404 1550 1551 1405
1601 3 2 16 16 1405 1551 1552 1406
1602 3 2 16 16 1406 1552 1553 1407
1603 3 2 16 16 1407 1553 1554 1408
1604 3 2 16 16 1408 1554 1555 1409
1605 3 2 16 16 1409 1555 1556 1410
1606 3 2 16 16 1410 1556 1557 1411
1607 3 2 16 16 1411 1557 1558 1412
1608 3 2 16 16 1412 1558 1559 1413
1609 3 2 16 16 1413 1559 1560 1414
1610 3 2 16 16 1414 1560 1561 1415
1611 3 2 16 16 1415 1561 1562 1416
1612 3 2 16 16 1416 1562 1563 1417
1613 3 2 16 16 1417 1563 1564 1418
1614 3 2 16 16 1418 1564 1565 1419
1615 3 2 16 16 1419 1565 1566 1420
1616 3 2 16 16 1476 1622 1623 1477
1617 3 2 16 16 1477 1623 1624 1478
1618 3 2 16 16 1478 1624 1625 1479
1619 3 2 16 16 1479 1625 1626 1480
1620 3 2 16 16 1480 1626 1627 1481
1621 3 2 16 16 1481 1627 1628 1482
1622 3 2 16 16 1482 1628 1629 1483
1623 3 2 16 16 1483 1629 1630 1484
1624 3 2 16 16 1484 1630 1631 1485
1625 3 2 16 16 1485 1631 1632 1486
1626 3 2 16 16 1486 1632 1633 1487
1627 3 2 16 16 1487 1633 1634 1488
1628 3 2 16 16 1488 1634 1635 1489
1629 3 2 16 16 1489 1635 1636 1490
1630 3 2 16 16 1490 1636 1637 1491
1631 3 2 16 16 1491 1637 1638 1492
1632 3 2 16 16 1492 1638 1639 1493
1633 3 2 16 16 1493 1639 1640 1494
1634 3 2 16 16 1494 1640 1641 1495
1635 3 2 16 16 1495 1641 1642 1496
1636 3 2 16 16 1496 1642 1643 1497
1637 3 2 16 16 1497 1643 1644 1498
1638 3 2 16 16 1498 1644 1645 1499
1639 3 2 16 16 1499 1645 1646 1500
1640 3 2 16 16 1500 1646 1647 1501
1641 3 2 16 16 1501 1647 1648 1502
1642 3 2 16 16 1502 1648 1649 1503
1643 3 2 16 16 1503 1649 1650 1504
1644 3 2 16 16 1504 1650 1651 1505
1645 3 2 16 16 1505 1651 1652 1506
1646 3 2 16 16 1506 1652 1653 1507
1647 3 2 16 16 1507 1653 1654 1508
1648 3 2 16 16 1508 1654 1655 1509
1649 3 2 16 16 1509 1655 1656 1510
1650 3 2 16 16 1510 1656 1657 1511
1651 3 2 16 16 1511 1657 1658 1512
1652 3 2 16 16 1512 1658 1659 1513
1653 3 2 16 16 1513 1659 1660 1514
1654 3 2 16 16 1514 1660 1661 1515
1655 3 2 16 16 1515 1661 1662 1516
1656 3 2 16 16 1516 1662 1663 1517
1657 3 2 16 16 1517 1663 1664 1518
1658 3 2 16 16 1518 1664 1665 1519
1659 3 2 16 16 1519 1665 1666 1520
1660 3 2 16 16 1520 1666 1667 1521
1661 3 2 16 16 1521 1667 1668 1522
1662 3 2 16 16 1522 1668 1669 1523
1663 3 2 16 16 1523 1669 1670 1524
1664 3 2 16 16 1524 1670 1671 1525
1665 3 2 16 16 1525 1671 1672 1526
1666 3 2 16 16 1526 1672 1673 1527
1667 3 2 16 16 1527 1673 1674 1528
1668 3 2 16 16 1528 1674 1675 1529
1669 3 2 16 16 1529 1675 1676 1530
1670 3 2 16 16 1530 1676 1677 1531
1671 3 2 16 16 1531 1677 1678 1532
1672 3 2 16 16 1532 1678 1679 1533
1673 3 2 16 16 1533 1679 1680 1534
1674 3 2 16 16 1534 1680 1681 1535
1675 3 2 16 16 1535 1681 1682 1536
1676 3 2 16 16 1536 1682 1683 1537
1677 3 2 16 16 1537 1683 1684 1538
1678 3 2 16 16 1538 1684 1685 1539
1679 3 2 16 16 1539 1685 1686 1540
1680 3 2 16 16 1540 1686 1687 1541
1681 3 2 16 16 1541 1687 1688 1542
1682 3 2 16 16 1542 1688 1689 1543
1683 3 2 16 16 1543 1689 1690 1544
1684 3 2 16 16 1544 1690 1691 1545
1685 3 2 16 16 1545 1691 1692 1546
1686 3 2 16 16 1546 1692 1693 1547
1687 3 2 16 16 1547 1693 1694 1548
1688 3 2 16 16 1548 1694 1695 1549
1689 3 2 16 16 1549 1695 1696 1550
1690 3 2 16 16 1550 1696 1697 1551
1691 3 2 16 16 1551 1697 1698 1552
1692 3 2 16 16 1552 1698 1699 1553
1693 3 2 16 16 1553 1699 1700 1554
1694 3 2 16 16 1554 1700 1701 1555
1695 3 2 16 16 1555 1701 1702 1556
1696 3 2 16 16 1556 1702 1703 1557
1697 3 2 16 16 1557 1703 1704 1558
1698 3 2 16 16 1558 1704 1705 1559
1699 3 2 16 16 1559 1705 1706 1560
1700 3 2 16 16 1560 1706 1707 1561
1701 3 2 16 16 1561 1707 1708 1562
1702 3 2 16 16 1562 1708 1709 1563
1703 3 2 16 16 1563 1709 1710 1564
1704 3 2 16 16 1564 1710 1711 1565
1705 3 2 16 16 1565 1711 1712 1566
1706 3 2 16 16 1622 1768 1769 1623
1707 3 2 16 16 1623 1769 1770 1624
1708 3 2 16 16 1624 1770 1771 1625
1709 3 2 16 16 1625 1771 1772 1626
1710 3 2 16 16 1626 1772 1773 1627
1711 3 2 16 16 1627 1773 1774 1628
1712 3 2 16 16 1628 1774 1775 1629
1713 3 2 16 16 1629 1775 1776 1630
1714 3 2 16 16 1630 1776 1777 1631
1715 3 2 16 16 1631 1777 1778 1632
1716 3 2 16 16 1632 1778 1779 1633
1717 3 2 16 16 1633 1779 1780 1634
1718 3 2 16 16 1634 1780 1781 1635
1719 3 2 16 16 1635 1781 1782 1636
1720 3 2 16 16 1636 1782 1783 1637
1721 3 2 16 16 1637 1783 1784 1638
1722 3 2 16 16 1638 1784 1785 1639
1723 3 2 16 16 1639 1785 1786 1640
1724 3 2 16 16 1640 1786 1787 1641
1725 3 2 16 16 1641 1787 1788 1642
1726 3 2 16 16 1642 1788 1789 1643
1727 3 2 16 16 1643 1789 1790 1644
1728 3 2 16 16 1644 1790 1791 1645
1729 3 2 16 16 1645 1791 1792 1646
1730 3 2 16 16 1646 1792 1793 1647
1731 3 2 16 16 1647 1793 1794 1648
1732 3 2 16 16 1648 1794 1795 1649
1733 3 2 16 16 1649 1795 1796 1650
1734 3 2 16 16 1650 1796 1797 1651
1735 3 2 16 16 1651 1797 1798 1652
1736 3 2 16 16 1652 1798 1799 1653
1737 3 2 16 16 1653 1799 1800 1654
1738 3 2 16 16 1654 1800 1801 1655
1739 3 2 16 16 1655 1801 1802 1656
1740 3 2 16 16 1656 1802 1803 1657
1741 3 2 16 16 1657 1803 1804 1658
1742 3 2 16 16 1658 1804 1805 1659
1743 3 2 16 16 1659 1805 1806 1660
1744 3 2 16 16 1660 1806 1807 1661
1745 3 2 16 16 1661 1807 1808 1662
1746 3 2 16 16 1662 1808 1809 1663
1747 3 2 16 16 1663 1809 1810 1664
1748 3 2 16 16 1664 1810 1811 1665
1749 3 2 16 16 1665 1811 1812 1666
1750 3 2 16 16 1666 1812 1813 1667
1751 3 2 16 16 1667 1813 1814 1668
1752 3 2 16 16 1668 1814 1815 1669
1753 3 2 16 16 1669 1815 1816 1670
1754 3 2 16 16 1670 1816 1817 1671
1755 3 2 16 16 1671 1817 1818 1672
1756 3 2 16 16 1672 1818 1819 1673
1757 3 2 16 16 1673 1819 1820 1674
1758 3 2 16 16 1674 1820 1821 1675
1759 3 2 16 16 1675 1821 1822 1676
1760 3 2 16 16 1676 1822 1823 1677
1761 3 2 16 16 1677 1823 1824 1678
1762 3 2 16 16 1678 1824 1825 1679
1763 3 2 16 16 1679 1825 1826 1680
1764 3 2 16 16 1680 1826 1827 1681
1765 3 2 16 16 1681 1827 1828 1682
1766 3 2 16 16 1682 1828 1829 1683
1767 3 2 16 16 1683 1829 1830 1684
1768 3 2 16 16 1684 1830 1831 1685
1769 3 2 16 16 1685 1831 1832 1686
1770 3 2 16 16 1686 1832 1833 1687
1771 3 2 16 16 1687 1833 1834 1688
1772 3 2 16 16 1688 1834 1835 1689
1773 3 2 16 16 1689 1835 1836 1690
1774 3 2 16 16 1690 1836 1837 1691
1775 3 2 16 16 1691 1837 1838 1692
1776 3 2 16 16 1692 1838 1839 1693
1777 3 2 16 16 1693 1839 1840 1694
1778 3 2 16 16 1694 1840 1841 1695
1779 3 2 16 16 1695 1841 1842 1696
1780 3 2 16 16 1696 1842 1843 1697
1781 3 2 16 16 1697 1843 1844 1698
1782 3 2 16 16 1698 1844 1845 1699
1783 3 2 16 16 1699 1845 1846 1700
1784 3 2 16 16 1700 1846 1847 1701
1785 3 2 16 16 1701 1847 1848 1702
1786 3 2 16 16 1702 1848 1849 1703
1787 3 2 16 16 1703 1849 1850 1704
1788 3 2 16 16 1704 1850 1851 1705
1789 3 2 16 16 1705 1851 1852 1706
1790 3 2 16 16 1706 1852 1853 1707
1791 3 2 16 16 1707 1853 1854 1708
1792 3 2 16 16 1708 1854 1855 1709
1793 3 2 16 16 1709 1855 1856 1710
1794 3 2 16 16 1710 1856 1857 1711
1795 3 2 16 16 1711 1857 1858 1712
1796 3 2 16 16 1768 1914 1915 1769
1797 3 2 16 16 1769 1915 1916 1770
1798 3 2 16 16 1770 1916 1917 1771
1799 3 2 16 16 1771 1917 1918 1772
1800 3 2 16 16 1772 1918 1919 1773
1801 3 2 16 16 1773 1919 1920 1774
1802 3 2 16 16 1774 1920 1921 1775
1803 3 2 16 16 1775 1921 1922 1776
1804 3 2 16 16 1776 1922 1923 1777
1805 3 2 16 16 1777 1923 1924 1778
1806 3 2 16 16 1778 1924 1925 1779
1807 3 2 16 16 1779 1925 1926 1780
1808 3 2 16 16 1780 1926 1927 1781
1809 3 2 16 16 1781 1927 1928 1782
1810 3 2 16 16 1782 1928 1929 1783
1811 3 2 16 16 1783 1929 1930 1784
1812 3 2 16 16 1784 1930 1931 1785
1813 3 2 16 16 1785 1931 1932 1786
1814 3 2 16 16 1786 1932 1933 1787
1815 3 2 16 16 1787 1933 1934 1788
1816 3 2 16 16 1788 1934 1935 1789
1817 3 2 16 16 1789 1935 1936 1790
1818 3 2 16 16 1790 1936 1937 1791
1819 3 2 16 16 1791 1937 1938 1792
1820 3 2 16 16 1792 1938 1939 1793
1821 3 2 16 16 1793 1939 1940 1794
1822 3 2 16 16 1794 1940 1941 1795
1823 3 2 16 16 1795 1941 1942 1796
1824 3 2 16 16 1796 1942 1943 1797
1825 3 2 16 16 1797 1943 1944 1798
1826 3 2 16 16 1798 1944 1945 1799
1827 3 2 16 16 1799 1945 1946 1800
1828 3 2 16 16 1800 1946 1947 1801
1829 3 2 16 16 1801 1947 1948 1802
1830 3 2 16 16 1802 1948 1949 1803
1831 3 2 16 16 1803 1949 1950 1804
1832 3 2 16 16 1804 1950 1951 1805
1833 3 2 16 16 1805 1951 1952 1806
1834 3 2 16 16 1806 1952 1953 1807
1835 3 2 16 16 1807 1953 1954 1808
1836 3 2 16 16 1808 1954 1955 1809
1837 3 2 16 16 1809 1955 1956 1810
1838 3 2 16 16 1810 1956 1957 1811
1839 3 2 16 16 1811 1957 1958 1812
1840 3 2 16 16 1812 1958 1959 1813
1841 3 2 16 16 1813 1959 1960 1814
1842 3 2 16 16 1814 1960 1961 1815
1843 3 2 16 16 1815 1961 1962 1816
1844 3 2 16 16 1816 1962 1963 1817
1845 3 2 16 16 1817 1963 1964 1818
1846 3 2 16 16 1818 1964 1965 1819
1847 3 2 16 16 1819 1965 1966 1820
1848 3 2 16 16 1820 1966 1967 1821
1849 3 2 16 16 1821 1967 1968 1822
1850 3 2 16 16 1822 1968 1969 1823
1851 3 2 16 16 1823 1969 1970 1824
1852 3 2 16 16 1824 1970 1971 1825
1853 3 2 16 16 1825 1971 1972 1826
1854 3 2 16 16 1826 1972 1973 1827
1855 3 2 16 16 1827 1973 1974 1828
1856 3 2 16 16 1828 1974 1975 1829
1857 3 2 16 16 1829 1975 1976 1830
1858 3 2 16 16 1830 1976 1977 1831
1859 3 2 16 16 1831 1977 1978 1832
1860 3 2 16 16 1832 1978 1979 1833
1861 3 2 16 16 1833 1979 1980 1834
1862 3 2 16 16 1834 1980 1981 1835
1863 3 2 16 16 1835 1981 1982 1836
1864 3 2 16 16 1836 1982 1983 1837
1865 3 2 16 16 1837 1983 1984 1838
1866 3 2 16 16 1838 1984 1985 1839
1867 3 2 16 16 1839 1985 1986 1840
1868 3 2 16 16 1840 1986 1987 1841
1869 3 2 16 16 1841 1987 1988 1842
1870 3 2 16 16 1842 1988 1989 1843
1871 3 2 16 16 1843 1989 1990 1844
1872 3 2 16 16 1844 1990 1991 1845
1873 3 2 16 16 1845 1991 1992 1846
1874 3 2 16 16 1846 1992 1993 1847
1875 3 2 16 16 1847 1993 1994 1848
1876 3 2 16 16 1848 1994 1995 1849
1877 3 2 16 16 1849 1995 1996 1850
1878 3 2 16 16 1850 1996 1997 1851
1879 3 2 16 16 1851 1997 1998 1852
1880 3 2 16 16 1852 1998 1999 1853
1881 3 2 16 16 1853 1999 2000 1854
1882 3 2 16 16 1854 2000 2001 1855
1883 3 2 16 16 1855 2001 2002 1856
1884 3 2 16 16 1856 2002 2003 1857
1885 3 2 16 16 1857 2003 2004 1858
1886 3 2 16 16 1914 2060 2061 1915
1887 3 2 16 16 1915 2061 2062 1916
1888 3 2 16 16 1916 2062 2063 1917
1889 3 2 16 16 1917 2063 2064 1918
1890 3 2 16 16 1918 2064 2065 1919
1891 3 2 16 16 1919 2065 2066 1920
1892 3 2 16 16 1920 2066 2067 1921
1893 3 2 16 16 1921 2067 2068 1922
1894 3 2 16 16 1922 2068 2069 1923
1895 3 2 16 16 1923 2069 2070 1924
1896 3 2 16 16 1924 2070 2071 1925
1897 3 2 16 16 1925 2071 2072 1926
1898 3 2 16 16 1926 2072 2073 1927
1899 3 2 16 16 1927 2073 2074 1928
1900 3 2 16 16 1928 2074 2075 1929
1901 3 2 16 16 1929 2075 2076 1930
1902 3 2 16 16 1930 2076 2077 1931
1903 3 2 16 16 1931 2077 2078 1932
1904 3 2 16 16 1932 2078 2079 1933
1905 3 2 16 16 1933 2079 2080 1934
1906 3 2 16 16 1934 2080 2081 1935
1907 3 2 16 16 1935 2081 2082 1936
1908 3 2 16 16 1936 2082 2083 1937
1909 3 2 16 16 1937 2083 2084 1938
1910 3 2 16 16 1938 2084 2085 1939
1911 3 2 16 16 1939 2085 2086 1940
1912 3 2 16 16 1940 2086 2087 1941
1913 3 2 16 16 1941 2087 2088 1942
1914 3 2 16 16 1942 2088 2089 1943
1915 3 2 16 16 1943 2089 2090 1944
1916 3 2 16 16 1944 2090 2091 1945
1917 3 2 16 16 1945 2091 2092 1946
1918 3 2 16 16 1946 2092 2093 1947
1919 3 2 16 16 1947 2093 2094 1948
1920 3 2 16 16 1948 2094 2095 1949
1921 3 2 16 16 1949 2095 2096 1950
1922 3 2 16 16 1950 2096 2097 1951
1923 3 2 16 16 1951 2097 2098 1952
1924 3 2 16 16 1952 2098 2099 1953
1925 3 2 16 16 1953 2099 2100 1954
1926 3 2 16 16 1954 2100 2101 1955
1927 3 2 16 16 1955 2101 2102 1956
1928 3 2 16 16 1956 2102 2103 1957
1929 3 2 16 16 1957 2103 2104 1958
1930 3 2 16 16 1958 2104 2105 1959
1931 3 2 16 16 1959 2105 2106 1960
1932 3 2 16 16 1960 2106 2107 1961
1933 3 2 16 16 1961 2107 2108 1962
1934 3 2 16 16 1962 2108 2109 1963
1935 3 2 16 16 1963 2109 2110 1964
1936 3 2 16 16 1964 2110 2111 1965
1937 3 2 16 16 1965 2111 2112 1966
1938 3 2 16 16 1966 2112 2113 1967
1939 3 2 16 16 1967 2113 2114 1968
1940 3 2 16 16 1968 2114 2115 1969
1941 3 2 16 16 1969 2115 2116 1970
1942 3 2 16 16 1970 2116 2117 1971
1943 3 2 16 16 1971 2117 2118 1972
1944 3 2 16 16 1972 2118 2119 1973
1945 3 2 16 16 1973 2119 2120 1974
1946 3 2 16 16 1974 2120 2121 1975
1947 3 2 16 16 1975 2121 2122 1976
1948 3 2 16 16 1976 2122 2123 1977
1949 3 2 16 16 1977 2123 2124 1978
1950 3 2 16 16 1978 2124 2125 1979
1951 3 2 16 16 1979 2125 2126 1980
1952 3 2 16 16 1980 2126 2127 1981
1953 3 2 16 16 1981 2127 2128 1982
1954 3 2 16 16 1982 2128 2129 1983
1955 3 2 16 16 1983 2129 2130 1984
1956 3 2 16 16 1984 2130 2131 1985
1957 3 2 16 16 1985 2131 2132 1986
1958 3 2 16 16 1986 2132 2133 1987
1959 3 2 16 16 1987 2133 2134 1988
1960 3 2 16 16 1988 2134 2135 1989
1961 3 2 16 16 1989 2135 2136 1990
1962 3 2 16 16 1990 2136 2137 1991
1963 3 2 16 16 1991 2137 2138 1992
1964 3 2 16 16 1992 2138 2139 1993
1965 3 2 16 16 1993 2139 2140 1994
1966 3 2 16 16 1994 2140 2141 1995
1967 3 2 16 16 1995 2141 2142 1996
1968 3 2 16 16 1996 2142 2143 1997
1969 3 2 16 16 1997 2143 2144 1998
1970 3 2 16 16 1998 2144 2145 1999
1971 3 2 16 16 1999 2145 2146 2000
1972 3 2 16 16 2000 2146 2147 2001
1973 3 2 16 16 2001 2147 2148 2002
1974 3 2 16 16 2002 2148 2149 2003
1975 3 2 16 16 2003 2149 2150 2004
1976 3 2 16 16 2060 2206 2207 2061
1977 3 2 16 16 2061 2207 2208 2062
1978 3 2 16 16 2062 2208 2209 2063
1979 3 2 16 16 2063 2209 2210 2064
1980 3 2 16 16 2064 2210 2211 2065
1981 3 2 16 16 2065 2211 2212 2066
1982 3 2 16 16 2066 2212 2213 2067
1983 3 2 16 16 2067 2213 2214 2068
1984 3 2 16 16 2068 2214 2215 2069
1985 3 2 16 16 2069 2215 2216 2070
1986 3 2 16 16 2070 2216 2217 2071
1987 3 2 16 16 2071 2217 2218 2072
1988 3 2 16 16 2072 2218 2219 2073
1989 3 2 16 16 2073 2219 2220 2074
1990 3 2 16 16 2074 2220 2221 2075
1991 3 2 16 16 2075 2221 2222 2076
1992 3 2 16 16 2076 2222 2223 2077
1993 3 2 16 16 2077 2223 2224 2078
1994 3 2 16 16 2078 2224 2225 2079
1995 3 2 16 16 2079 2225 2226 2080
1996 3 2 16 16 2080 2226 2227 2081
1997 3 2 16 16 2081 2227 2228 2082
1998 3 2 16 16 2082 2228 2229 2083
1999 3 2 16 16 2083 2229 2230 2084
2000 3 2 16 16 2084 2230 2231 2085
2001 3 2 16 16 2085 2231 2232 2086
2002 3 2 16 16 2086 2232 2233 2087
2003 3 2 16 16 2087 2233 2234 2088
2004 3 2 16 16 2088 2234 2235 2089
2005 3 2 16 16 2089 2235 2236 2090
2006 3 2 16 16 2090 2236 2237 2091
2007 3 2 16 16 2091 2237 2238 2092
2008 3 2 16 16 2092 2238 2239 2093
2009 3 2 16 16 2093 2239 2240 2094
2010 3 2 16 16 2094 2240 2241 2095
2011 3 2 16 16 2095 2241 2242 2096
2012 3 2 16 16 2096 2242 2243 2097
2013 3 2 16 16 2097 2243 2244 2098
2014 3 2 16 16 2098 2244 2245 2099
2015 3 2 16 16 2099 2245 2246 2100
2016 3 2 16 16 2100 2246 2247 2101
2017 3 2 16 16 2101 2247 2248 2102
2018 3 2 16 16 2102 2248 2249 2103
2019 3 2 16 16 2103 2249 2250 2104
2020 3 2 16 16 2104 2250 2251 2105
2021 3 2 16 16 2105 2251 2252 2106
2022 3 2 16 16 2106 2252 2253 2107
2023 3 2 16 16 2107 2253 2254 2108
2024 3 2 16 16 2108 2254 2255 2109
2025 3 2 16 16 2109 2255 2256 2110
2026 3 2 16 16 2110 2256 2257 2111
2027 3 2 16 16 2111 2257 2258 2112
2028 3 2 16 16 2112 2258 2259 2113
2029 3 2 16 16 2113 2259 2260 2114
2030 3 2 16 16 2114 2260 2261 2115
2031 3 2 16 16 2115 2261 2262 2116
2032 3 2 16 16 2116 2262 2263 2117
2033 3 2 16 16 2117 2263 2264 2118
2034 3 2 16 16 2118 2264 2265 2119
2035 3 2 16 16 2119 2265 2266 2120
2036 3 2 16 16 2120 2266 2267 2121
2037 3 2 16 16 2121 2267 2268 2122
2038 3 2 16 16 2122 2268 2269 2123
2039 3 2 16 16 2123 2269 2270 2124
2040 3 2 16 16 2124 2270 2271 2125
2041 3 2 16 16 2125 2271 2272 2126
2042 3 2 16 16 2126 2272 2273 2127
2043 3 2 16 16 2127 2273 2274 2128
2044 3 2 16 16 2128 2274 2275 2129
2045 3 2 16 16 2129 2275 2276 2130
2046 3 2 16 16 2130 2276 2277 2131
2047 3 2 16 16 2131 2277 2278 2132
2048 3 2 16 16 2132 2278 2279 2133
2049 3 2 16 16 2133 2279 2280 2134
2050 3 2 16 16 2134 2280 2281 2135
2051 3 2 16 16 2135 2281 2282 2136
2052 3 2 16 16 2136 2282 2283 2137
2053 3 2 16 16 2137 2283 2284 2138
2054 3 2 16 16 2138 2284 2285 2139
2055 3 2 16 16 2139 2285 2286 2140
2056 3 2 16 16 2140 2286 2287 2141
2057 3 2 16 16 2141 2287 2288 2142
2058 3 2 16 16 2142 2288 2289 2143
2059 3 2 16 16 2143 2289 2290 2144
2060 3 2 16 16 2144 2290 2291 2145
2061 3 2 16 16 2145 2291 2292 2146
2062 3 2 16 16 2146 2292 2293 2147
2063 3 2 16 16 2147 2293 2294 2148
2064 3 2 16 16 2148 2294 2295 2149
2065 3 2 16 16 2149 2295 2296 2150
2066 3 2 16 16 2206 2352 2353 2207
2067 3 2 16 16 2207 2353 2354 2208
2068 3 2 16 16 2208 2354 2355 2209
2069 3 2 16 16 2209 2355 2356 2210
2070 3 2 16 16 2210 2356 2357 2211
2071 3 2 16 16 2211 2357 2358 2212
2072 3 2 16 16 2212 2358 2359 2213
2073 3 2 16 16 2213 2359 2360 2214
2074 3 2 16 16 2214 2360 2361 2215
2075 3 2 16 16 2215 2361 2362 2216
2076 3 2 16 16 2216 2362 2363 2217
2077 3 2 16 16 2217 2363 2364 2218
2078 3 2 16 16 2218 2364 2365 2219
2079 3 2 16 16 2219 2365 2366 2220
2080 3 2 16 16 2220 2366 2367 2221
2081 3 2 16 16 2221 2367 2368 2222
2082 3 2 16 16 2222 2368 2369 2223
2083 3 2 16 16 2223 2369 2370 2224
2084 3 2 16 16 2224 2370 2371 2225
2085 3 2 16 16 2225 2371 2372 2226
2086 3 2 16 16 2226 2372 2373 2227
2087 3 2 16 16 2227 2373 2374 2228
2088 3 2 16 16 2228 2374 2375 2229
2089 3 2 16 16 2229 2375 2376 2230
2090 3 2 16 16 2230 2376 2377 2231
2091 3 2 16 16 2231 2377 2378 2232
2092 3 2 16 16 2232 2378 2379 2233
2093 3 2 16 16 2233 2379 2380 2234
2094 3 2 16 16 2234 2380 2381 2235
2095 3 2 16 16 2235 2381 2382 2236
2096 3 2 16 16 2236 2382 2383 2237
2097 3 2 16 16 2237 2383 2384 2238
2098 3 2 16 16 2238 2384 2385 2239
2099 3 2 16 16 2239 2385 2386 2240
2100 3 2 16 16 2240 2386 2387 2241
2101 3 2 16 16 2241 2387 2388 2242
2102 3 2 16 16 2242 2388 2389 2243
2103 3 2 16 16 2243 2389 2390 2244
2104 3 2 16 16 2244 2390 2391 2245
2105 3 2 16 16 2245 2391 2392 2246
2106 3 2 16 16 2246 2392 2393 2247
2107 3 2 16 16 2247 2393 2394 2248
2108 3 2 16 16 2248 2394 2395 2249
2109 3 2 16 16 2249 2395 2396 2250
2110 3 2 16 16 2250 2396 2397 2251
2111 3 2 16 16 2251 2397 2398 2252
2112 3 2 16 16 2252 2398 2399 2253
2113 3 2 16 16 2253 2399 2400 2254
2114 3 2 16 16 2254 2400 2401 2255
2115 3 2 16 16 2255 2401 2402 2256
2116 3 2 16 16 2256 2402 2403 2257
2117 3 2 16 16 2257 2403 2404 2258
2118 3 2 16 16 2258 2404 2405 2259
2119 3 2 16 16 2259 2405 2406 2260
2120 3 2 16 16 2260 2406 2407 2261
2121 3 2 16 16 2261 2407 2408 2262
2122 3 2 16 16 2262 2408 2409 2263
2123 3 2 16 16 2263 2409 2410 2264
2124 3 2 16 16 2264 2410 2411 2265
2125 3 2 16 16 2265 2411 2412 2266
2126 3 2 16 16 2266 2412 2413 2267
2127 3 2 16 16 2267 2413 2414 2268
2128 3 2 16 16 2268 2414 2415 2269
2129 3 2 16 16 2269 2415 2416 2270
2130 3 2 16 16 2270 2416 2417 2271
2131 3 2 16 16 2271 2417 2418 2272
2132 3 2 16 16 2272 2418 2419 2273
2133 3 2 16 16 2273 2419 2420 2274
2134 3 2 16 16 2274 2420 2421 2275
2135 3 2 16 16 2275 2421 2422 2276
2136 3 2 16 16 2276 2422 2423 2277
2137 3 2 16 16 2277 2423 2424 2278
2138 3 2 16 16 2278 2424 2425 2279
2139 3 2 16 16 2279 2425 2426 2280
2140 3 2 16 16 2280 2426 2427 2281
2141 3 2 16 16 2281 2427 2428 2282
2142 3 2 16 16 2282 2428 2429 2283
2143 3 2 16 16 2283 2429 2430 2284
2144 3 2 16 16 2284 2430 2431 2285
2145 3 2 16 16 2285 2431 2432 2286
2146 3 2 16 16 2286 2432 2433 2287
2147 3 2 16 16 2287 2433 2434 2288
2148 3 2 16 16 2288 2434 2435 2289
2149 3 2 16 16 2289 2435 2436 2290
2150 3 2 16 16 2290 2436 2437 2291
2151 3 2 16 16 2291 2437 2438 2292
2152 3 2 16 16 2292 2438 2439 2293
2153 3 2 16 16 2293 2439 2440 2294
2154 3 2 16 16 2294 2440 2441 2295
2155 3 2 16 16 2295 2441 2442 2296
2156 3 2 16 16 2352 2498 2499 2353
2157 3 2 16 16 2353 2499 2500 2354
2158 3 2 16 16 2354 2500 2501 2355
2159 3 2 16 16 2355 2501 2502 2356
2160 3 2 16 16 2356 2502 2503 2357
2161 3 2 16 16 2357 2503 2504 2358
2162 3 2 16 16 2358 2504 2505 2359
2163 3 2 16 16 2359 2505 2506 2360
2164 3 2 16 16 2360 2506 2507 2361
2165 3 2 16 16 2361 2507 2508 2362
2166 3 2 16 16 2362 2508 2509 2363
2167 3 2 16 16 2363 2509 2510 2364
2168 3 2 16 16 2364 2510 2511 2365
2169 3 2 16 16 2365 2511 2512 2366
2170 3 2 16 16 2366 2512 2513 2367
2171 3 2 16 16 2367 2513 2514 2368
2172 3 2 16 16 2368 2514 2515 2369
2173 3 2 16 16 2369 2515 2516 2370
2174 3 2 16 16 2370 2516 2517 2371
2175 3 2 16 16 2371 2517 2518 2372
2176 3 2 16 16 2372 2518 2519 2373
2177 3 2 16 16 2373 2519 2520 2374
2178 3 2 16 16 2374 2520 2521 2375
2179 3 2 16 16 2375 2521 2522 2376
2180 3 2 16 16 2376 2522 2523 2377
2181 3 2 16 16 2377 2523 2524 2378
2182 3 2 16 16 2378 2524 2525 2379
2183 3 2 16 16 2379 2525 2526 2380
2184 3 2 16 16 2380 2526 2527 2381
2185 3 2 16 16 2381 2527 2528 2382
2186 3 2 16 16 2382 2528 2529 2383
2187 3 2 16 16 2383 2529 2530 2384
2188 3 2 16 16 2384 2530 2531 2385
2189 3 2 16 16 2385 2531 2532 2386
2190 3 2 16 16 2386 2532 2533 2387
2191 3 2 16 16 2387 2533 2534 2388
2192 3 2 16 16 2388 2534 2535 2389
2193 3 2 16 16 2389 2535 2536 2390
2194 3 2 16 16 2390 2536 2537 2391
2195 3 2 16 16 2391 2537 2538 2392
2196 3 2 16 16 2392 2538 2539 2393
2197 3 2 16 16 2393 2539 2540 2394
2198 3 2 16 16 2394 2540 2541 2395
2199 3 2 16 16 2395 2541 2542 2396
2200 3 2 16 16 2396 2542 2543 2397
2201 3 2 16 16 2397 2543 2544 2398
2202 3 2 16 16 2398 2544 2545 2399
2203 3 2 16 16 2399 2545 2546 2400
2204 3 2 16 16 2400 2546 2547 2401
2205 3 2 16 16 2401 2547 2548 2402
2206 3 2 16 16 2402 2548 2549 2403
2207 3 2 16 16 2403 2549 2550 2404
2208 3 2 16 16 2404 2550 2551 2405
2209 3 2 16 16 2405 2551 2552 2406
2210 3 2 16 16 2406 2552 2553 2407
2211 3 2 16 16 2407 2553 2554 2408
2212 3 2 16 16 2408 2554 2555 2409
2213 3 2 16 16 2409 2555 2556 2410
2214 3 2 16 16 2410 2556 2557 2411
2215 3 2 16 16 2411 2557 2558 2412
2216 3 2 16 16 2412 2558 2559 2413
2217 3 2 16 16 2413 2559 2560 2414
2218 3 2 16 16 2414 2560 2561 2415
2219 3 2 16 16 2415 2561 2562 2416
2220 3 2 16 16 2416 2562 2563 2417
2221 3 2 16 16 2417 2563 2564 2418
2222 3 2 16 16 2418 2564 2565 2419
2223 3 2 16 16 2419 2565 2566 2420
2224 3 2 16 16 2420 2566 2567 2421
2225 3 2 16 16 2421 2567 2568 2422
2226 3 2 16 16 2422 2568 2569 2423
2227 3 2 16 16 2423 2569 2570 2424
2228 3 2 16 16 2424 2570 2571 2425
2229 3 2 16 16 2425 2571 2572 2426
2230 3 2 16 16 2426 2572 2573 2427
2231 3 2 16 16 2427 2573 2574 2428
2232 3 2 16 16 2428 2574 2575 2429
2233 3 2 16 16 2429 2575 2576 2430
2234 3 2 16 16 2430 2576 2577 2431
2235 3 2 16 16 2431 2577 2578 2432
2236 3 2 16 16 2432 2578 2579 2433
2237 3 2 16 16 2433 2579 2580 2434
2238 3 2 16 16 2434 2580 2581 2435
2239 3 2 16 16 2435 2581 2582 2436
2240 3 2 16 16 2436 2582 2583 2437
2241 3 2 16 16 2437 2583 2584 2438
2242 3 2 16 16 2438 2584 2585 2439
2243 3 2 16 16 2439 2585 2586 2440
2244 3 2 16 16 2440 2586 2587 2441
2245 3 2 16 16 2441 2587 2588 2442
2246 3 2 16 16 2498 2644 2645 2499
2247 3 2 16 16 2499 2645 2646 2500
2248 3 2 16 16 2500 2646 2647 2501
2249 3 2 16 16 2501 2647 2648 2502
2250 3 2 16 16 2502 2648 2649 2503
2251 3 2 16 16 2503 2649 2650 2504
2252 3 2 16 16 2504 2650 2651 2505
2253 3 2 16 16 2505 2651 2652 2506
2254 3 2 16 16 2506 2652 2653 2507
2255 3 2 16 16 2507 2653 2654 2508
2256 3 2 16 16 2508 2654 2655 2509
2257 3 2 16 16 2509 2655 2656 2510
2258 3 2 16 16 2510 2656 2657 2511
2259 3 2 16 16 2511 2657 2658 2512
2260 3 2 16 16 2512 2658 2659 2513
2261 3 2 16 16 2513 2659 2660 2514
2262 3 2 16 16 2514 2660 2661 2515
2263 3 2 16 16 2515 2661 2662 2516
2264 3 2 16 16 2516 2662 2663 2517
2265 3 2 16 16 2517 2663 2664 2518
2266 3 2 16 16 2518 2664 2665 2519
2267 3 2 16 16 2519 2665 2666 2520
2268 3 2 16 16 2520 2666 2667 2521
2269 3 2 16 16 2521 2667 2668 2522
2270 3 2 16 16 2522 2668 2669 2523
2271 3 2 16 16 2523 2669 2670 2524
2272 3 2 16 16 2524 2670 2671 2525
2273 3 2 16 16 2525 2671 2672 2526
2274 3 2 16 16 2526 2672 2673 2527
2275 3 2 16 16 2527 2673 2674 2528
2276 3 2 16 16 2528 2674 2675 2529
2277 3 2 16 16 2529 2675 2676 2530
2278 3 2 16 16 2530 2676 2677 2531
2279 3 2 16 16 2531 2677 2678 2532
2280 3 2 16 16 2532 2678 2679 2533
2281 3 2 16 16 2533 2679 2680 2534
2282 3 2 16 16 2534 2680 2681 2535
2283 3 2 16 16 2535 2681 2682 2536
2284 3 2 16 16 2536 2682 2683 2537
2285 3 2 16 16 2537 2683 2684 2538
2286 3 2 16 16 2538 2684 2685 2539
2287 3 2 16 16 2539 2685 2686 2540
2288 3 2 16 16 2540 2686 2687 2541
2289 3 2 16 16 2541 2687 2688 2542
2290 3 2 16 16 2542 2688 2689 2543
2291 3 2 16 16 2543 2689 2690 2544
2292 3 2 16 16 2544 2690 2691 2545
2293 3 2 16 16 2545 2691 2692 2546
2294 3 2 16 16 2546 2692 2693 2547
2295 3 2 16 16 2547 2693 2694 2548
2296 3 2 16 16 2548 2694 2695 2549
2297 3 2 16 16 2549 2695 2696 2550
2298 3 2 16 16 2550 2696 2697 2551
2299 3 2 16 16 2551 2697 2698 2552
2300 3 2 16 16 2552 2698 2699 2553
2301 3 2 16 16 2553 2699 2700 2554
2302 3 2 16 16 2554 2700 2701 2555
2303 3 2 16 16 2555 2701 2702 2556
2304 3 2 16 16 2556 2702 2703 2557
2305 3 2 16 16 2557 2703 2704 2558
2306 3 2 16 16 2558 2704 2705 2559
2307 3 2 16 16 2559 2705 2706 2560
2308 3 2 16 16 2560 2706 2707 2561
2309 3 2 16 16 2561 2707 2708 2562
2310 3 2 16 16 2562 2708 2709 2563
2311 3 2 16 16 2563 2709 2710 2564
2312 3 2 16 16 2564 2710 2711 2565
2313 3 2 16 16 2565 2711 2712 2566
2314 3 2 16 16 2566 2712 2713 2567
2315 3 2 16 16 2567 2713 2714 2568
2316 3 2 16 16 2568 2714 2715 2569
2317 3 2 16 16 2569 2715 2716 2570
2318 3 2 16 16 2570 2716 2717 2571
2319 3 2 16 16 2571 2717 2718 2572
2320 3 2 16 16 2572 2718 2719 2573
2321 3 2 16 16 2573 2719 2720 2574
2322 3 2 16 16 2574 2720 2721 2575
2323 3 2 16 16 2575 2721 2722 2576
2324 3 2 16 16 2576 2722 2723 2577
2325 3 2 16 16 2577 2723 2724 2578
2326 3 2 16 16 2578 2724 2725 2579
2327 3 2 16 16 2579 2725 2726 2580
2328 3 2 16 16 2580 2726 2727 2581
2329 3 2 16 16 2581 2727 2728 2582
2330 3 2 16 16 2582 2728 2729 2583
2331 3 2 16 16 2583 2729 2730 2584
2332 3 2 16 16 2584 2730 2731 2585
2333 3 2 16 16 2585 2731 2732 2586
2334 3 2 16 16 2586 2732 2733 2587
2335 3 2 16 16 2587 2733 2734 2588
2336 3 2 16 16 2644 2790 2791 2645
2337 3 2 16 16 2645 2791 2792 2646
2338 3 2 16 16 2646 2792 2793 2647
2339 3 2 16 16 2647 2793 2794 2648
2340 3 2 16 16 2648 2794 2795 2649
2341 3 2 16 16 2649 2795 2796 2650
2342 3 2 16 16 2650 2796 2797 2651
2343 3 2 16 16 2651 2797 2798 2652
2344 3 2 16 16 2652 2798 2799 2653
2345 3 2 16 16 2653 2799 2800 2654
2346 3 2 16 16 2654 2800 2801 2655
2347 3 2 16 16 2655 2801 2802 2656
2348 3 2 16 16 2656 2802 2803 2657
2349 3 2 16 16 2657 2803 2804 2658
2350 3 2 16 16 2658 2804 2805 2659
2351 3 2 16 16 2659 2805 2806 2660
2352 3 2 16 16 2660 2806 2807 2661
2353 3 2 16 16 2661 2807 2808 2662
2354 3 2 16 16 2662 2808 2809 2663
2355 3 2 16 16 2663 2809 2810 2664
2356 3 2 16 16 2664 2810 2811 2665
2357 3 2 16 16 2665 2811 2812 2666
2358 3 2 16 16 2666 2812 2813 2667
2359 3 2 16 16 2667 2813 2814 2668
2360 3 2 16 16 2668 2814 2815 2669
2361 3 2 16 16 2669 2815 2816 2670
2362 3 2 16 16 2670 2816 2817 2671
2363 3 2 16 16 2671 2817 2818 2672
2364 3 2 16 16 2672 2818 2819 2673
2365 3 2 16 16 2673 2819 2820 2674
2366 3 2 16 16 2674 2820 2821 2675
2367 3 2 16 16 2675 2821 2822 2676
2368 3 2 16 16 2676 2822 2823 2677
2369 3 2 16 16 2677 2823 2824 2678
2370 3 2 16 16 2678 2824 2825 2679
2371 3 2 16 16 2679 2825 2826 2680
2372 3 2 16 16 2680 2826 2827 2681
2373 3 2 16 16 2681 2827 2828 2682
2374 3 2 16 16 2682 2828 2829 2683
2375 3 2 16 16 2683 2829 2830 2684
2376 3 2 16 16 2684 2830 2831 2685
2377 3 2 16 16 2685 2831 2832 2686
2378 3 2 16 16 2686 2832 2833 2687
2379 3 2 16 16 2687 2833 2834 2688
2380 3 2 16 16 2688 2834 2835 2689
2381 3 2 16 16 2689 2835 2836 2690
2382 3 2 16 16 2690 2836 2837 2691
2383 3 2 16 16 2691 2837 2838 2692
2384 3 2 16 16 2692 2838 2839 2693
2385 3 2 16 16 2693 2839 2840 2694
2386 3 2 16 16 2694 2840 2841 2695
2387 3 2 16 16 2695 2841 2842 2696
2388 3 2 16 16 2696 2842 2843 2697
2389 3 2 16 16 2697 2843 2844 2698
2390 3 2 16 16 2698 2844 2845 2699
2391 3 2 16 16 2699 2845 2846 2700
2392 3 2 16 16 2700 2846 2847 2701
2393 3 2 16 16 2701 2847 2848 2702
2394 3 2 16 16 2702 2848 2849 2703
2395 3 2 16 16 2703 2849 2850 2704
2396 3 2 16 16 2704 2850 2851 2705
2397 3 2 16 16 2705 2851 2852 2706
2398 3 2 16 16 2706 2852 2853 2707
2399 3 2 16 16 2707 2853 2854 2708
2400 3 2 16 16 2708 2854 2855 2709
2401 3 2 16 16 2709 2855 2856 2710
2402 3 2 16 16 2710 2856 2857 2711
2403 3 2 16 16 2711 2857 2858 2712
2404 3 2 16 16 2712 2858 2859 2713
2405 3 2 16 16 2713 2859 2860 2714
2406 3 2 16 16 2714 2860 2861 2715
2407 3 2 16 16 2715 2861 2862 2716
2408 3 2 16 16 2716 2862 2863 2717
2409 3 2 16 16 2717 2863 2864 2718
2410 3 2 16 16 2718 2864 2865 2719
2411 3 2 16 16 2719 2865 2866 2720
2412 3 2 16 16 2720 2866 2867 2721
2413 3 2 16 16 2721 2867 2868 2722
2414 3 2 16 16 2722 2868 2869 2723
2415 3 2 16 16 2723 2869 2870 2724
2416 3 2 16 16 2724 2870 2871 2725
2417 3 2 16 16 2725 2871 2872 2726
2418 3 2 16 16 2726 2872 2873 2727
2419 3 2 16 16 2727 2873 2874 2728
2420 3 2 16 16 2728 2874 2875 2729
2421 3 2 16 16 2729 2875 2876 2730
2422 3 2 16 16 2730 2876 2877 2731
2423 3 2 16 16 2731 2877 2878 2732
2424 3 2 16 16 2732 2878 2879 2733
2425 3 2 16 16 2733 2879 2880 2734
2426 3 2 16 16 2790 2936 2937 2791
2427 3 2 16 16 2791 2937 2938 2792
2428 3 2 16 16 2792 2938 2939 2793
2429 3 2 16 16 2793 2939 2940 2794
2430 3 2 16 16 2794 2940 2941 2795
2431 3 2 16 16 2795 2941 2942 2796
2432 3 2 16 16 2796 2942 2943 2797
2433 3 2 16 16 2797 2943 2944 2798
2434 3 2 16 16 2798 2944 2945 2799
2435 3 2 16 16 2799 2945 2946 2800
2436 3 2 16 16 2800 2946 2947 2801
2437 3 2 16 16 2801 2947 2948 2802
2438 3 2 16 16 2802 2948 2949 2803
2439 3 2 16 16 2803 2949 2950 2804
2440 3 2 16 16 2804 2950 2951 2805
2441 3 2 16 16 2805 2951 2952 2806
2442 3 2 16 16 2806 2952 2953 2807
2443 3 2 16 16 2807 2953 2954 2808
2444 3 2 16 16 2808 2954 2955 2809
2445 3 2 16 16 2809 2955 2956 2810
2446 3 2 16 16 2810 2956 2957 2811
2447 3 2 16 16 2811 2957 2958 2812
2448 3 2 16 16 2812 2958 2959 2813
2449 3 2 16 16 2813 2959 2960 2814
2450 3 2 16 16 2814 2960 2961 2815
2451 3 2 16 16 2815 2961 2962 2816
2452 3 2 16 16 2816 2962 2963 2817
2453 3 2 16 16 2817 2963 2964 2818
2454 3 2 16 16 2818 2964 2965 2819
2455 3 2 16 16 2819 2965 2966 2820
2456 3 2 16 16 2820 2966 2967 2821
2457 3 2 16 16 2821 2967 2968 2822
2458 3 2 16 16 2822 2968 2969 2823
2459 3 2 16 16 2823 2969 2970 2824
2460 3 2 16 16 2824 2970 2971 2825
2461 3 2 16 16 2825 2971 2972 2826
2462 3 2 16 16 2826 2972 2973 2827
2463 3 2 16 16 2827 2973 2974 2828
2464 3 2 16 16 2828 2974 2975 2829
2465 3 2 16 16 2829 2975 2976 2830
2466 3 2 16 16 2830 2976 2977 2831
2467 3 2 16 16 2831 2977 2978 2832
2468 3 2 16 16 2832 2978 2979 2833
2469 3 2 16 16 2833 2979 2980 2834
2470 3 2 16 16 2834 2980 2981 2835
2471 3 2 16 16 2835 2981 2982 2836
2472 3 2 16 16 2836 2982 2983 2837
2473 3 2 16 16 2837 2983 2984 2838
2474 3 2 16 16 2838 2984 2985 2839
2475 3 2 16 16 2839 2985 2986 2840
2476 3 2 16 16 2840 2986 2987 2841
2477 3 2 16 16 2841 2987 2988 2842
2478 3 2 16 16 2842 2988 2989 2843
2479 3 2 16 16 2843 2989 2990 2844
2480 3 2 16 16 2844 2990 2991 2845
2481 3 2 16 16 2845 2991 2992 2846
2482 3 2 16 16 2846 2992 2993 2847
2483 3 2 16 16 2847 2993 2994 2848
2484 3 2 16 16 2848 2994 2995 2849
2485 3 2 16 16 2849 2995 2996 2850
2486 3 2 16 16 2850 2996 2997 2851
2487 3 2 16 16 2851 2997 2998 2852
2488 3 2 16 16 2852 2998 2999 2853
2489 3 2 16 16 2853 2999 3000 2854
2490 3 2 16 16 2854 3000 3001 2855
2491 3 2 16 16 2855 3001 3002 2856
2492 3 2 16 16 2856 3002 3003 2857
2493 3 2 16 16 2857 3003 3004 2858
2494 3 2 16 16 2858 3004 3005 2859
2495 3 2 16 16 2859 3005 3006 2860
2496 3 2 16 16 2860 3006 3007 2861
2497 3 2 16 16 2861 3007 3008 2862
2498 3 2 16 16 2862 3008 3009 2863
2499 3 2 16 16 2863 3009 3010 2864
2500 3 2 16 16 2864 3010 3011 2865
2501 3 2 16 16 2865 3011 3012 2866
2502 3 2 16 16 2866 3012 3013 2867
2503 3 2 16 16 2867 3013 3014 2868
2504 3 2 16 16 2868 3014 3015 2869
2505 3 2 16 16 2869 3015 3016 2870
2506 3 2 16 16 2870 3016 3017 2871
2507 3 2 16 16 2871 3017 3018 2872
2508 3 2 16 16 2872 3018 3019 2873
2509 3 2 16 16 2873 3019 3020 2874
2510 3 2 16 16 2874 3020 3021 2875
2511 3 2 16 16 2875 3021 3022 2876
2512 3 2 16 16 2876 3022 3023 2877
2513 3 2 16 16 2877 3023 3024 2878
2514 3 2 16 16 2878 3024 3025 2879
2515 3 2 16 16 2879 3025 3026 2880
2516 3 2 16 16 2936 3082 3083 2937
2517 3 2 16 16 2937 3083 3084 2938
2518 3 2 16 16 2938 3084 3085 2939
2519 3 2 16 16 2939 3085 3086 2940
2520 3 2 16 16 2940 3086 3087 2941
2521 3 2 16 16 2941 3087 3088 2942
2522 3 2 16 16 2942 3088 3089 2943
2523 3 2 16 16 2943 3089 3090 2944
2524 3 2 16 16 2944 3090 3091 2945
2525 3 2 16 16 2945 3091 3092 2946
2526 3 2 16 16 2946 3092 3093 2947
2527 3 2 16 16 2947 3093 3094 2948
2528 3 2 16 16 2948 3094 3095 2949
2529 3 2 16 16 2949 3095 3096 2950
2530 3 2 16 16 2950 3096 3097 2951
2531 3 2 16 16 2951 3097 3098 2952
2532 3 2 16 16 2952 3098 3099 2953
2533 3 2 16 16 2953 3099 3100 2954
2534 3 2 16 16 2954 3100 3101 2955
2535 3 2 16 16 2955 3101 3102 2956
2536 3 2 16 16 2956 3102 3103 2957
2537 3 2 16 16 2957 3103 3104 2958
2538 3 2 16 16 2958 3104 3105 2959
2539 3 2 16 16 2959 3105 3106 2960
2540 3 2 16 16 2960 3106 3107 2961
2541 3 2 16 16 2961 3107 3108 2962
2542 3 2 16 16 2962 3108 3109 2963
2543 3 2 16 16 2963 3109 3110 2964
2544 3 2 16 16 2964 3110 3111 2965
2545 3 2 16 16 2965 3111 3112 2966
2546 3 2 16 16 2966 3112 3113 2967
2547 3 2 16 16 2967 3113 3114 2968
2548 3 2 16 16 2968 3114 3115 2969
2549 3 2 16 16 2969 3115 3116 2970
2550 3 2 16 16 2970 3116 3117 2971
2551 3 2 16 16 2971 3117 3118 2972
2552 3 2 16 16 2972 3118 3119 2973
2553 3 2 16 16 2973 3119 3120 2974
2554 3 2 16 16 2974 3120 3121 2975
2555 3 2 16 16 2975 3121 3122 2976
2556 3 2 16 16 2976 3122 3123 2977
2557 3 2 16 16 2977 3123 3124 2978
2558 3 2 16 16 2978 3124 3125 2979
2559 3 2 16 16 2979 3125 3126 2980
2560 3 2 16 16 2980 3126 3127 2981
2561 3 2 16 16 2981 3127 3128 2982
2562 3 2 16 16 2982 3128 3129 2983
2563 3 2 16 16 2983 3129 3130 2984
2564 3 2 16 16 2984 3130 3131 2985
2565 3 2 16 16 2985 3131 3132 2986
2566 3 2 16 16 2986 3132 3133 2987
2567 3 2 16 16 2987 3133 3134 2988
2568 3 2 16 16 2988 3134 3135 2989
2569 3 2 16 16 2989 3135 3136 2990
2570 3 2 16 16 2990 3136 3137 2991
2571 3 2 16 16 2991 3137 3138 2992
2572 3 2 16 16 2992 3138 3139 2993
2573 3 2 16 16 2993 3139 3140 2994
2574 3 2 16 16 2994 3140 3141 2995
2575 3 2 16 16 2995 3141 3142 2996
2576 3 2 16 16 2996 3142 3143 2997
2577 3 2 16 16 2997 3143 3144 2998
2578 3 2 16 16 2998 3144 3145 2999
2579 3 2 16 16 2999 3145 3146 3000
2580 3 2 16 16 3000 3146 3147 3001
2581 3 2 16 16 3001 3147 3148 3002
2582 3 2 16 16 3002 3148 3149 3003
2583 3 2 16 16 3003 3149 3150 3004
2584 3 2 16 16 3004 3150 3151 3005
2585 3 2 16 16 3005 3151 3152 3006
2586 3 2 16 16 3006 3152 3153 3007
2587 3 2 16 16 3007 3153 3154 3008
2588 3 2 16 16 3008 3154 3155 3009
2589 3 2 16 16 3009 3155 3156 3010
2590 3 2 16 16 3010 3156 3157 3011
2591 3 2 16 16 3011 3157 3158 3012
2592 3 2 16 16 3012 3158 3159 3013
2593 3 2 16 16 3013 3159 3160 3014
2594 3 2 16 16 3014 3160 3161 3015
2595 3 2 16 16 3015 3161 3162 3016
2596 3 2 16 16 3016 3162 3163 3017
2597 3 2 16 16 3017 3163 3164 3018
2598 3 2 16 16 3018 3164 3165 3019
2599 3 2 16 16 3019 3165 3166 3020
2600 3 2 16 16 3020 3166 3167 3021
2601 3 2 16 16 3021 3167 3168 3022
2602 3 2 16 16 3022 3168 3169 3023
2603 3 2 16 16 3023 3169 3170 3024
2604 3 2 16 16 3024 3170 3171 3025
2605 3 2 16 16 3025 3171 3172 3026
2606 3 2 16 16 3082 3228 3229 3083
2607 3 2 16 16 3083 3229 3230 3084
2608 3 2 16 16 3084 3230 3231 3085
2609 3 2 16 16 3085 3231 3232 3086
2610 3 2 16 16 3086 3232 3233 3087
2611 3 2 16 16 3087 3233 3234 3088
2612 3 2 16 16 3088 3234 3235 3089
2613 3 2 16 16 3089 3235 3236 3090
2614 3 2 16 16 3090 3236 3237 3091
2615 3 2 16 16 3091 3237 3238 3092
2616 3 2 16 16 3092 3238 3239 3093
2617 3 2 16 16 3093 3239 3240 3094
2618 3 2 16 16 3094 3240 3241 3095
2619 3 2 16 16 3095 3241 3242 3096
2620 3 2 16 16 3096 3242 3243 3097
2621 3 2 16 16 3097 3243 3244 3098
2622 3 2 16 16 3098 3244 3245 3099
2623 3 2 16 16 3099 3245 3246 3100
2624 3 2 16 16 3100 3246 3247 3101
2625 3 2 16 16 3101 3247 3248 3102
2626 3 2 16 16 3102 3248 3249 3103
2627 3 2 16 16 3103 3249 3250 3104
2628 3 2 16 16 3104 3250 3251 3105
2629 3 2 16 16 3105 3251 3252 3106
2630 3 2 16 16 3106 3252 3253 3107
2631 3 2 16 16 3107 3253 3254 3108
2632 3 2 16 16 3108 3254 3255 3109
2633 3 2 16 16 3109 3255 3256 3110
2634 3 2 16 16 3110 3256 3257 3111
2635 3 2 16 16 3111 3257 3258 3112
2636 3 2 16 16 3112 3258 3259 3113
2637 3 2 16 16 3113 3259 3260 3114
2638 3 2 16 16 3114 3260 3261 3115
2639 3 2 16 16 3115 3261 3262 3116
2640 3 2 16 16 3116 3262 3263 3117
2641 3 2 16 16 3117 3263 3264 3118
2642 3 2 16 16 3118 3264 3265 3119
2643 3 2 16 16 3119 3265 3266 3120
2644 3 2 16 16 3120 3266 3267 3121
2645 3 2 16 16 3121 3267 3268 3122
2646 3 2 16 16 3122 3268 3269 3123
2647 3 2 16 16 3123 3269 3270 3124
2648 3 2 16 16 3124 3270 3271 3125
2649 3 2 16 16 3125 3271 3272 3126
2650 3 2 16 16 3126 3272 3273 3127
2651 3 2 16 16 3127 3273 3274 3128
2652 3 2 16 16 3128 3274 3275 3129
2653 3 2 16 16 3129 3275 3276 3130
2654 3 2 16 16 3130 3276 3277 3131
2655 3 2 16 16 3131 3277 3278 3132
2656 3 2 16 16 3132 3278 3279 3133
2657 3 2 16 16 3133 3279 3280 3134
2658 3 2 16 16 3134 3280 3281 3135
2659 3 2 16 16 3135 3281 3282 3136
2660 3 2 16 16 3136 3282 3283 3137
2661 3 2 16 16 3137 3283 3284 3138
2662 3 2 16 16 3138 3284 3285 3139
2663 3 2 16 16 3139 3285 3286 3140
2664 3 2 16 16 3140 3286 3287 3141
2665 3 2 16 16 3141 3287 3288 3142
2666 3 2 16 16 3142 3288 3289 3143
2667 3 2 16 16 3143 3289 3290 3144
2668 3 2 16 16 3144 3290 3291 3145
2669 3 2 16 16 3145 3291 3292 3146
2670 3 2 16 16 3146 3292 3293 3147
2671 3 2 16 16 3147 3293 3294 3148
2672 3 2 16 16 3148 3294 3295 3149
2673 3 2 16 16 3149 3295 3296 3150
2674 3 2 16 16 3150 3296 3297 3151
2675 3 2 16 16 3151 3297 3298 3152
2676 3 2 16 16 3152 3298 3299 3153
2677 3 2 16 16 3153 3299 3300 3154
2678 3 2 16 16 3154 3300 3301 3155
2679 3 2 16 16 3155 3301 3302 3156
2680 3 2 16 16 3156 3302 3303 3157
2681 3 2 16 16 3157 3303 3304 3158
2682 3 2 16 16 3158 3304 3305 3159
2683 3 2 16 16 3159 3305 3306 3160
2684 3 2 16 16 3160 3306 3307 3161
2685 3 2 16 16 3161 3307 3308 3162
2686 3 2 16 16 3162 3308 3309 3163
2687 3 2 16 16 3163 3309 3310 3164
2688 3 2 16 16 3164 3310 3311 3165
2689 3 2 16 16 3165 3311 3312 3166
2690 3 2 16 16 3166 3312 3313 3167
2691 3 2 16 16 3167 3313 3314 3168
2692 3 2 16 16 3168 3314 3315 3169
2693 3 2 16 16 3169 3315 3316 3170
2694 3 2 16 16 3170 3316 3317 3171
2695 3 2 16 16 3171 3317 3318 3172
2696 3 2 16 16 3228 3374 3375 3229
2697 3 2 16 16 3229 3375 3376 3230
2698 3 2 16 16 3230 3376 3377 3231
2699 3 2 16 16 3231 3377 3378 3232
2700 3 2 16 16 3232 3378 3379 3233
2701 3 2 16 16 3233 3379 3380 3234
2702 3 2 16 16 3234 3380 3381 3235
2703 3 2 16 16 3235 3381 3382 3236
2704 3 2 16 16 3236 3382 3383 3237
2705 3 2 16 16 3237 3383 3384 3238
2706 3 2 16 16 3238 3384 3385 3239
2707 3 2 16 16 3239 3385 3386 3240
2708 3 2 16 16 3240 3386 3387 3241
2709 3 2 16 16 3241 3387 3388 3242
2710 3 2 16 16 3242 3388 3389 3243
2711 3 2 16 16 3243 3389 3390 3244
2712 3 2 16 16 3244 3390 3391 3245
2713 3 2 16 16 3245 3391 3392 3246
2714 3 2 16 16 3246 3392 3393 3247
2715 3 2 16 16 3247 3393 3394 3248
2716 3 2 16 16 3248 3394 3395 3249
2717 3 2 16 16 3249 3395 3396 3250
2718 3 2 16 16 3250 3396 3397 3251
2719 3 2 16 16 3251 3397 3398 3252
2720 3 2 16 16 3252 3398 3399 3253
2721 3 2 16 16 3253 3399 3400 3254
2722 3 2 16 16 3254 3400 3401 3255
2723 3 2 16 16 3255 3401 3402 3256
2724 3 2 16 16 3256 3402 3403 3257
2725 3 2 16 16 3257 3403 3404 3258
2726 3 2 16 16 3258 3404 3405 3259
2727 3 2 16 16 3259 3405 3406 3260
2728 3 2 16 16 3260 3406 3407 3261
2729 3 2 16 16 3261 3407 3408 3262
2730 3 2 16 16 3262 3408 3409 3263
2731 3 2 16 16 3263 3409 3410 3264
2732 3 2 16 16 3264 3410 3411 3265
2733 3 2 16 16 3265 3411 3412 3266
2734 3 2 16 16 3266 3412 3413 3267
2735 3 2 16 16 3267 3413 3414 3268
2736 3 2 16 16 3268 3414 3415 3269
2737 3 2 16 16 3269 3415 3416 3270
2738 3 2 16 16 3270 3416 3417 3271
2739 3 2 16 16 3271 3417 3418 3272
2740 3 2 16 16 3272 3418 3419 3273
2741 3 2 16 16 3273 3419 3420 3274
2742 3 2 16 16 3274 3420 3421 3275
2743 3 2 16 16 3275 3421 3422 3276
2744 3 2 16 16 3276 3422 3423 3277
2745 3 2 16 16 3277 3423 3424 3278
2746 3 2 16 16 3278 3424 3425 3279
2747 3 2 16 16 3279 3425 3426 3280
2748 3 2 16 16 3280 3426 3427 3281
2749 3 2 16 16 3281 3427 3428 3282
2750 3 2 16 16 3282 3428 3429 3283
2751 3 2 16 16 3283 3429 3430 3284
2752 3 2 16 16 3284 3430 3431 3285
2753 3 2 16 16 3285 3431 3432 3286
2754 3 2 16 16 3286 3432 3433 3287
2755 3 2 16 16 3287 3433 3434 3288
2756 3 2 16 16 3288 3434 3435 3289
2757 3 2 16 16 3289 3435 3436 3290
2758 3 2 16 16 3290 3436 3437 3291
2759 3 2 16 16 3291 3437 3438 3292
2760 3 2 16 16 3292 3438 3439 3293
2761 3 2 16 16 3293 3439 3440 3294
2762 3 2 16 16 3294 3440 3441 3295
2763 3 2 16 16 3295 3441 3442 3296
2764 3 2 16 16 3296 3442 3443 3297
2765 3 2 16 16 3297 3443 3444 3298
2766 3 2 16 16 3298 3444 3445 3299
2767 3 2 16 16 3299 3445 3446 3300
2768 3 2 16 16 3300 3446 3447 3301
2769 3 2 16 16 3301 3447 3448 3302
2770 3 2 16 16 3302 3448 3449 3303
2771 3 2 16 16 3303 3449 3450 3304
2772 3 2 16 16 3304 3450 3451 3305
2773 3 2 16 16 3305 3451 3452 3306
2774 3 2 16 16 3306 3452 3453 3307
2775 3 2 16 16 3307 3453 3454 3308
2776 3 2 16 16 3308 3454 3455 3309
2777 3 2 16 16 3309 3455 3456 3310
2778 3 2 16 16 3310 3456 3457 3311
2779 3 2 16 16 3311 3457 3458 3312
2780 3 2 16 16 3312 3458 3459 3313
2781 3 2 16 16 3313 3459 3460 3314
2782 3 2 16 16 3314 3460 3461 3315
2783 3 2 16 16 3315 3461 3462 3316
2784 3 2 16 16 3316 3462 3463 3317
2785 3 2 16 16 3317 3463 3464 3318
2786 3 2 16 16 3374 3520 3521 3375
2787 3 2 16 16 3375 3521 3522 3376
2788 3 2 16 16 3376 3522 3523 3377
2789 3 2 16 16 3377 3523 3524 3378
2790 3 2 16 16 3378 3524 3525 3379
2791 3 2 16 16 3379 3525 3526 3380
2792 3 2 16 16 3380 3526 3527 3381
2793 3 2 16 16 3381 3527 3528 3382
2794 3 2 16 16 3382 3528 3529 3383
2795 3 2 16 16 3383 3529 3530 3384
2796 3 2 16 16 3384 3530 3531 3385
2797 3 2 16 16 3385 3531 3532 3386
2798 3 2 16 16 3386 3532 3533 3387
2799 3 2 16 16 3387 3533 3534 3388
2800 3 2 16 16 3388 3534 3535 3389
2801 3 2 16 16 3389 3535 3536 3390
2802 3 2 16 16 3390 3536 3537 3391
2803 3 2 16 16 3391 3537 3538 3392
2804 3 2 16 16 3392 3538 3539 3393
2805 3 2 16 16 3393 3539 3540 3394
2806 3 2 16 16 3394 3540 3541 3395
2807 3 2 16 16 3395 3541 3542 3396
2808 3 2 16 16 3396 3542 3543 3397
2809 3 2 16 16 3397 3543 3544 3398
2810 3 2 16 16 3398 3544 3545 3399
2811 3 2 16 16 3399 3545 3546 3400
2812 3 2 16 16 3400 3546 3547 3401
2813 3 2 16 16 3401 3547 3548 3402
2814 3 2 16 16 3402 3548 3549 3403
2815 3 2 16 16 3403 3549 3550 3404
2816 3 2 16 16 3404 3550 3551 3405
2817 3 2 16 16 3405 3551 3552 3406
2818 3 2 16 16 3406 3552 3553 3407
2819 3 2 16 16 3407 3553 3554 3408
2820 3 2 16 16 3408 3554 3555 3409
2821 3 2 16 16 3409 3555 3556 3410
2822 3 2 16 16 3410 3556 3557 3411
2823 3 2 16 16 3411 3557 3558 3412
2824 3 2 16 16 3412 3558 3559 3413
2825 3 2 16 16 3413 3559 3560 3414
2826 3 2 16 16 3414 3560 3561 3415
2827 3 2 16 16 3415 3561 3562 3416
2828 3 2 16 16 3416 3562 3563 3417
2829 3 2 16 16 3417 3563 3564 3418
2830 3 2 16 16 3418 3564 3565 3419
2831 3 2 16 16 3419 3565 3566 3420
2832 3 2 16 16 3420 3566 3567 3421
2833 3 2 16 16 3421 3567 3568 3422
2834 3 2 16 16 3422 3568 3569 3423
2835 3 2 16 16 3423 3569 3570 3424
2836 3 2 16 16 3424 3570 3571 3425
2837 3 2 16 16 3425 3571 3572 3426
2838 3 2 16 16 3426 3572 3573 3427
2839 3 2 16 16 3427 3573 3574 3428
2840 3 2 16 16 3428 3574 3575 3429
2841 3 2 16 16 3429 3575 3576 3430
2842 3 2 16 16 3430 3576 3577 3431
2843 3 2 16 16 3431 3577 3578 3432
2844 3 2 16 16 3432 3578 3579 3433
2845 3 2 16 16 3433 3579 3580 3434
2846 3 2 16 16 3434 3580 3581 3435
2847 3 2 16 16 3435 3581 3582 3436
2848 3 2 16 16 3436 3582 3583 3437
2849 3 2 16 16 3437 3583 3584 3438
2850 3 2 16 16 3438 3584 3585 3439
2851 3 2 16 16 3439 3585 3586 3440
2852 3 2 16 16 3440 3586 3587 3441
2853 3 2 16 16 3441 3587 3588 3442
2854 3 2 16 16 3442 3588 3589 3443
2855 3 2 16 16 3443 3589 3590 3444
2856 3 2 16 16 3444 3590 3591 3445
2857 3 2 16 16 3445 3591 3592 3446
2858 3 2 16 16 3446 3592 3593 3447
2859 3 2 16 16 3447 3593 3594 3448
2860 3 2 16 16 3448 3594 3595 3449
2861 3 2 16 16 3449 3595 3596 3450
2862 3 2 16 16 3450 3596 3597 3451
2863 3 2 16 16 3451 3597 3598 3452
2864 3 2 16 16 3452 3598 3599 3453
2865 3 2 16 16 3453 3599 3600 3454
2866 3 2 16 16 3454 3600 3601 3455
2867 3 2 16 16 3455 3601 3602 3456
2868 3 2 16 16 3456 3602 3603 3457
2869 3 2 16 16 3457 3603 3604 3458
2870 3 2 16 16 3458 3604 3605 3459
2871 3 2 16 16 3459 3605 3606 3460
2872 3 2 16 16 3460 3606 3607 3461
2873 3 2 16 16 3461 3607 3608 3462
2874 3 2 16 16 3462 3608 3609 3463
2875 3 2 16 16 3463 3609 3610 3464
2876 3 2 16 16 3520 3666 3667 3521
2877 3 2 16 16 3521 3667 3668 3522
2878 3 2 16 16 3522 3668 3669 3523
2879 3 2 16 16 3523 3669 3670 3524
2880 3 2 16 16 3524 3670 3671 3525
2881 3 2 16 16 3525 3671 3672 3526
2882 3 2 16 16 3526 3672 3673 3527
2883 3 2 16 16 3527 3673 3674 3528
2884 3 2 16 16 3528 3674 3675 3529
2885 3 2 16 16 3529 3675 3676 3530
2886 3 2 16 16 3530 3676 3677 3531
2887 3 2 16 16 3531 3677 3678 3532
2888 3 2 16 16 3532 3678 3679 3533
2889 3 2 16 16 3533 3679 3680 3534
2890 3 2 16 16 3534 3680 3681 3535
2891 3 2 16 16 3535 3681 3682 3536
2892 3 2 16 16 3536 3682 3683 3537
2893 3 2 16 16 3537 3683 3684 3538
2894 3 2 16 16 3538 3684 3685 3539
2895 3 2 16 16 3539 3685 3686 3540
2896 3 2 16 16 3540 3686 3687 3541
2897 3 2 16 16 3541 3687 3688 3542
2898 3 2 16 16 3542 3688 3689 3543
2899 3 2 16 16 3543 3689 3690 3544
2900 3 2 16 16 3544 3690 3691 3545
2901 3 2 16 16 3545 3691 3692 3546
2902 3 2 16 16 3546 3692 3693 3547
2903 3 2 16 16 3547 3693 3694 3548
2904 3 2 16 16 3548 3694 3695 3549
2905 3 2 16 16 3549 3695 3696 3550
2906 3 2 16 16 3550 3696 3697 3551
2907 3 2 16 16 3551 3697 3698 3552
2908 3 2 16 16 3552 3698 3699 3553
2909 3 2 16 16 3553 3699 3700 3554
2910 3 2 16 16 3554 3700 3701 3555
2911 3 2 16 16 3555 3701 3702 3556
2912 3 2 16 16 3556 3702 3703 3557
2913 3 2 16 16 3557 3703 3704 3558
2914 3 2 16 16 3558 3704 3705 3559
2915 3 2 16 16 3559 3705 3706 3560
2916 3 2 16 16 3560 3706 3707 3561
2917 3 2 16 16 3561 3707 3708 3562
2918 3 2 16 16 3562 3708 3709 3563
2919 3 2 16 16 3563 3709 3710 3564
2920 3 2 16 16 3564 3710 3711 3565
2921 3 2 16 16 3565 3711 3712 3566
2922 3 2 16 16 3566 3712 3713 3567
2923 3 2 16 16 3567 3713 3714 3568
2924 3 2 16 16 3568 3714 3715 3569
2925 3 2 16 16 3569 3715 3716 3570
2926 3 2 16 16 3570 3716 3717 3571
2927 3 2 16 16 3571 3717 3718 3572
2928 3 2 16 16 3572 3718 3719 3573
2929 3 2 16 16 3573 3719 3720 3574
2930 3 2 16 16 3574 3720 3721 3575
2931 3 2 16 16 3575 3721 3722 3576
2932 3 2 16 16 3576 3722 3723 3577
2933 3 2 16 16 3577 3723 3724 3578
2934 3 2 16 16 3578 3724 3725 3579
2935 3 2 16 16 3579 3725 3726 3580
2936 3 2 16 16 3580 3726 3727 3581
2937 3 2 16 16 3581 3727 3728 3582
2938 3 2 16 16 3582 3728 3729 3583
2939 3 2 16 16 3583 3729 3730 3584
2940 3 2 16 16 3584 3730 3731 3585
2941 3 2 16 16 3585 3731 3732 3586
2942 3 2 16 16 3586 3732 3733 3587
2943 3 2 16 16 3587 3733 3734 3588
2944 3 2 16 16 3588 3734 3735 3589
2945 3 2 16 16 3589 3735 3736 3590
2946 3 2 16 16 3590 3736 3737 3591
2947 3 2 16 16 3591 3737 3738 3592
2948 3 2 16 16 3592 3738 3739 3593
2949 3 2 16 16 3593 3739 3740 3594
2950 3 2 16 16 3594 3740 3741 3595
2951 3 2 16 16 3595 3741 3742 3596
2952 3 2 16 16 3596 3742 3743 3597
2953 3 2 16 16 3597 3743 3744 3598
2954 3 2 16 16 3598 3744 3745 3599
2955 3 2 16 16 3599 3745 3746 3600
2956 3 2 16 16 3600 3746 3747 3601
2957 3 2 16 16 3601 3747 3748 3602
2958 3 2 16 16 3602 3748 3749 3603
2959 3 2 16 16 3603 3749 3750 3604
2960 3 2 16 16 3604 3750 3751 3605
2961 3 2 16 16 3605 3751 3752 3606
2962 3 2 16 16 3606 3752 3753 3607
2963 3 2 16 16 3607 3753 3754 3608
2964 3 2 16 16 3608 3754 3755 3609
2965 3 2 16 16 3609 3755 3756 3610
2966 3 2 17 17 2460 2606 2607 2461
2967 3 2 17 17 2461 2607 2608 2462
2968 3 2 17 17 2462 2608 2609 2463
2969 3 2 17 17 2463 2609 2610 2464
2970 3 2 17 17 2464 2610 2611 2465
2971 3 2 17 17 2465 2611 2612 2466
2972 3 2 17 17 2466 2612 2613 2467
2973 3 2 17 17 2467 2613 2614 2468
2974 3 2 17 17 2468 2614 2615 2469
2975 3 2 17 17 3476 3622 3623 3477
2976 3 2 17 17 2469 2615 2616 2470
2977 3 2 17 17 2470 2616 2617 2471
2978 3 2 17 17 2471 2617 2618 2472
2979 3 2 17 17 2472 2618 2619 2473
2980 3 2 17 17 2473 2619 2620 2474
2981 3 2 17 17 2474 2620 2621 2475
2982 3 2 17 17 2626 2772 2773 2627
2983 3 2 17 17 2475 2621 2622 2476
2984 3 2 17 17 2476 2622 2623 2477
2985 3 2 17 17 3816 3820 2297 2151
2986 3 2 17 17 2151 2297 2298 2152
2987 3 2 17 17 2152 2298 2299 2153
2988 3 2 17 17 2153 2299 2300 2154
2989 3 2 17 17 2154 2300 2301 2155
2990 3 2 17 17 2155 2301 2302 2156
2991 3 2 17 17 2156 2302 2303 2157
2992 3 2 17 17 2157 2303 2304 2158
2993 3 2 17 17 2158 2304 2305 2159
2994 3 2 17 17 2159 2305 2306 2160
2995 3 2 17 17 2160 2306 2307 2161
2996 3 2 17 17 2161 2307 2308 2162
2997 3 2 17 17 2162 2308 2309 2163
2998 3 2 17 17 2163 2309 2310 2164
2999 3 2 17 17 2164 2310 2311 2165
3000 3 2 17 17 2165 2311 2312 2166
3001 3 2 17 17 2166 2312 2313 2167
3002 3 2 17 17 2167 2313 2314 2168
3003 3 2 17 17 3818 3822 253 107
3004 3 2 17 17 107 253 254 108
3005 3 2 17 17 108 254 255 109
3006 3 2 17 17 109 255 256 110
3007 3 2 17 17 110 256 257 111
3008 3 2 17 17 111 257 258 112
3009 3 2 17 17 112 258 259 113
3010 3 2 17 17 113 259 260 114
3011 3 2 17 17 114 260 261 115
3012 3 2 17 17 115 261 262 116
3013 3 2 17 17 116 262 263 117
3014 3 2 17 17 117 263 264 118
3015 3 2 17 17 118 264 265 119
3016 3 2 17 17 119 265 266 120
3017 3 2 17 17 120 266 267 121
3018 3 2 17 17 121 267 268 122
3019 3 2 17 17 122 268 269 123
3020 3 2 17 17 123 269 270 124
3021 3 2 17 17 124 270 271 125
3022 3 2 17 17 125 271 272 126
3023 3 2 17 17 126 272 273 127
3024 3 2 17 17 127 273 274 128
3025 3 2 17 17 128 274 275 129
3026 3 2 17 17 129 275 276 130
3027 3 2 17 17 130 276 277 131
3028 3 2 17 17 131 277 278 132
3029 3 2 17 17 132 278 279 133
3030 3 2 17 17 133 279 280 134
3031 3 2 17 17 134 280 281 135
3032 3 2 17 17 135 281 282 136
3033 3 2 17 17 136 282 283 137
3034 3 2 17 17 137 283 284 138
3035 3 2 17 17 138 284 285 139
3036 3 2 17 17 139 285 286 140
3037 3 2 17 17 140 286 287 141
3038 3 2 17 17 141 287 288 142
3039 3 2 17 17 142 288 289 143
3040 3 2 17 17 143 289 290 144
3041 3 2 17 17 144 290 291 145
3042 3 2 17 17 145 291 292 146
3043 3 2 17 17 2897 3043 3044 2898
3044 3 2 17 17 2898 3044 3045 2899
3045 3 2 17 17 2899 3045 3046 2900
3046 3 2 17 17 2900 3046 3047 2901
3047 3 2 17 17 2901 3047 3048 2902
3048 3 2 17 17 2902 3048 3049 2903
3049 3 2 17 17 2903 3049 3050 2904
3050 3 2 17 17 3477 3623 3624 3478
3051 3 2 17 17 2904 3050 3051 2905
3052 3 2 17 17 2905 3051 3052 2906
3053 3 2 17 17 2906 3052 3053 2907
3054 3 2 17 17 2907 3053 3054 2908
3055 3 2 17 17 2908 3054 3055 2909
3056 3 2 17 17 2909 3055 3056 2910
3057 3 2 17 17 2910 3056 3057 2911
3058 3 2 17 17 2911 3057 3058 2912
3059 3 2 17 17 2912 3058 3059 2913
3060 3 2 17 17 2913 3059 3060 2914
3061 3 2 17 17 2914 3060 3061 2915
3062 3 2 17 17 2915 3061 3062 2916
3063 3 2 17 17 3820 3798 2443 2297
3064 3 2 17 17 2297 2443 2444 2298
3065 3 2 17 17 2298 2444 2445 2299
3066 3 2 17 17 2299 2445 2446 2300
3067 3 2 17 17 2300 2446 2447 2301
3068 3 2 17 17 2301 2447 2448 2302
3069 3 2 17 17 2302 2448 2449 2303
3070 3 2 17 17 2303 2449 2450 2304
3071 3 2 17 17 2304 2450 2451 2305
3072 3 2 17 17 2305 2451 2452 2306
3073 3 2 17 17 2306 2452 2453 2307
3074 3 2 17 17 2307 2453 2454 2308
3075 3 2 17 17 2308 2454 2455 2309
3076 3 2 17 17 2309 2455 2456 2310
3077 3 2 17 17 2310 2456 2457 2311
3078 3 2 17 17 2311 2457 2458 2312
3079 3 2 17 17 2312 2458 2459 2313
3080 3 2 17 17 2313 2459 2460 2314
3081 3 2 17 17 3822 3800 399 253
3082 3 2 17 17 253 399 400 254
3083 3 2 17 17 254 400 401 255
3084 3 2 17 17 255 401 402 256
3085 3 2 17 17 256 402 403 257
3086 3 2 17 17 257 403 404 258
3087 3 2 17 17 258 404 405 259
3088 3 2 17 17 259 405 406 260
3089 3 2 17 17 260 406 407 261
3090 3 2 17 17 261 407 408 262
3091 3 2 17 17 262 408 409 263
3092 3 2 17 17 263 409 410 264
3093 3 2 17 17 264 410 411 265
3094 3 2 17 17 265 411 412 266
3095 3 2 17 17 266 412 413 267
3096 3 2 17 17 267 413 414 268
3097 3 2 17 17 268 414 415 269
3098 3 2 17 17 269 415 416 270
3099 3 2 17 17 270 416 417 271
3100 3 2 17 17 271 417 418 272
3101 3 2 17 17 272 418 419 273
3102 3 2 17 17 273 419 420 274
3103 3 2 17 17 274 420 421 275
3104 3 2 17 17 275 421 422 276
3105 3 2 17 17 276 422 423 277
3106 3 2 17 17 277 423 424 278
3107 3 2 17 17 278 424 425 279
3108 3 2 17 17 279 425 426 280
3109 3 2 17 17 280 426 427 281
3110 3 2 17 17 281 427 428 282
3111 3 2 17 17 282 428 429 283
3112 3 2 17 17 283 429 430 284
3113 3 2 17 17 284 430 431 285
3114 3 2 17 17 285 431 432 286
3115 3 2 17 17 286 432 433 287
3116 3 2 17 17 287 433 434 288
3117 3 2 17 17 288 434 435 289
3118 3 2 17 17 289 435 436 290
3119 3 2 17 17 290 436 437 291
3120 3 2 17 17 291 437 438 292
3121 3 2 17 17 3336 3482 3483 3337
3122 3 2 17 17 3337 3483 3484 3338
3123 3 2 17 17 3338 3484 3485 3339
3124 3 2 17 17 3339 3485 3486 3340
3125 3 2 17 17 3340 3486 3487 3341
3126 3 2 17 17 3341 3487 3488 3342
3127 3 2 17 17 3342 3488 3489 3343
3128 3 2 17 17 3343 3489 3490 3344
3129 3 2 17 17 3344 3490 3491 3345
3130 3 2 17 17 2773 2919 2920 2774
3131 3 2 17 17 3345 3491 3492 3346
3132 3 2 17 17 3210 3356 3357 3211
3133 3 2 17 17 3346 3492 3493 3347
3134 3 2 17 17 3347 3493 3494 3348
3135 3 2 17 17 3348 3494 3495 3349
3136 3 2 17 17 3349 3495 3496 3350
3137 3 2 17 17 3350 3496 3497 3351
3138 3 2 17 17 3211 3357 3358 3212
3139 3 2 17 17 3351 3497 3498 3352
3140 3 2 17 17 3352 3498 3499 3353
3141 3 2 17 17 3353 3499 3500 3354
3142 3 2 17 17 3354 3500 3501 3355
3143 3 2 17 17 3798 3802 2589 2443
3144 3 2 17 17 2443 2589 2590 2444
3145 3 2 17 17 2444 2590 2591 2445
3146 3 2 17 17 2445 2591 2592 2446
3147 3 2 17 17 2446 2592 2593 2447
3148 3 2 17 17 2447 2593 2594 2448
3149 3 2 17 17 2448 2594 2595 2449
3150 3 2 17 17 2449 2595 2596 2450
3151 3 2 17 17 2450 2596 2597 2451
3152 3 2 17 17 2451 2597 2598 2452
3153 3 2 17 17 2452 2598 2599 2453
3154 3 2 17 17 2453 2599 2600 2454
3155 3 2 17 17 2454 2600 2601 2455
3156 3 2 17 17 2455 2601 2602 2456
3157 3 2 17 17 2456 2602 2603 2457
3158 3 2 17 17 2457 2603 2604 2458
3159 3 2 17 17 2458 2604 2605 2459
3160 3 2 17 17 2459 2605 2606 2460
3161 3 2 17 17 3800 3804 545 399
3162 3 2 17 17 399 545 546 400
3163 3 2 17 17 400 546 547 401
3164 3 2 17 17 401 547 548 402
3165 3 2 17 17 402 548 549 403
3166 3 2 17 17 403 549 550 404
3167 3 2 17 17 404 550 551 405
3168 3 2 17 17 405 551 552 406
3169 3 2 17 17 406 552 553 407
3170 3 2 17 17 407 553 554 408
3171 3 2 17 17 408 554 555 409
3172 3 2 17 17 409 555 556 410
3173 3 2 17 17 410 556 557 411
3174 3 2 17 17 411 557 558 412
3175 3 2 17 17 412 558 559 413
3176 3 2 17 17 413 559 560 414
3177 3 2 17 17 414 560 561 415
3178 3 2 17 17 415 561 562 416
3179 3 2 17 17 416 562 563 417
3180 3 2 17 17 417 563 564 418
3181 3 2 17 17 418 564 565 419
3182 3 2 17 17 419 565 566 420
3183 3 2 17 17 420 566 567 421
3184 3 2 17 17 421 567 568 422
3185 3 2 17 17 422 568 569 423
3186 3 2 17 17 423 569 570 424
3187 3 2 17 17 424 570 571 425
3188 3 2 17 17 425 571 572 426
3189 3 2 17 17 426 572 573 427
3190 3 2 17 17 427 573 574 428
3191 3 2 17 17 428 574 575 429
3192 3 2 17 17 429 575 576 430
3193 3 2 17 17 430 576 577 431
3194 3 2 17 17 431 577 578 432
3195 3 2 17 17 432 578 579 433
3196 3 2 17 17 433 579 580 434
3197 3 2 17 17 434 580 581 435
3198 3 2 17 17 435 581 582 436
3199 3 2 17 17 436 582 583 437
3200 3 2 17 17 437 583 584 438
3201 3 2 17 17 3624 3770 3771 3625
3202 3 2 17 17 2477 2623 2624 2478
3203 3 2 17 17 3625 3771 3772 3626
3204 3 2 17 17 2478 2624 2625 2479
3205 3 2 17 17 2479 2625 2626 2480
3206 3 2 17 17 2627 2773 2774 2628
3207 3 2 17 17 3802 3806 2735 2589
3208 3 2 17 17 2480 2626 2627 2481
3209 3 2 17 17 2589 2735 2736 2590
3210 3 2 17 17 2590 2736 2737 2591
3211 3 2 17 17 2591 2737 2738 2592
3212 3 2 17 17 2592 2738 2739 2593
3213 3 2 17 17 2593 2739 2740 2594
3214 3 2 17 17 2594 2740 2741 2595
3215 3 2 17 17 2595 2741 2742 2596
3216 3 2 17 17 2596 2742 2743 2597
3217 3 2 17 17 2597 2743 2744 2598
3218 3 2 17 17 2598 2744 2745 2599
3219 3 2 17 17 2599 2745 2746 2600
3220 3 2 17 17 2600 2746 2747 2601
3221 3 2 17 17 2601 2747 2748 2602
3222 3 2 17 17 2602 2748 2749 2603
3223 3 2 17 17 2603 2749 2750 2604
3224 3 2 17 17 2604 2750 2751 2605
3225 3 2 17 17 3804 3808 691 545
3226 3 2 17 17 545 691 692 546
3227 3 2 17 17 546 692 693 547
3228 3 2 17 17 547 693 694 548
3229 3 2 17 17 548 694 695 549
3230 3 2 17 17 549 695 696 550
3231 3 2 17 17 550 696 697 551
3232 3 2 17 17 551 697 698 552
3233 3 2 17 17 552 698 699 553
3234 3 2 17 17 553 699 700 554
3235 3 2 17 17 554 700 701 555
3236 3 2 17 17 555 701 702 556
3237 3 2 17 17 556 702 703 557
3238 3 2 17 17 557 703 704 558
3239 3 2 17 17 558 704 705 559
3240 3 2 17 17 559 705 706 560
3241 3 2 17 17 560 706 707 561
3242 3 2 17 17 561 707 708 562
3243 3 2 17 17 562 708 709 563
3244 3 2 17 17 563 709 710 564
3245 3 2 17 17 564 710 711 565
3246 3 2 17 17 565 711 712 566
3247 3 2 17 17 566 712 713 567
3248 3 2 17 17 567 713 714 568
3249 3 2 17 17 568 714 715 569
3250 3 2 17 17 569 715 716 570
3251 3 2 17 17 570 716 717 571
3252 3 2 17 17 571 717 718 572
3253 3 2 17 17 572 718 719 573
3254 3 2 17 17 573 719 720 574
3255 3 2 17 17 574 720 721 575
3256 3 2 17 17 575 721 722 576
3257 3 2 17 17 576 722 723 577
3258 3 2 17 17 577 723 724 578
3259 3 2 17 17 578 724 725 579
3260 3 2 17 17 579 725 726 580
3261 3 2 17 17 580 726 727 581
3262 3 2 17 17 581 727 728 582
3263 3 2 17 17 582 728 729 583
3264 3 2 17 17 583 729 730 584
3265 3 2 17 17 2168 2314 2315 2169
3266 3 2 17 17 2169 2315 2316 2170
3267 3 2 17 17 2170 2316 2317 2171
3268 3 2 17 17 2171 2317 2318 2172
3269 3 2 17 17 2172 2318 2319 2173
3270 3 2 17 17 2173 2319 2320 2174
3271 3 2 17 17 2174 2320 2321 2175
3272 3 2 17 17 2894 3040 3041 2895
3273 3 2 17 17 2175 2321 2322 2176
3274 3 2 17 17 2176 2322 2323 2177
3275 3 2 17 17 2177 2323 2324 2178
3276 3 2 17 17 2178 2324 2325 2179
3277 3 2 17 17 2179 2325 2326 2180
3278 3 2 17 17 2895 3041 3042 2896
3279 3 2 17 17 2180 2326 2327 2181
3280 3 2 17 17 2181 2327 2328 2182
3281 3 2 17 17 2182 2328 2329 2183
3282 3 2 17 17 3806 3809 2881 2735
3283 3 2 17 17 2183 2329 2330 2184
3284 3 2 17 17 2735 2881 2882 2736
3285 3 2 17 17 2736 2882 2883 2737
3286 3 2 17 17 2737 2883 2884 2738
3287 3 2 17 17 2738 2884 2885 2739
3288 3 2 17 17 2184 2330 2331 2185
3289 3 2 17 17 2739 2885 2886 2740
3290 3 2 17 17 2740 2886 2887 2741
3291 3 2 17 17 2741 2887 2888 2742
3292 3 2 17 17 2742 2888 2889 2743
3293 3 2 17 17 2185 2331 2332 2186
3294 3 2 17 17 2743 2889 2890 2744
3295 3 2 17 17 2744 2890 2891 2745
3296 3 2 17 17 2745 2891 2892 2746
3297 3 2 17 17 2746 2892 2893 2747
3298 3 2 17 17 2186 2332 2333 2187
3299 3 2 17 17 2747 2893 2894 2748
3300 3 2 17 17 3808 3811 837 691
3301 3 2 17 17 691 837 838 692
3302 3 2 17 17 692 838 839 693
3303 3 2 17 17 693 839 840 694
3304 3 2 17 17 694 840 841 695
3305 3 2 17 17 695 841 842 696
3306 3 2 17 17 696 842 843 697
3307 3 2 17 17 697 843 844 698
3308 3 2 17 17 698 844 845 699
3309 3 2 17 17 699 845 846 700
3310 3 2 17 17 700 846 847 701
3311 3 2 17 17 701 847 848 702
3312 3 2 17 17 702 848 849 703
3313 3 2 17 17 703 849 850 704
3314 3 2 17 17 704 850 851 705
3315 3 2 17 17 705 851 852 706
3316 3 2 17 17 706 852 853 707
3317 3 2 17 17 707 853 854 708
3318 3 2 17 17 708 854 855 709
3319 3 2 17 17 709 855 856 710
3320 3 2 17 17 710 856 857 711
3321 3 2 17 17 711 857 858 712
3322 3 2 17 17 712 858 859 713
3323 3 2 17 17 713 859 860 714
3324 3 2 17 17 714 860 861 715
3325 3 2 17 17 715 861 862 716
3326 3 2 17 17 716 862 863 717
3327 3 2 17 17 717 863 864 718
3328 3 2 17 17 718 864 865 719
3329 3 2 17 17 719 865 866 720
3330 3 2 17 17 720 866 867 721
3331 3 2 17 17 721 867 868 722
3332 3 2 17 17 722 868 869 723
3333 3 2 17 17 723 869 870 724
3334 3 2 17 17 724 870 871 725
3335 3 2 17 17 725 871 872 726
3336 3 2 17 17 726 872 873 727
3337 3 2 17 17 727 873 874 728
3338 3 2 17 17 728 874 875 729
3339 3 2 17 17 729 875 876 730
3340 3 2 17 17 2481 2627 2628 2482
3341 3 2 17 17 2605 2751 2752 2606
3342 3 2 17 17 3062 3208 3209 3063
3343 3 2 17 17 2606 2752 2753 2607
3344 3 2 17 17 2607 2753 2754 2608
3345 3 2 17 17 2608 2754 2755 2609
3346 3 2 17 17 2609 2755 2756 2610
3347 3 2 17 17 2610 2756 2757 2611
3348 3 2 17 17 3063 3209 3210 3064
3349 3 2 17 17 2611 2757 2758 2612
3350 3 2 17 17 2612 2758 2759 2613
3351 3 2 17 17 2613 2759 2760 2614
3352 3 2 17 17 2614 2760 2761 2615
3353 3 2 17 17 2615 2761 2762 2616
3354 3 2 17 17 3064 3210 3211 3065
3355 3 2 17 17 2616 2762 2763 2617
3356 3 2 17 17 2617 2763 2764 2618
3357 3 2 17 17 2618 2764 2765 2619
3358 3 2 17 17 2619 2765 2766 2620
3359 3 2 17 17 2620 2766 2767 2621
3360 3 2 17 17 3065 3211 3212 3066
3361 3 2 17 17 2621 2767 2768 2622
3362 3 2 17 17 3809 3812 3027 2881
3363 3 2 17 17 2881 3027 3028 2882
3364 3 2 17 17 2622 2768 2769 2623
3365 3 2 17 17 2882 3028 3029 2883
3366 3 2 17 17 2883 3029 3030 2884
3367 3 2 17 17 2884 3030 3031 2885
3368 3 2 17 17 2885 3031 3032 2886
3369 3 2 17 17 2623 2769 2770 2624
3370 3 2 17 17 2886 3032 3033 2887
3371 3 2 17 17 2887 3033 3034 2888
3372 3 2 17 17 2888 3034 3035 2889
3373 3 2 17 17 2889 3035 3036 2890
3374 3 2 17 17 2624 2770 2771 2625
3375 3 2 17 17 2890 3036 3037 2891
3376 3 2 17 17 2891 3037 3038 2892
3377 3 2 17 17 2892 3038 3039 2893
3378 3 2 17 17 2893 3039 3040 2894
3379 3 2 17 17 2625 2771 2772 2626
3380 3 2 17 17 3811 3814 983 837
3381 3 2 17 17 837 983 984 838
3382 3 2 17 17 838 984 985 839
3383 3 2 17 17 839 985 986 840
3384 3 2 17 17 840 986 987 841
3385 3 2 17 17 841 987 988 842
3386 3 2 17 17 842 988 989 843
3387 3 2 17 17 843 989 990 844
3388 3 2 17 17 844 990 991 845
3389 3 2 17 17 845 991 992 846
3390 3 2 17 17 846 992 993 847
3391 3 2 17 17 847 993 994 848
3392 3 2 17 17 848 994 995 849
3393 3 2 17 17 849 995 996 850
3394 3 2 17 17 850 996 997 851
3395 3 2 17 17 851 997 998 852
3396 3 2 17 17 852 998 999 853
3397 3 2 17 17 853 999 1000 854
3398 3 2 17 17 854 1000 1001 855
3399 3 2 17 17 855 1001 1002 856
3400 3 2 17 17 856 1002 1003 857
3401 3 2 17 17 857 1003 1004 858
3402 3 2 17 17 858 1004 1005 859
3403 3 2 17 17 859 1005 1006 860
3404 3 2 17 17 860 1006 1007 861
3405 3 2 17 17 861 1007 1008 862
3406 3 2 17 17 862 1008 1009 863
3407 3 2 17 17 863 1009 1010 864
3408 3 2 17 17 864 1010 1011 865
3409 3 2 17 17 865 1011 1012 866
3410 3 2 17 17 866 1012 1013 867
3411 3 2 17 17 867 1013 1014 868
3412 3 2 17 17 868 1014 1015 869
3413 3 2 17 17 869 1015 1016 870
3414 3 2 17 17 870 1016 1017 871
3415 3 2 17 17 871 1017 1018 872
3416 3 2 17 17 872 1018 1019 873
3417 3 2 17 17 873 1019 1020 874
3418 3 2 17 17 874 1020 1021 875
3419 3 2 17 17 875 1021 1022 876
3420 3 2 17 17 3042 3188 3189 3043
3421 3 2 17 17 3043 3189 3190 3044
3422 3 2 17 17 3044 3190 3191 3045
3423 3 2 17 17 3478 3624 3625 3479
3424 3 2 17 17 3045 3191 3192 3046
3425 3 2 17 17 3046 3192 3193 3047
3426 3 2 17 17 3047 3193 3194 3048
3427 3 2 17 17 3048 3194 3195 3049
3428 3 2 17 17 3049 3195 3196 3050
3429 3 2 17 17 2335 2481 2482 2336
3430 3 2 17 17 3479 3625 3626 3480
3431 3 2 17 17 3050 3196 3197 3051
3432 3 2 17 17 3051 3197 3198 3052
3433 3 2 17 17 3052 3198 3199 3053
3434 3 2 17 17 3053 3199 3200 3054
3435 3 2 17 17 2332 2478 2479 2333
3436 3 2 17 17 3054 3200 3201 3055
3437 3 2 17 17 3055 3201 3202 3056
3438 3 2 17 17 3480 3626 3627 3481
3439 3 2 17 17 3056 3202 3203 3057
3440 3 2 17 17 3057 3203 3204 3058
3441 3 2 17 17 3058 3204 3205 3059
3442 3 2 17 17 2333 2479 2480 2334
3443 3 2 17 17 3059 3205 3206 3060
3444 3 2 17 17 3060 3206 3207 3061
3445 3 2 17 17 2188 2334 2335 2189
3446 3 2 17 17 3812 3815 3173 3027
3447 3 2 17 17 3027 3173 3174 3028
3448 3 2 17 17 3028 3174 3175 3029
3449 3 2 17 17 3029 3175 3176 3030
3450 3 2 17 17 3030 3176 3177 3031
3451 3 2 17 17 3031 3177 3178 3032
3452 3 2 17 17 3032 3178 3179 3033
3453 3 2 17 17 3033 3179 3180 3034
3454 3 2 17 17 3034 3180 3181 3035
3455 3 2 17 17 3035 3181 3182 3036
3456 3 2 17 17 3036 3182 3183 3037
3457 3 2 17 17 3037 3183 3184 3038
3458 3 2 17 17 3038 3184 3185 3039
3459 3 2 17 17 3039 3185 3186 3040
3460 3 2 17 17 3040 3186 3187 3041
3461 3 2 17 17 3041 3187 3188 3042
3462 3 2 17 17 2334 2480 2481 2335
3463 3 2 17 17 3814 3817 1129 983
3464 3 2 17 17 983 1129 1130 984
3465 3 2 17 17 984 1130 1131 985
3466 3 2 17 17 985 1131 1132 986
3467 3 2 17 17 986 1132 1133 987
3468 3 2 17 17 987 1133 1134 988
3469 3 2 17 17 988 1134 1135 989
3470 3 2 17 17 989 1135 1136 990
3471 3 2 17 17 990 1136 1137 991
3472 3 2 17 17 991 1137 1138 992
3473 3 2 17 17 992 1138 1139 993
3474 3 2 17 17 993 1139 1140 994
3475 3 2 17 17 994 1140 1141 995
3476 3 2 17 17 995 1141 1142 996
3477 3 2 17 17 996 1142 1143 997
3478 3 2 17 17 997 1143 1144 998
3479 3 2 17 17 998 1144 1145 999
3480 3 2 17 17 999 1145 1146 1000
3481 3 2 17 17 1000 1146 1147 1001
3482 3 2 17 17 1001 1147 1148 1002
3483 3 2 17 17 1002 1148 1149 1003
3484 3 2 17 17 1003 1149 1150 1004
3485 3 2 17 17 1004 1150 1151 1005
3486 3 2 17 17 1005 1151 1152 1006
3487 3 2 17 17 1006 1152 1153 1007
3488 3 2 17 17 1007 1153 1154 1008
3489 3 2 17 17 1008 1154 1155 1009
3490 3 2 17 17 1009 1155 1156 1010
3491 3 2 17 17 1010 1156 1157 1011
3492 3 2 17 17 1011 1157 1158 1012
3493 3 2 17 17 1012 1158 1159 1013
3494 3 2 17 17 1013 1159 1160 1014
3495 3 2 17 17 1014 1160 1161 1015
3496 3 2 17 17 1015 1161 1162 1016
3497 3 2 17 17 1016 1162 1163 1017
3498 3 2 17 17 1017 1163 1164 1018
3499 3 2 17 17 1018 1164 1165 1019
3500 3 2 17 17 1019 1165 1166 1020
3501 3 2 17 17 1020 1166 1167 1021
3502 3 2 17 17 1021 1167 1168 1022
3503 3 2 17 17 3481 3627 3628 3482
3504 3 2 17 17 3482 3628 3629 3483
3505 3 2 17 17 3483 3629 3630 3484
3506 3 2 17 17 3500 3646 3647 3501
3507 3 2 17 17 3484 3630 3631 3485
3508 3 2 17 17 3485 3631 3632 3486
3509 3 2 17 17 3486 3632 3633 3487
3510 3 2 17 17 3648 3794 3795 3649
3511 3 2 17 17 3487 3633 3634 3488
3512 3 2 17 17 3488 3634 3635 3489
3513 3 2 17 17 3489 3635 3636 3490
3514 3 2 17 17 3490 3636 3637 3491
3515 3 2 17 17 3491 3637 3638 3492
3516 3 2 17 17 3649 3795 3796 3650
3517 3 2 17 17 3492 3638 3639 3493
3518 3 2 17 17 3493 3639 3640 3494
3519 3 2 17 17 3494 3640 3641 3495
3520 3 2 17 17 3495 3641 3642 3496
3521 3 2 17 17 3496 3642 3643 3497
3522 3 2 17 17 3497 3643 3644 3498
3523 3 2 17 17 3498 3644 3645 3499
3524 3 2 17 17 3499 3645 3646 3500
3525 3 2 17 17 3815 3819 3319 3173
3526 3 2 17 17 3173 3319 3320 3174
3527 3 2 17 17 3174 3320 3321 3175
3528 3 2 17 17 3175 3321 3322 3176
3529 3 2 17 17 3176 3322 3323 3177
3530 3 2 17 17 3177 3323 3324 3178
3531 3 2 17 17 3178 3324 3325 3179
3532 3 2 17 17 3179 3325 3326 3180
3533 3 2 17 17 3180 3326 3327 3181
3534 3 2 17 17 3181 3327 3328 3182
3535 3 2 17 17 3182 3328 3329 3183
3536 3 2 17 17 3183 3329 3330 3184
3537 3 2 17 17 3184 3330 3331 3185
3538 3 2 17 17 3185 3331 3332 3186
3539 3 2 17 17 3186 3332 3333 3187
3540 3 2 17 17 3187 3333 3334 3188
3541 3 2 17 17 3188 3334 3335 3189
3542 3 2 17 17 3189 3335 3336 3190
3543 3 2 17 17 3817 3821 1275 1129
3544 3 2 17 17 1129 1275 1276 1130
3545 3 2 17 17 1130 1276 1277 1131
3546 3 2 17 17 1131 1277 1278 1132
3547 3 2 17 17 1132 1278 1279 1133
3548 3 2 17 17 1133 1279 1280 1134
3549 3 2 17 17 1134 1280 1281 1135
3550 3 2 17 17 1135 1281 1282 1136
3551 3 2 17 17 1136 1282 1283 1137
3552 3 2 17 17 1137 1283 1284 1138
3553 3 2 17 17 1138 1284 1285 1139
3554 3 2 17 17 1139 1285 1286 1140
3555 3 2 17 17 1140 1286 1287 1141
3556 3 2 17 17 1141 1287 1288 1142
3557 3 2 17 17 1142 1288 1289 1143
3558 3 2 17 17 1143 1289 1290 1144
3559 3 2 17 17 1144 1290 1291 1145
3560 3 2 17 17 1145 1291 1292 1146
3561 3 2 17 17 1146 1292 1293 1147
3562 3 2 17 17 1147 1293 1294 1148
3563 3 2 17 17 1148 1294 1295 1149
3564 3 2 17 17 1149 1295 1296 1150
3565 3 2 17 17 1150 1296 1297 1151
3566 3 2 17 17 1151 1297 1298 1152
3567 3 2 17 17 1152 1298 1299 1153
3568 3 2 17 17 1153 1299 1300 1154
3569 3 2 17 17 1154 1300 1301 1155
3570 3 2 17 17 1155 1301 1302 1156
3571 3 2 17 17 1156 1302 1303 1157
3572 3 2 17 17 1157 1303 1304 1158
3573 3 2 17 17 1158 1304 1305 1159
3574 3 2 17 17 1159 1305 1306 1160
3575 3 2 17 17 1160 1306 1307 1161
3576 3 2 17 17 1161 1307 1308 1162
3577 3 2 17 17 1162 1308 1309 1163
3578 3 2 17 17 1163 1309 1310 1164
3579 3 2 17 17 1164 1310 1311 1165
3580 3 2 17 17 1165 1311 1312 1166
3581 3 2 17 17 1166 1312 1313 1167
3582 3 2 17 17 1167 1313 1314 1168
3583 3 2 17 17 2916 3062 3063 2917
3584 3 2 17 17 2917 3063 3064 2918
3585 3 2 17 17 2918 3064 3065 2919
3586 3 2 17 17 3819 3797 3465 3319
3587 3 2 17 17 3319 3465 3466 3320
3588 3 2 17 17 3320 3466 3467 3321
3589 3 2 17 17 3321 3467 3468 3322
3590 3 2 17 17 3322 3468 3469 3323
3591 3 2 17 17 3323 3469 3470 3324
3592 3 2 17 17 2919 3065 3066 2920
3593 3 2 17 17 3324 3470 3471 3325
3594 3 2 17 17 3325 3471 3472 3326
3595 3 2 17 17 3326 3472 3473 3327
3596 3 2 17 17 3327 3473 3474 3328
3597 3 2 17 17 3328 3474 3475 3329
3598 3 2 17 17 3329 3475 3476 3330
3599 3 2 17 17 3330 3476 3477 3331
3600 3 2 17 17 3331 3477 3478 3332
3601 3 2 17 17 3332 3478 3479 3333
3602 3 2 17 17 3333 3479 3480 3334
3603 3 2 17 17 3334 3480 3481 3335
3604 3 2 17 17 3821 3799 1421 1275
3605 3 2 17 17 1275 1421 1422 1276
3606 3 2 17 17 1276 1422 1423 1277
3607 3 2 17 17 1277 1423 1424 1278
3608 3 2 17 17 1278 1424 1425 1279
3609 3 2 17 17 1279 1425 1426 1280
3610 3 2 17 17 1280 1426 1427 1281
3611 3 2 17 17 1281 1427 1428 1282
3612 3 2 17 17 1282 1428 1429 1283
3613 3 2 17 17 1283 1429 1430 1284
3614 3 2 17 17 1284 1430 1431 1285
3615 3 2 17 17 1285 1431 1432 1286
3616 3 2 17 17 1286 1432 1433 1287
3617 3 2 17 17 1287 1433 1434 1288
3618 3 2 17 17 1288 1434 1435 1289
3619 3 2 17 17 1289 1435 1436 1290
3620 3 2 17 17 1290 1436 1437 1291
3621 3 2 17 17 1291 1437 1438 1292
3622 3 2 17 17 1292 1438 1439 1293
3623 3 2 17 17 1293 1439 1440 1294
3624 3 2 17 17 1294 1440 1441 1295
3625 3 2 17 17 1295 1441 1442 1296
3626 3 2 17 17 1296 1442 1443 1297
3627 3 2 17 17 1297 1443 1444 1298
3628 3 2 17 17 1298 1444 1445 1299
3629 3 2 17 17 1299 1445 1446 1300
3630 3 2 17 17 1300 1446 1447 1301
3631 3 2 17 17 1301 1447 1448 1302
3632 3 2 17 17 1302 1448 1449 1303
3633 3 2 17 17 1303 1449 1450 1304
3634 3 2 17 17 1304 1450 1451 1305
3635 3 2 17 17 1305 1451 1452 1306
3636 3 2 17 17 1306 1452 1453 1307
3637 3 2 17 17 1307 1453 1454 1308
3638 3 2 17 17 1308 1454 1455 1309
3639 3 2 17 17 1309 1455 1456 1310
3640 3 2 17 17 1310 1456 1457 1311
3641 3 2 17 17 1311 1457 1458 1312
3642 3 2 17 17 1312 1458 1459 1313
3643 3 2 17 17 1313 1459 1460 1314
3644 3 2 17 17 2896 3042 3043 2897
3645 3 2 17 17 2314 2460 2461 2315
3646 3 2 17 17 2315 2461 2462 2316
3647 3 2 17 17 2316 2462 2463 2317
3648 3 2 17 17 2317 2463 2464 2318
3649 3 2 17 17 2318 2464 2465 2319
3650 3 2 17 17 2319 2465 2466 2320
3651 3 2 17 17 2320 2466 2467 2321
3652 3 2 17 17 2321 2467 2468 2322
3653 3 2 17 17 2322 2468 2469 2323
3654 3 2 17 17 2323 2469 2470 2324
3655 3 2 17 17 2324 2470 2471 2325
3656 3 2 17 17 2325 2471 2472 2326
3657 3 2 17 17 2326 2472 2473 2327
3658 3 2 17 17 2327 2473 2474 2328
3659 3 2 17 17 3797 3801 3611 3465
3660 3 2 17 17 2328 2474 2475 2329
3661 3 2 17 17 3465 3611 3612 3466
3662 3 2 17 17 2187 2333 2334 2188
3663 3 2 17 17 3466 3612 3613 3467
3664 3 2 17 17 3467 3613 3614 3468
3665 3 2 17 17 2329 2475 2476 2330
3666 3 2 17 17 3468 3614 3615 3469
3667 3 2 17 17 3469 3615 3616 3470
3668 3 2 17 17 3470 3616 3617 3471
3669 3 2 17 17 3471 3617 3618 3472
3670 3 2 17 17 2330 2476 2477 2331
3671 3 2 17 17 3335 3481 3482 3336
3672 3 2 17 17 3472 3618 3619 3473
3673 3 2 17 17 3473 3619 3620 3474
3674 3 2 17 17 3474 3620 3621 3475
3675 3 2 17 17 2331 2477 2478 2332
3676 3 2 17 17 3475 3621 3622 3476
3677 3 2 17 17 3799 3803 1567 1421
3678 3 2 17 17 1421 1567 1568 1422
3679 3 2 17 17 1422 1568 1569 1423
3680 3 2 17 17 1423 1569 1570 1424
3681 3 2 17 17 1424 1570 1571 1425
3682 3 2 17 17 1425 1571 1572 1426
3683 3 2 17 17 1426 1572 1573 1427
3684 3 2 17 17 1427 1573 1574 1428
3685 3 2 17 17 1428 1574 1575 1429
3686 3 2 17 17 1429 1575 1576 1430
3687 3 2 17 17 1430 1576 1577 1431
3688 3 2 17 17 1431 1577 1578 1432
3689 3 2 17 17 1432 1578 1579 1433
3690 3 2 17 17 1433 1579 1580 1434
3691 3 2 17 17 1434 1580 1581 1435
3692 3 2 17 17 1435 1581 1582 1436
3693 3 2 17 17 1436 1582 1583 1437
3694 3 2 17 17 1437 1583 1584 1438
3695 3 2 17 17 1438 1584 1585 1439
3696 3 2 17 17 1439 1585 1586 1440
3697 3 2 17 17 1440 1586 1587 1441
3698 3 2 17 17 1441 1587 1588 1442
3699 3 2 17 17 1442 1588 1589 1443
3700 3 2 17 17 1443 1589 1590 1444
3701 3 2 17 17 1444 1590 1591 1445
3702 3 2 17 17 1445 1591 1592 1446
3703 3 2 17 17 1446 1592 1593 1447
3704 3 2 17 17 1447 1593 1594 1448
3705 3 2 17 17 1448 1594 1595 1449
3706 3 2 17 17 1449 1595 1596 1450
3707 3 2 17 17 1450 1596 1597 1451
3708 3 2 17 17 1451 1597 1598 1452
3709 3 2 17 17 1452 1598 1599 1453
3710 3 2 17 17 1453 1599 1600 1454
3711 3 2 17 17 1454 1600 1601 1455
3712 3 2 17 17 1455 1601 1602 1456
3713 3 2 17 17 1456 1602 1603 1457
3714 3 2 17 17 1457 1603 1604 1458
3715 3 2 17 17 1458 1604 1605 1459
3716 3 2 17 17 1459 1605 1606 1460
3717 3 2 17 17 2189 2335 2336 2190
3718 3 2 17 17 2748 2894 2895 2749
3719 3 2 17 17 2749 2895 2896 2750
3720 3 2 17 17 2750 2896 2897 2751
3721 3 2 17 17 2751 2897 2898 2752
3722 3 2 17 17 3501 3647 3648 3502
3723 3 2 17 17 2752 2898 2899 2753
3724 3 2 17 17 2753 2899 2900 2754
3725 3 2 17 17 2754 2900 2901 2755
3726 3 2 17 17 2755 2901 2902 2756
3727 3 2 17 17 2756 2902 2903 2757
3728 3 2 17 17 3502 3648 3649 3503
3729 3 2 17 17 2757 2903 2904 2758
3730 3 2 17 17 3061 3207 3208 3062
3731 3 2 17 17 2758 2904 2905 2759
3732 3 2 17 17 2759 2905 2906 2760
3733 3 2 17 17 2760 2906 2907 2761
3734 3 2 17 17 2761 2907 2908 2762
3735 3 2 17 17 3503 3649 3650 3504
3736 3 2 17 17 2762 2908 2909 2763
3737 3 2 17 17 2763 2909 2910 2764
3738 3 2 17 17 2764 2910 2911 2765
3739 3 2 17 17 2765 2911 2912 2766
3740 3 2 17 17 2766 2912 2913 2767
3741 3 2 17 17 3801 3805 3757 3611
3742 3 2 17 17 2767 2913 2914 2768
3743 3 2 17 17 3611 3757 3758 3612
3744 3 2 17 17 3612 3758 3759 3613
3745 3 2 17 17 3613 3759 3760 3614
3746 3 2 17 17 3614 3760 3761 3615
3747 3 2 17 17 2768 2914 2915 2769
3748 3 2 17 17 3615 3761 3762 3616
3749 3 2 17 17 3616 3762 3763 3617
3750 3 2 17 17 3617 3763 3764 3618
3751 3 2 17 17 3618 3764 3765 3619
3752 3 2 17 17 2769 2915 2916 2770
3753 3 2 17 17 3619 3765 3766 3620
3754 3 2 17 17 3620 3766 3767 3621
3755 3 2 17 17 3621 3767 3768 3622
3756 3 2 17 17 3622 3768 3769 3623
3757 3 2 17 17 2770 2916 2917 2771
3758 3 2 17 17 3623 3769 3770 3624
3759 3 2 17 17 3803 3807 1713 1567
3760 3 2 17 17 1567 1713 1714 1568
3761 3 2 17 17 1568 1714 1715 1569
3762 3 2 17 17 1569 1715 1716 1570
3763 3 2 17 17 1570 1716 1717 1571
3764 3 2 17 17 1571 1717 1718 1572
3765 3 2 17 17 1572 1718 1719 1573
3766 3 2 17 17 1573 1719 1720 1574
3767 3 2 17 17 1574 1720 1721 1575
3768 3 2 17 17 1575 1721 1722 1576
3769 3 2 17 17 1576 1722 1723 1577
3770 3 2 17 17 1577 1723 1724 1578
3771 3 2 17 17 1578 1724 1725 1579
3772 3 2 17 17 1579 1725 1726 1580
3773 3 2 17 17 1580 1726 1727 1581
3774 3 2 17 17 1581 1727 1728 1582
3775 3 2 17 17 1582 1728 1729 1583
3776 3 2 17 17 1583 1729 1730 1584
3777 3 2 17 17 1584 1730 1731 1585
3778 3 2 17 17 1585 1731 1732 1586
3779 3 2 17 17 1586 1732 1733 1587
3780 3 2 17 17 1587 1733 1734 1588
3781 3 2 17 17 1588 1734 1735 1589
3782 3 2 17 17 1589 1735 1736 1590
3783 3 2 17 17 1590 1736 1737 1591
3784 3 2 17 17 1591 1737 1738 1592
3785 3 2 17 17 1592 1738 1739 1593
3786 3 2 17 17 1593 1739 1740 1594
3787 3 2 17 17 1594 1740 1741 1595
3788 3 2 17 17 1595 1741 1742 1596
3789 3 2 17 17 1596 1742 1743 1597
3790 3 2 17 17 1597 1743 1744 1598
3791 3 2 17 17 1598 1744 1745 1599
3792 3 2 17 17 1599 1745 1746 1600
3793 3 2 17 17 1600 1746 1747 1601
3794 3 2 17 17 1601 1747 1748 1602
3795 3 2 17 17 1602 1748 1749 1603
3796 3 2 17 17 1603 1749 1750 1604
3797 3 2 17 17 1604 1750 1751 1605
3798 3 2 17 17 1605 1751 1752 1606
3799 3 2 17 17 3190 3336 3337 3191
3800 3 2 17 17 3191 3337 3338 3192
3801 3 2 17 17 3192 3338 3339 3193
3802 3 2 17 17 3193 3339 3340 3194
3803 3 2 17 17 3194 3340 3341 3195
3804 3 2 17 17 3195 3341 3342 3196
3805 3 2 17 17 3196 3342 3343 3197
3806 3 2 17 17 3197 3343 3344 3198
3807 3 2 17 17 3198 3344 3345 3199
3808 3 2 17 17 3199 3345 3346 3200
3809 3 2 17 17 2771 2917 2918 2772
3810 3 2 17 17 3200 3346 3347 3201
3811 3 2 17 17 3201 3347 3348 3202
3812 3 2 17 17 3202 3348 3349 3203
3813 3 2 17 17 3203 3349 3350 3204
3814 3 2 17 17 3204 3350 3351 3205
3815 3 2 17 17 2772 2918 2919 2773
3816 3 2 17 17 3205 3351 3352 3206
3817 3 2 17 17 3206 3352 3353 3207
3818 3 2 17 17 3207 3353 3354 3208
3819 3 2 17 17 3208 3354 3355 3209
3820 3 2 17 17 3209 3355 3356 3210
3821 3 2 17 17 3807 3810 1859 1713
3822 3 2 17 17 1713 1859 1860 1714
3823 3 2 17 17 1714 1860 1861 1715
3824 3 2 17 17 1715 1861 1862 1716
3825 3 2 17 17 1716 1862 1863 1717
3826 3 2 17 17 1717 1863 1864 1718
3827 3 2 17 17 1718 1864 1865 1719
3828 3 2 17 17 1719 1865 1866 1720
3829 3 2 17 17 1720 1866 1867 1721
3830 3 2 17 17 1721 1867 1868 1722
3831 3 2 17 17 1722 1868 1869 1723
3832 3 2 17 17 1723 1869 1870 1724
3833 3 2 17 17 1724 1870 1871 1725
3834 3 2 17 17 1725 1871 1872 1726
3835 3 2 17 17 1726 1872 1873 1727
3836 3 2 17 17 1727 1873 1874 1728
3837 3 2 17 17 1728 1874 1875 1729
3838 3 2 17 17 1729 1875 1876 1730
3839 3 2 17 17 1730 1876 1877 1731
3840 3 2 17 17 1731 1877 1878 1732
3841 3 2 17 17 1732 1878 1879 1733
3842 3 2 17 17 1733 1879 1880 1734
3843 3 2 17 17 1734 1880 1881 1735
3844 3 2 17 17 1735 1881 1882 1736
3845 3 2 17 17 1736 1882 1883 1737
3846 3 2 17 17 1737 1883 1884 1738
3847 3 2 17 17 1738 1884 1885 1739
3848 3 2 17 17 1739 1885 1886 1740
3849 3 2 17 17 1740 1886 1887 1741
3850 3 2 17 17 1741 1887 1888 1742
3851 3 2 17 17 1742 1888 1889 1743
3852 3 2 17 17 1743 1889 1890 1744
3853 3 2 17 17 1744 1890 1891 1745
3854 3 2 17 17 1745 1891 1892 1746
3855 3 2 17 17 1746 1892 1893 1747
3856 3 2 17 17 1747 1893 1894 1748
3857 3 2 17 17 1748 1894 1895 1749
3858 3 2 17 17 1749 1895 1896 1750
3859 3 2 17 17 1750 1896 1897 1751
3860 3 2 17 17 1751 1897 1898 1752
3861 3 2 17 17 3626 3772 3773 3627
3862 3 2 17 17 3627 3773 3774 3628
3863 3 2 17 17 3628 3774 3775 3629
3864 3 2 17 17 3629 3775 3776 3630
3865 3 2 17 17 3630 3776 3777 3631
3866 3 2 17 17 3631 3777 3778 3632
3867 3 2 17 17 3632 3778 3779 3633
3868 3 2 17 17 3633 3779 3780 3634
3869 3 2 17 17 3634 3780 3781 3635
3870 3 2 17 17 3635 3781 3782 3636
3871 3 2 17 17 3636 3782 3783 3637
3872 3 2 17 17 3637 3783 3784 3638
3873 3 2 17 17 3638 3784 3785 3639
3874 3 2 17 17 3639 3785 3786 3640
3875 3 2 17 17 3640 3786 3787 3641
3876 3 2 17 17 3641 3787 3788 3642
3877 3 2 17 17 3642 3788 3789 3643
3878 3 2 17 17 3643 3789 3790 3644
3879 3 2 17 17 3644 3790 3791 3645
3880 3 2 17 17 3645 3791 3792 3646
3881 3 2 17 17 3646 3792 3793 3647
3882 3 2 17 17 3647 3793 3794 3648
3883 3 2 17 17 3810 3813 2005 1859
3884 3 2 17 17 1859 2005 2006 1860
3885 3 2 17 17 1860 2006 2007 1861
3886 3 2 17 17 1861 2007 2008 1862
3887 3 2 17 17 1862 2008 2009 1863
3888 3 2 17 17 1863 2009 2010 1864
3889 3 2 17 17 1864 2010 2011 1865
3890 3 2 17 17 1865 2011 2012 1866
3891 3 2 17 17 1866 2012 2013 1867
3892 3 2 17 17 1867 2013 2014 1868
3893 3 2 17 17 1868 2014 2015 1869
3894 3 2 17 17 1869 2015 2016 1870
3895 3 2 17 17 1870 2016 2017 1871
3896 3 2 17 17 1871 2017 2018 1872
3897 3 2 17 17 1872 2018 2019 1873
3898 3 2 17 17 1873 2019 2020 1874
3899 3 2 17 17 1874 2020 2021 1875
3900 3 2 17 17 1875 2021 2022 1876
3901 3 2 17 17 1876 2022 2023 1877
3902 3 2 17 17 1877 2023 2024 1878
3903 3 2 17 17 1878 2024 2025 1879
3904 3 2 17 17 1879 2025 2026 1880
3905 3 2 17 17 1880 2026 2027 1881
3906 3 2 17 17 1881 2027 2028 1882
3907 3 2 17 17 1882 2028 2029 1883
3908 3 2 17 17 1883 2029 2030 1884
3909 3 2 17 17 1884 2030 2031 1885
3910 3 2 17 17 1885 2031 2032 1886
3911 3 2 17 17 1886 2032 2033 1887
3912 3 2 17 17 1887 2033 2034 1888
3913 3 2 17 17 1888 2034 2035 1889
3914 3 2 17 17 1889 2035 2036 1890
3915 3 2 17 17 1890 2036 2037 1891
3916 3 2 17 17 1891 2037 2038 1892
3917 3 2 17 17 1892 2038 2039 1893
3918 3 2 17 17 1893 2039 2040 1894
3919 3 2 17 17 1894 2040 2041 1895
3920 3 2 17 17 1895 2041 2042 1896
3921 3 2 17 17 1896 2042 2043 1897
3922 3 2 17 17 1897 2043 2044 1898
3923 3 2 17 17 3355 3501 3502 3356
3924 3 2 17 17 3356 3502 3503 3357
3925 3 2 17 17 3357 3503 3504 3358
3926 3 2 17 17 3813 3816 2151 2005
3927 3 2 17 17 2005 2151 2152 2006
3928 3 2 17 17 2006 2152 2153 2007
3929 3 2 17 17 2007 2153 2154 2008
3930 3 2 17 17 2008 2154 2155 2009
3931 3 2 17 17 2009 2155 2156 2010
3932 3 2 17 17 2010 2156 2157 2011
3933 3 2 17 17 2011 2157 2158 2012
3934 3 2 17 17 2012 2158 2159 2013
3935 3 2 17 17 2013 2159 2160 2014
3936 3 2 17 17 2014 2160 2161 2015
3937 3 2 17 17 2015 2161 2162 2016
3938 3 2 17 17 2016 2162 2163 2017
3939 3 2 17 17 2017 2163 2164 2018
3940 3 2 17 17 2018 2164 2165 2019
3941 3 2 17 17 2019 2165 2166 2020
3942 3 2 17 17 2020 2166 2167 2021
3943 3 2 17 17 2021 2167 2168 2022
3944 3 2 17 17 2022 2168 2169 2023
3945 3 2 17 17 2023 2169 2170 2024
3946 3 2 17 17 2024 2170 2171 2025
3947 3 2 17 17 2025 2171 2172 2026
3948 3 2 17 17 2026 2172 2173 2027
3949 3 2 17 17 2027 2173 2174 2028
3950 3 2 17 17 2028 2174 2175 2029
3951 3 2 17 17 2029 2175 2176 2030
3952 3 2 17 17 2030 2176 2177 2031
3953 3 2 17 17 2031 2177 2178 2032
3954 3 2 17 17 2032 2178 2179 2033
3955 3 2 17 17 2033 2179 2180 2034
3956 3 2 17 17 2034 2180 2181 2035
3957 3 2 17 17 2035 2181 2182 2036
3958 3 2 17 17 2036 2182 2183 2037
3959 3 2 17 17 2037 2183 2184 2038
3960 3 2 17 17 2038 2184 2185 2039
3961 3 2 17 17 2039 2185 2186 2040
3962 3 2 17 17 2040 2186 2187 2041
3963 3 2 17 17 2041 2187 2188 2042
3964 3 2 17 17 2042 2188 2189 2043
3965 3 2 17 17 2043 2189 2190 2044
3966 1 2 18 18 106 252
3967 1 2 18 18 252 398
3968 1 2 18 18 398 544
3969 1 2 18 18 544 690
3970 1 2 18 18 690 836
3971 1 2 18 18 836 982
3972 1 2 18 18 982 1128
3973 1 2 18 18 1128 1274
3974 1 2 18 18 1274 1420
3975 1 2 18 18 1420 1566
3976 1 2 18 18 1566 1712
3977 1 2 18 18 1712 1858
3978 1 2 18 18 1858 2004
3979 1 2 18 18 2004 2150
3980 1 2 18 18 2150 2296
3981 1 2 18 18 2296 2442
3982 1 2 18 18 2442 2588
3983 1 2 18 18 2588 2734
3984 1 2 18 18 2734 2880
3985 1 2 18 18 2880 3026
3986 1 2 18 18 3026 3172
3987 1 2 18 18 3172 3318
3988 1 2 18 18 3318 3464
3989 1 2 18 18 3464 3610
3990 1 2 18 18 3610 3756
3991 1 2 19 19 3818 3822
3992 1 2 19 19 3822 3800
3993 1 2 19 19 3800 3804
3994 1 2 19 19 3804 3808
3995 1 2 19 19 3808 3811
3996 1 2 19 19 3811 3814
3997 1 2 19 19 3814 3817
3998 1 2 19 19 3817 3821
3999 1 2 19 19 3821 3799
4000 1 2 19 19 3799 3803
4001 1 2 19 19 3803 3807
4002 1 2 19 19 3807 3810
4003 1 2 19 19 3810 3813
4004 1 2 19 19 3813 3816
4005 1 2 19 19 3816 3820
4006 1 2 19 19 3820 3798
4007 1 2 19 19 3798 3802
4008 1 2 19 19 3802 3806
4009 1 2 19 19 3806 3809
4010 1 2 19 19 3809 3812
4011 1 2 19 19 3812 3815
4012 1 2 19 19 3815 3819
4013 1 2 19 19 3819 3797
4014 1 2 19 19 3797 3801
4015 1 2 19 19 3801 3805
$EndElements
